QCR9,8,variant,AACAATAGCAAGCGGACGATACGGACTAAAATGGTATGTTAAAGTGTGTGTGTGCTGCTTCACATTTCAGGCTAAAAATGTTATCCGTGGAATCTTCCTTAGCCAAGTATCATGGGCTTTGGAAATTAGTTTCCCACCGATGAGCGCAACGACTTAGCGAAGCTTATGAAATTGGTGACAGCAGCTCTATGAATATGTTCCATGCGTTTCCATTCAGGTTACTAACAATGCATAAATTATGAGTAGTCTTTTTCATCACTATATAAAACCTTTTTCAAACGAAACGCTGTTTT,20
CATCCCCGATTG,181,0,0
CTTAAGTCATTG,1,0,0
CCTGTATCCCGC,51,0,0
TCATTCAGTTTC,95,0,0
GCCTTGGTACCC,7,0,0
TTCGAACGTGTC,154,0,3
CCATAACGAGAG,64,0,0
TCCAGTTCTCCG,87,0,0
TCTTTGTTATCA,128,0,1
GTCCAGGGACCT,15,0,0
GCTCGCCTCACT,124,0,2
GGCTGAACATAC,1,0,0
GGGGTTGGTATG,169,0,2
GCGGCGATAGCT,66,0,0
ATGTCGGGTCCG,106,0,0
GGGCAGGTAACC,35,0,0
GCGGCCTCGGAG,1,0,0
CGACAGGAGCAG,80,0,0
GTTATTTATGTG,123,0,1
GCGGGACGGCAC,91,0,1
QCR9,8,variant,AACAATAGCAAGCGGACGATACGGACTAAAATGGTATGTTAATGTGTGTGTGTGCTGCTTCACATTTCAGGCTAAAAATGTTATCCGTGGAATCTTCCTTAGCCAAGTATCATGGGCTTTGGAAATTAGTTTCCCACCGATGAGCGCAACGACTTAGCGAAGCTTATGAAATTGGTGACAGCAGCTCTATGAATATGTTCCATGCGTTTCCATTCAGGTTACTAACAATGCATAAATTATGAGTAGTCTTTTTCATCACTATATAAAACCTTTTTCAAACGAAACGCTGTTTT,47
GAATAAGGCGAG,96,0,1
CGTATGGCTCTT,36,0,0
ATGGGTCCTCGT,8,0,0
AAGTTGCTTTGT,121,0,2
TTGTGGCGTCAC,21,5,0
AGGATACAGACG,162,0,3
TACACACGGAAA,0,4,0
AGTTCGCACAAT,148,1,0
AGATTGTATCTA,91,0,0
CAGTTATTAGTT,73,0,0
CGGGTGTTCGGG,108,1,1
GTTGGGGCGCCT,0,1,0
AGGGTGCGATGG,8,0,0
TTTCTTCTAGTT,35,0,0
GGCTCTCCTGGA,14,0,0
TTGACGCGAGGC,152,45,0
GAGTGCTTTAAT,66,0,0
TATTTGATTCGA,24,0,0
AAGTGTTAACAT,4,0,0
CGTGCAATTTTT,243,0,2
TCACGTCTAATT,17,0,0
TTAACTTTGGCC,11,0,0
GGTCAGGTGGCA,54,0,1
CGCCTCTGATAG,2,0,0
TTAAATCTAAGG,121,0,0
CATTCCCAACAA,78,0,1
ATTGTAACTGTA,0,1,0
GTGTATGACGAA,148,0,0
AAGATCAAGAAT,35,0,0
GTTTTTAAAGCC,78,0,0
CATAGCGTCTTT,0,1,0
CTGTAAGATGTT,3,0,0
CGGTGTTAACGT,0,1,0
TGCATATGCAAG,12,0,0
AGTACTCTGGTT,100,0,2
CAGTGGAGGGGG,74,0,0
GTGTTTAGTGAT,2,0,0
CATTATTATTTT,79,0,1
CAGGTACAGCGT,0,3,0
TAACCTCTCGTG,1,0,0
GTCTTACCTACC,1,0,0
GCTGACAAAGAC,117,0,0
TTGTCTAACCCT,42,0,1
CAGCTCCGGGGG,100,0,0
AACCGTTGGAGC,15,0,0
TGGTACTGTTAA,0,1,0
AATTGGAAGTTT,146,0,1
QCR9,8,variant,AACAATAGCAAGCGGACGATACGGACTAAAATGGTATGTAAAAGTGTGTGTGTGCTGCTTCACATTTCAGGCTAAAAATGTTATCCGTGGAATCTTCCTTAGCCAAGTATCATGGGCTTTGGAAATTAGTTTCCCACCGATGAGCGCAACGACTTAGCGAAGCTTATGAAATTGGTGACAGCAGCTCTATGAATATGTTCCATGCGTTTCCATTCAGGTTACTAACAATGCATAAATTATGAGTAGTCTTTTTCATCACTATATAAAACCTTTTTCAAACGAAACGCTGTTTT,14
CTGTTAGGAGGC,8,0,0
GTGTGAGGAGCT,111,0,0
GTATTACAGTTC,144,0,0
GAGAATATACGA,35,0,0
ACCATGCAATAG,140,0,0
CGGTAGAGGGAG,2,1,0
CGGTTGCCGGCT,52,0,0
ATACTGTGAGGT,4,0,0
ATAAGCTTAGGA,96,0,0
CATAATTTATGT,65,0,1
ACTTTAATGGTG,63,0,0
GCCGATGTGTCC,135,0,1
ACCGCGTATTTG,169,0,3
ATACTCCGGTTA,2,0,0
QCR9,8,variant,AACAATAGCAAGCGGACGATACGGACTAAAATGGTATGTAATAGTGTGTGTGTGCTGCTTCACATTTCAGGCTAAAAATGTTATCCGTGGAATCTTCCTTAGCCAAGTATCATGGGCTTTGGAAATTAGTTTCCCACCGATGAGCGCAACGACTTAGCGAAGCTTATGAAATTGGTGACAGCAGCTCTATGAATATGTTCCATGCGTTTCCATTCAGGTTACTAACAATGCATAAATTATGAGTAGTCTTTTTCATCACTATATAAAACCTTTTTCAAACGAAACGCTGTTTT,5
CGGCTGCATGTT,136,0,3
TGGCTGTTGTAA,86,0,0
GGGGACGGCTAT,0,1,0
GTACTGTCTTTG,5,0,0
TAGTCATTGACC,142,0,1
QCR9,8,compens,AACAATAGCAAGCGGACGATACGGACTAAAATGGTATGTTAAAGTGTGTGTGTGCTGCTTCACATTTCAGGCTAAAAATGTTATCCGTGGAATCTTCCTTAGCCAAGTATCATGGGCTTTGGAAATTAGTTTCCCACCGATGAGCGCAACGACTTAGCGAAGCTTATGAAATTGGTGACAGCAGCTCTATGAATATGTTCCATGCGTTTCCATTCAGGTTACTAACAATGCATAATTTATGAGTAGTCTTTTTCATCACTATATAAAACCTTTTTCAAACGAAACGCTGTTTT,13
ATGGGAAACTCG,70,1,0
ATTTGGTCATGA,133,0,2
AAGGGATTTATT,13,0,0
ATACCACAGCAT,4,0,0
GTTATTGGAGAC,2,1,0
AGTTGAGACATC,111,0,0
GTTAGCCTTTCA,2,0,0
GTACATTAGTAC,68,0,0
TGCCGAGTCAGA,15,0,0
GTAGCGCATTAT,55,0,0
GGATTCAATGTA,77,0,1
TTGCACGTCTGC,63,0,0
ATTTATCGAGTG,91,0,1
QCR9,8,compens,AACAATAGCAAGCGGACGATACGGACTAAAATGGTATGTTAATGTGTGTGTGTGCTGCTTCACATTTCAGGCTAAAAATGTTATCCGTGGAATCTTCCTTAGCCAAGTATCATGGGCTTTGGAAATTAGTTTCCCACCGATGAGCGCAACGACTTAGCGAAGCTTATGAAATTGGTGACAGCAGCTCTATGAATATGTTCCATGCGTTTCCATTCAGGTTACTAACAATGCATAAATTATGAGTAGTCTTTTTCATCACTATATAAAACCTTTTTCAAACGAAACGCTGTTTT,47
GAATAAGGCGAG,96,0,1
CGTATGGCTCTT,36,0,0
ATGGGTCCTCGT,8,0,0
AAGTTGCTTTGT,121,0,2
TTGTGGCGTCAC,21,5,0
AGGATACAGACG,162,0,3
TACACACGGAAA,0,4,0
AGTTCGCACAAT,148,1,0
AGATTGTATCTA,91,0,0
CAGTTATTAGTT,73,0,0
CGGGTGTTCGGG,108,1,1
GTTGGGGCGCCT,0,1,0
AGGGTGCGATGG,8,0,0
TTTCTTCTAGTT,35,0,0
GGCTCTCCTGGA,14,0,0
TTGACGCGAGGC,152,45,0
GAGTGCTTTAAT,66,0,0
TATTTGATTCGA,24,0,0
AAGTGTTAACAT,4,0,0
CGTGCAATTTTT,243,0,2
TCACGTCTAATT,17,0,0
TTAACTTTGGCC,11,0,0
GGTCAGGTGGCA,54,0,1
CGCCTCTGATAG,2,0,0
TTAAATCTAAGG,121,0,0
CATTCCCAACAA,78,0,1
ATTGTAACTGTA,0,1,0
GTGTATGACGAA,148,0,0
AAGATCAAGAAT,35,0,0
GTTTTTAAAGCC,78,0,0
CATAGCGTCTTT,0,1,0
CTGTAAGATGTT,3,0,0
CGGTGTTAACGT,0,1,0
TGCATATGCAAG,12,0,0
AGTACTCTGGTT,100,0,2
CAGTGGAGGGGG,74,0,0
GTGTTTAGTGAT,2,0,0
CATTATTATTTT,79,0,1
CAGGTACAGCGT,0,3,0
TAACCTCTCGTG,1,0,0
GTCTTACCTACC,1,0,0
GCTGACAAAGAC,117,0,0
TTGTCTAACCCT,42,0,1
CAGCTCCGGGGG,100,0,0
AACCGTTGGAGC,15,0,0
TGGTACTGTTAA,0,1,0
AATTGGAAGTTT,146,0,1
QCR9,8,compens,AACAATAGCAAGCGGACGATACGGACTAAAATGGTATGTAAAAGTGTGTGTGTGCTGCTTCACATTTCAGGCTAAAAATGTTATCCGTGGAATCTTCCTTAGCCAAGTATCATGGGCTTTGGAAATTAGTTTCCCACCGATGAGCGCAACGACTTAGCGAAGCTTATGAAATTGGTGACAGCAGCTCTATGAATATGTTCCATGCGTTTCCATTCAGGTTACTAACAATGCATAATTTTTGAGTAGTCTTTTTCATCACTATATAAAACCTTTTTCAAACGAAACGCTGTTTT,19
AAAATGCCCCAT,121,0,2
TTAAGGTCGAAG,168,0,1
GCGCAACGGTCT,109,0,0
TCGGGGCTCGGT,201,0,0
GGAGGGGGGCTT,7,0,0
CTCCGGCGGGGT,116,0,0
ATCACGACCAAG,69,0,0
GGGAGATACTGT,40,0,0
CTTTCACTTGGT,1,0,0
ATATTTGAAGAC,128,0,0
ATGTGTTAAAAT,714,0,5
TTTTTGTTGTAG,1,0,0
AGGAGCGGGAGG,11,0,0
TCCTTCGCCAGT,111,0,0
CCACGTAATTTG,4,0,0
AGCCTCTTCAAG,26,0,0
TCATTTCCCAGG,128,0,0
GCGAAGTTGGAC,62,0,0
TTAGACTTACTC,1,0,0
QCR9,8,compens,AACAATAGCAAGCGGACGATACGGACTAAAATGGTATGTAATAGTGTGTGTGTGCTGCTTCACATTTCAGGCTAAAAATGTTATCCGTGGAATCTTCCTTAGCCAAGTATCATGGGCTTTGGAAATTAGTTTCCCACCGATGAGCGCAACGACTTAGCGAAGCTTATGAAATTGGTGACAGCAGCTCTATGAATATGTTCCATGCGTTTCCATTCAGGTTACTAACAATGCATAATATTTGAGTAGTCTTTTTCATCACTATATAAAACCTTTTTCAAACGAAACGCTGTTTT,14
TCTTTTTGCAAT,14,0,0
TACACCTTCTTT,1,0,0
TAGGTATGGAAC,2,0,0
TGACCTCTATTT,159,0,2
TCTGTTTGGGCC,114,0,1
GATGTAGTTATA,77,0,0
GGTTGTCCGAGG,3,0,0
ATGGAGGGGGAG,128,0,3
TGTGTCGGTTAT,175,0,0
CATTACCTAGAT,84,0,2
TGGGGGTGTAGG,132,0,1
TACTGGCAGGCC,83,0,0
TTGGGGACTGTA,5,0,0
TGTCCGGGAGAA,9,0,0
QCR9,199,variant,AACAATAGCAAGCGGACGATACGGACTAAAATGGTATGTTGGTGTGTAATTGTGCTGCTTCACATTTCAGGCTAAAAATGTTATCCGTGGAATCTTCCTTAGCCAAGTATCATGGGCTTTGGAAATTAGTTTCCCACCGATGAGCGCAACGACTTAGCGAAGCTTATGAAATTGGTGACAGCAGCTCTATGAATATGTTCCATGCGTTTCCATTCAGGTTACTAACAATGCATAAATTATGAGTAGTCTTTTTCATCACTATATAAAACCTTTTTCAAACGAAACGCTGTTTT,5
CAACCATTGCAT,10,0,0
GCCGATTTCGTT,44,0,0
AAATTAAGAATT,122,0,2
TTTCCTGGACGA,3,0,0
GTTAGGGGGGCT,39,0,0
QCR9,199,variant,AACAATAGCAAGCGGACGATACGGACTAAAATGGTATGTTGGTGTAATTTTGTGCTGCTTCACATTTCAGGCTAAAAATGTTATCCGTGGAATCTTCCTTAGCCAAGTATCATGGGCTTTGGAAATTAGTTTCCCACCGATGAGCGCAACGACTTAGCGAAGCTTATGAAATTGGTGACAGCAGCTCTATGAATATGTTCCATGCGTTTCCATTCAGGTTACTAACAATGCATAAATTATGAGTAGTCTTTTTCATCACTATATAAAACCTTTTTCAAACGAAACGCTGTTTT,10
GCCAACCCAGGA,1,0,0
CTGATGTCGGGG,125,0,1
CCGAGCTGTCAC,1,0,1
AGAGTCATGGCT,126,0,1
TAATATTCCGGA,46,0,1
TCAAGGTTACGG,87,0,0
CTCAGTGGTGGG,90,0,0
CCCGTCATGGTG,164,0,1
TGGCTTTAGTGA,1,0,0
GCGAAGTAATGT,75,0,0
QCR9,199,variant,AACAATAGCAAGCGGACGATACGGACTAAAATGGTATGTTGGTGTATATAAGTGCTGCTTCACATTTCAGGCTAAAAATGTTATCCGTGGAATCTTCCTTAGCCAAGTATCATGGGCTTTGGAAATTAGTTTCCCACCGATGAGCGCAACGACTTAGCGAAGCTTATGAAATTGGTGACAGCAGCTCTATGAATATGTTCCATGCGTTTCCATTCAGGTTACTAACAATGCATAAATTATGAGTAGTCTTTTTCATCACTATATAAAACCTTTTTCAAACGAAACGCTGTTTT,3
CTCGCGTTCTGT,211,0,0
ACCCAGAGGCAG,64,0,0
TGATGGTGACGT,24,0,0
QCR9,199,variant,AACAATAGCAAGCGGACGATACGGACTAAAATGGTATGTTGGTGAATTCTTGTGCTGCTTCACATTTCAGGCTAAAAATGTTATCCGTGGAATCTTCCTTAGCCAAGTATCATGGGCTTTGGAAATTAGTTTCCCACCGATGAGCGCAACGACTTAGCGAAGCTTATGAAATTGGTGACAGCAGCTCTATGAATATGTTCCATGCGTTTCCATTCAGGTTACTAACAATGCATAAATTATGAGTAGTCTTTTTCATCACTATATAAAACCTTTTTCAAACGAAACGCTGTTTT,12
TCTCCATTATAA,256,0,1
AGCCTGGGCCTT,55,0,0
TAAAACAGGGGA,98,0,0
CGTTTTAAGAGG,1,0,0
TTGCCCCTCGGT,69,0,0
TACCAGGTTTAT,4,0,0
CGGCGGAGCTGC,131,0,2
TGAAGGTACATT,80,0,3
AATCGAGCAGTC,1,0,0
AGCGTGGCGGGC,180,0,2
TGGAGGGCATTG,23,0,0
GGTTAGACGAAT,1,0,0
QCR9,199,compens,AACAATAGCAAGCGGACGATACGGACTAAAATGGTATGTTGGTGTGTAATTGTGCTGCTTCACATTTCAGGCTAAAAATGTTATCCGTGGAATCTTCCTTAGCCAAGTATCATGGGCTTTGGAAATTAGTTTCCCACCGATGAGCGCAACGACTTAGCGAAGCTTATGAAATTGGTGACAGCAGCTCTATGAATATGTTCCATGCGTTTCCATTCAGGTTACTAACAAATTACAAATTATGAGTAGTCTTTTTCATCACTATATAAAACCTTTTTCAAACGAAACGCTGTTTT,9
ATCAAACTTTCG,430,0,1
TGCCGGATGTTT,1,0,0
GTACGATTGGCG,129,0,1
TACGCACGGTCA,285,0,3
GGTTTCTGTCGC,149,0,1
CAGGACGCAAGG,101,0,0
TGTTTGACAGTG,6,0,0
AGTGCAGCCGGG,1,0,0
ACCCAAGAGGTG,149,0,0
QCR9,199,compens,AACAATAGCAAGCGGACGATACGGACTAAAATGGTATGTTGGTGTAATTTTGTGCTGCTTCACATTTCAGGCTAAAAATGTTATCCGTGGAATCTTCCTTAGCCAAGTATCATGGGCTTTGGAAATTAGTTTCCCACCGATGAGCGCAACGACTTAGCGAAGCTTATGAAATTGGTGACAGCAGCTCTATGAATATGTTCCATGCGTTTCCATTCAGGTTACTAACAAAAATTAAATTATGAGTAGTCTTTTTCATCACTATATAAAACCTTTTTCAAACGAAACGCTGTTTT,14
ATCAGTGGGTAC,153,0,0
AAGCCTTTTAGG,166,0,0
GAGCGAATCATT,256,0,4
GCATCCTGGTGT,171,0,0
ATCAGTCGGTGG,9,0,0
GAGTGGATGATT,238,0,2
GCTACTTTAGCG,167,0,1
GTCGCGGTTTGT,20,0,1
GACGCAGGATCT,19,0,0
TGTATTTTCCTG,12,0,1
ATAGGAATTTTC,6,0,0
CGAGCGTTAATC,2,0,0
CCGAGAGAGGGA,3,0,0
AGGAGTAGAAGA,9,0,0
QCR9,199,compens,AACAATAGCAAGCGGACGATACGGACTAAAATGGTATGTTGGTGTATATAAGTGCTGCTTCACATTTCAGGCTAAAAATGTTATCCGTGGAATCTTCCTTAGCCAAGTATCATGGGCTTTGGAAATTAGTTTCCCACCGATGAGCGCAACGACTTAGCGAAGCTTATGAAATTGGTGACAGCAGCTCTATGAATATGTTCCATGCGTTTCCATTCAGGTTACTAACATTATATAAATTATGAGTAGTCTTTTTCATCACTATATAAAACCTTTTTCAAACGAAACGCTGTTTT,9
GTCCTCAGGTGC,2,0,0
GCATTGTGAGAA,1,0,0
GACTGTTCTCGG,45,0,1
CGGTAAATGTAC,328,0,1
AGTATATGAAAA,1,0,0
TTTTTAAGTTTC,114,0,0
TTTAGGTCGGTC,2,0,0
GGTCTAAAGTCA,78,0,1
AAGCATTAATGA,50,0,0
QCR9,199,compens,AACAATAGCAAGCGGACGATACGGACTAAAATGGTATGTTGGTGAATTCTTGTGCTGCTTCACATTTCAGGCTAAAAATGTTATCCGTGGAATCTTCCTTAGCCAAGTATCATGGGCTTTGGAAATTAGTTTCCCACCGATGAGCGCAACGACTTAGCGAAGCTTATGAAATTGGTGACAGCAGCTCTATGAATATGTTCCATGCGTTTCCATTCAGGTTACTAACAAAGAATTAATTATGAGTAGTCTTTTTCATCACTATATAAAACCTTTTTCAAACGAAACGCTGTTTT,8
TTCTTAATTAAG,55,0,1
TAGAACCAATCG,120,0,1
TATCTCGGCTTT,67,0,0
ATGCGGAAAGGT,298,0,3
TACTCTGGTAGA,1,0,0
GTAACTCTCGTT,2,0,0
TATGAGGCTGCA,35,0,0
TTACTGGGCGAT,15,0,0
QCR9,8_199,variant,AACAATAGCAAGCGGACGATACGGACTAAAATGGTATGTTTGAGTATGTAAGTGCTGCTTCACATTTCAGGCTAAAAATGTTATCCGTGGAATCTTCCTTAGCCAAGTATCATGGGCTTTGGAAATTAGTTTCCCACCGATGAGCGCAACGACTTAGCGAAGCTTATGAAATTGGTGACAGCAGCTCTATGAATATGTTCCATGCGTTTCCATTCAGGTTACTAACAATGCATAAATTATGAGTAGTCTTTTTCATCACTATATAAAACCTTTTTCAAACGAAACGCTGTTTT,3
TGTCGGGTCGAC,1,0,0
ATATTCTCTAAA,145,0,1
CCGTATTCTTTT,80,0,1
QCR9,8_199,variant,AACAATAGCAAGCGGACGATACGGACTAAAATGGTATGTTAAAGTGTGTTAGTGCTGCTTCACATTTCAGGCTAAAAATGTTATCCGTGGAATCTTCCTTAGCCAAGTATCATGGGCTTTGGAAATTAGTTTCCCACCGATGAGCGCAACGACTTAGCGAAGCTTATGAAATTGGTGACAGCAGCTCTATGAATATGTTCCATGCGTTTCCATTCAGGTTACTAACAATGCATAAATTATGAGTAGTCTTTTTCATCACTATATAAAACCTTTTTCAAACGAAACGCTGTTTT,3
ACCCTAATATTC,2,0,0
GTGAAGGGGGAT,63,0,0
CCGCATATGTAG,10,0,0
QCR9,8_199,variant,AACAATAGCAAGCGGACGATACGGACTAAAATGGTATGTTTAAGTATGTAAGTGCTGCTTCACATTTCAGGCTAAAAATGTTATCCGTGGAATCTTCCTTAGCCAAGTATCATGGGCTTTGGAAATTAGTTTCCCACCGATGAGCGCAACGACTTAGCGAAGCTTATGAAATTGGTGACAGCAGCTCTATGAATATGTTCCATGCGTTTCCATTCAGGTTACTAACAATGCATAAATTATGAGTAGTCTTTTTCATCACTATATAAAACCTTTTTCAAACGAAACGCTGTTTT,2
TTTACATGCGTT,41,0,0
TGATTTGCTCGG,151,0,0
QCR9,8_199,variant,AACAATAGCAAGCGGACGATACGGACTAAAATGGTATGTATGAGTGTTTAAGTGCTGCTTCACATTTCAGGCTAAAAATGTTATCCGTGGAATCTTCCTTAGCCAAGTATCATGGGCTTTGGAAATTAGTTTCCCACCGATGAGCGCAACGACTTAGCGAAGCTTATGAAATTGGTGACAGCAGCTCTATGAATATGTTCCATGCGTTTCCATTCAGGTTACTAACAATGCATAAATTATGAGTAGTCTTTTTCATCACTATATAAAACCTTTTTCAAACGAAACGCTGTTTT,8
CCTTTCTGTTCT,185,0,1
CATCCATTAACT,135,0,1
CTAAGGCTGTAA,1,0,0
GGTTTGTGAGCA,1,0,0
GGGTCCTCGCCA,90,0,0
TTTCACTAGAGG,118,0,0
TTTCGAGTTAGT,114,0,0
TGATCATTTGGC,128,0,0
QCR9,8_199,variant,AACAATAGCAAGCGGACGATACGGACTAAAATGGTATGTTGGTGTATGTGCGTGCTGCTTCACATTTCAGGCTAAAAATGTTATCCGTGGAATCTTCCTTAGCCAAGTATCATGGGCTTTGGAAATTAGTTTCCCACCGATGAGCGCAACGACTTAGCGAAGCTTATGAAATTGGTGACAGCAGCTCTATGAATATGTTCCATGCGTTTCCATTCAGGTTACTAACAATGCATAAATTATGAGTAGTCTTTTTCATCACTATATAAAACCTTTTTCAAACGAAACGCTGTTTT,10
TAGCCTTTTGAT,84,1,0
CGTCAAATTTAT,94,0,0
GGCGGTCTGAGG,0,1,0
GTTTCACAAGCC,8,0,0
CTTTCCTCGCTC,115,0,0
GGCGTCGGGGTG,9,0,0
GTCTGGATGCTT,116,0,1
CCGCACATTGGC,0,38,0
GGATCGCTAGAA,116,0,1
ATTAAGGTAGGG,0,1,0
QCR9,8_199,variant,AACAATAGCAAGCGGACGATACGGACTAAAATGGTATGTAGGTGTGTGTGTGTGCTGCTTCACATTTCAGGCTAAAAATGTTATCCGTGGAATCTTCCTTAGCCAAGTATCATGGGCTTTGGAAATTAGTTTCCCACCGATGAGCGCAACGACTTAGCGAAGCTTATGAAATTGGTGACAGCAGCTCTATGAATATGTTCCATGCGTTTCCATTCAGGTTACTAACAATGCATAAATTATGAGTAGTCTTTTTCATCACTATATAAAACCTTTTTCAAACGAAACGCTGTTTT,17
TATCCGTTGGGA,0,3,0
GTGACGCCATAG,0,1,0
AGTGGTCAGGGT,3,0,0
AGTGGGTAATTT,110,0,0
GCGTGATCAGAT,6,0,0
TTCTTTATTGAA,39,0,0
TGGTATGCGGCA,2,0,0
TTCACTTCGGTG,4,0,0
CGGTTGTAGCTC,131,0,1
TCCAGATTTTGG,6,0,0
TCATCGGATACT,153,0,1
ACGGGGACCTAG,1,0,0
GGTTGAGTGGTA,155,0,0
AATTCAGAGCTC,0,0,0
GGGACGATTGAT,0,1,0
TTGTTTCATGCT,59,0,0
GTGAAGTTACAT,5,0,0
QCR9,8_199,variant,AACAATAGCAAGCGGACGATACGGACTAAAATGGTATGTTGGTGTGTGCATGTGCTGCTTCACATTTCAGGCTAAAAATGTTATCCGTGGAATCTTCCTTAGCCAAGTATCATGGGCTTTGGAAATTAGTTTCCCACCGATGAGCGCAACGACTTAGCGAAGCTTATGAAATTGGTGACAGCAGCTCTATGAATATGTTCCATGCGTTTCCATTCAGGTTACTAACAATGCATAAATTATGAGTAGTCTTTTTCATCACTATATAAAACCTTTTTCAAACGAAACGCTGTTTT,8
GTTGGGGGAGAA,2,0,0
GAGTTGTGAACC,121,0,2
TTCGACTTTACT,106,0,0
GTAGCTGTTATC,1,0,0
AGTCGCATGTTG,57,0,0
TATAAAGCGAAG,1,0,0
TTTGTGCAACGT,43,0,0
CACAGAGTGGTC,235,0,3
QCR9,8_199,variant,AACAATAGCAAGCGGACGATACGGACTAAAATGGTATGTAAGTGTGTGCGAGTGCTGCTTCACATTTCAGGCTAAAAATGTTATCCGTGGAATCTTCCTTAGCCAAGTATCATGGGCTTTGGAAATTAGTTTCCCACCGATGAGCGCAACGACTTAGCGAAGCTTATGAAATTGGTGACAGCAGCTCTATGAATATGTTCCATGCGTTTCCATTCAGGTTACTAACAATGCATAAATTATGAGTAGTCTTTTTCATCACTATATAAAACCTTTTTCAAACGAAACGCTGTTTT,8
GGTGCGCCGGGC,173,3,0
CTTATGGAGATG,0,3,0
TGATTTGTGTGT,73,0,0
TCTGCGGGTATT,128,0,0
CGACTGGGGACG,0,1,0
GCATTGCAATCG,61,0,0
CAATCTATGGTT,25,0,0
GTGTTGTCAAAG,51,0,0
QCR9,8_199,compens,AACAATAGCAAGCGGACGATACGGACTAAAATGGTATGTTTGAGTATGTAAGTGCTGCTTCACATTTCAGGCTAAAAATGTTATCCGTGGAATCTTCCTTAGCCAAGTATCATGGGCTTTGGAAATTAGTTTCCCACCGATGAGCGCAACGACTTAGCGAAGCTTATGAAATTGGTGACAGCAGCTCTATGAATATGTTCCATGCGTTTCCATTCAGGTTACTAACATTACATAATCAATGAGTAGTCTTTTTCATCACTATATAAAACCTTTTTCAAACGAAACGCTGTTTT,14
TCAACGGGAGTT,11,0,0
AACAACAGCAGG,8,0,0
TTTCTATTCGGG,87,0,2
GCGCTTAAGTGT,66,0,0
TCAATGTCTTGG,8,0,0
ACACGAGCATAG,264,0,4
GGTGCCACGTAT,15,0,0
AGAAATGACACC,1,0,0
AAGTGGTGTCAT,148,0,0
TGACCAATAGTA,1,0,0
GGTTACGTATCC,1,0,0
GCCTATTTATCA,4,0,0
AGTTTCATTGCG,46,0,0
CACTCAGGTGGG,1,0,0
QCR9,8_199,compens,AACAATAGCAAGCGGACGATACGGACTAAAATGGTATGTTAAAGTGTGTTAGTGCTGCTTCACATTTCAGGCTAAAAATGTTATCCGTGGAATCTTCCTTAGCCAAGTATCATGGGCTTTGGAAATTAGTTTCCCACCGATGAGCGCAACGACTTAGCGAAGCTTATGAAATTGGTGACAGCAGCTCTATGAATATGTTCCATGCGTTTCCATTCAGGTTACTAACATAACACAATTTATGAGTAGTCTTTTTCATCACTATATAAAACCTTTTTCAAACGAAACGCTGTTTT,8
ACGTGGCTAAAC,139,0,1
GAGCTATCATTT,149,1,1
ATGGCACAGGTC,131,0,0
GGTATCGGGAAA,5,0,0
AGGTTTCAGTTT,11,0,0
AAGCCGAGGAGA,1,0,0
GTTTGAGCACTT,114,0,1
CCTTTTGCTTAG,162,0,1
QCR9,8_199,compens,AACAATAGCAAGCGGACGATACGGACTAAAATGGTATGTTTAAGTATGTAAGTGCTGCTTCACATTTCAGGCTAAAAATGTTATCCGTGGAATCTTCCTTAGCCAAGTATCATGGGCTTTGGAAATTAGTTTCCCACCGATGAGCGCAACGACTTAGCGAAGCTTATGAAATTGGTGACAGCAGCTCTATGAATATGTTCCATGCGTTTCCATTCAGGTTACTAACATTACATAATTAATGAGTAGTCTTTTTCATCACTATATAAAACCTTTTTCAAACGAAACGCTGTTTT,6
GCTTCTCATGCT,87,0,0
CCGAAGGCCGAT,3,0,0
TCCTAGTGATAG,142,0,1
TGATGCTTTGGT,70,0,1
TGCTTAAGTTGG,111,0,1
AGTTAGTTGACG,2,0,0
QCR9,8_199,compens,AACAATAGCAAGCGGACGATACGGACTAAAATGGTATGTATGAGTGTTTAAGTGCTGCTTCACATTTCAGGCTAAAAATGTTATCCGTGGAATCTTCCTTAGCCAAGTATCATGGGCTTTGGAAATTAGTTTCCCACCGATGAGCGCAACGACTTAGCGAAGCTTATGAAATTGGTGACAGCAGCTCTATGAATATGTTCCATGCGTTTCCATTCAGGTTACTAACATTAAACAATCATTGAGTAGTCTTTTTCATCACTATATAAAACCTTTTTCAAACGAAACGCTGTTTT,12
TGCTAACTCACA,144,47,3
GCGTGGTTTGAT,137,0,0
GCGCATGCACTT,32,0,0
TTACAGTATGAG,49,1,0
CACGGCATGTAA,46,0,0
GCGAGGTTGACG,0,6,0
GTTCAGACTTTG,2,0,0
TCACCGCTGTCA,1,0,0
GATTTGTGGTAA,80,0,0
CAATGGAGGACG,3,0,0
GTTGGGGTGTCA,124,0,0
ACCGGCGATTCG,1,0,0
QCR9,8_199,compens,AACAATAGCAAGCGGACGATACGGACTAAAATGGTATGTTGGTGTATGTGCGTGCTGCTTCACATTTCAGGCTAAAAATGTTATCCGTGGAATCTTCCTTAGCCAAGTATCATGGGCTTTGGAAATTAGTTTCCCACCGATGAGCGCAACGACTTAGCGAAGCTTATGAAATTGGTGACAGCAGCTCTATGAATATGTTCCATGCGTTTCCATTCAGGTTACTAACAGTACATAAACTATGAGTAGTCTTTTTCATCACTATATAAAACCTTTTTCAAACGAAACGCTGTTTT,27
CATTTAGATTCT,166,1,2
CTAGTCGAGCCG,60,0,0
ACCAATAGGGAA,70,0,0
GTGGCAAGTGCA,19,1,0
GTTAAAGAGCAA,94,0,3
GGAACACAGTGG,104,0,0
GTTCTTTTTCTT,1,0,0
ATATCGAATTTT,1,0,0
GGCCCGTAGGAT,55,1,0
GATTATCGTTAG,81,3,0
GGGAAACTATAA,1,0,0
CGGGTGCCGGGG,129,0,0
GTGCGCAATGTC,1,51,0
TAATTGGTTTTG,174,0,0
GCGCGTTCTTTA,42,0,0
CTGCGCGATGCT,43,0,0
GAAGGGGATAGC,67,0,0
GTGGCGTTCGGG,0,1,0
GGAATCGAGTGC,0,1,0
GTCGATCAGTTT,78,0,0
CCTGGTCAGCGT,44,1,0
ACGAAGTGTTTC,2,0,0
TGTACCCAGAGC,0,4,0
ATATTAGGTTGG,1,0,0
TTATATTGCTTA,1,0,0
ATTAGATGGTGA,0,2,0
GTTTCTTACAAA,1,0,0
QCR9,8_199,compens,AACAATAGCAAGCGGACGATACGGACTAAAATGGTATGTAGGTGTGTGTGTGTGCTGCTTCACATTTCAGGCTAAAAATGTTATCCGTGGAATCTTCCTTAGCCAAGTATCATGGGCTTTGGAAATTAGTTTCCCACCGATGAGCGCAACGACTTAGCGAAGCTTATGAAATTGGTGACAGCAGCTCTATGAATATGTTCCATGCGTTTCCATTCAGGTTACTAACAATACACAAATTTTGAGTAGTCTTTTTCATCACTATATAAAACCTTTTTCAAACGAAACGCTGTTTT,46
ATAGCATCTCAA,228,0,1
TCGTCGAGTTGA,164,0,3
GTCGTCATTGGG,41,0,0
GGTATAATGTTT,10,1,0
TAGGTTTGGAAC,109,0,0
TCTATCCGTCGG,6,1,0
GAACGGAATTTG,437,0,3
GGGTGGGCATAC,199,0,0
TTAGTTTGGTGG,142,0,3
AGTTTACTCTGA,340,0,0
CGGATAATTGGA,113,42,0
GTCTGAGTCCAA,22,0,2
TGCTTAACCTTC,0,1,0
GACCTGCGCCAA,0,34,0
TATTACAACGGA,53,0,0
TATTACCTCATG,1,0,0
GTAGGGTGGTGC,2,0,0
TGGTTGTTTTCG,112,0,1
TTAACCGCATTT,0,2,0
TCCTGGCATGCG,106,0,0
TGCGGGACATTT,0,2,0
TGTGTCACGGCC,110,0,1
GCCTTTGACTGG,9,0,0
GTTTCCACGAAA,14,0,0
CCTAGTGTAATC,4,0,0
TTTGAAGACTCA,0,45,0
CCGTGGCGGAAT,4,0,0
GCTCAGGGCAGC,6,0,0
TGAACATGTATC,0,2,0
GAAATCCCTATG,39,0,1
CAGGGTGGAGTA,5,0,0
CGGGGTGGTGTG,6,0,0
GGTTTTGTGGTG,148,0,0
ATTGGTTCCAAA,33,0,0
GAGCGGGATTTT,4,0,0
GGGTTGCGATAT,217,0,2
TGCGGCGTGAAG,18,0,0
TTCTATCCTACG,1,0,0
TGAAACCATTAT,2,0,0
CATAAGGGGACG,3,0,0
GAGACGCGGCGT,3,0,0
TAATCTAGTTTT,4,0,0
ATTTGGCTATGG,6,0,0
GTGTGGACGCGA,127,0,1
ACGGCTCAGAGA,9,0,0
AGAAAGGGCGTC,57,0,0
QCR9,8_199,compens,AACAATAGCAAGCGGACGATACGGACTAAAATGGTATGTTGGTGTGTGCATGTGCTGCTTCACATTTCAGGCTAAAAATGTTATCCGTGGAATCTTCCTTAGCCAAGTATCATGGGCTTTGGAAATTAGTTTCCCACCGATGAGCGCAACGACTTAGCGAAGCTTATGAAATTGGTGACAGCAGCTCTATGAATATGTTCCATGCGTTTCCATTCAGGTTACTAACAATGCATAAATTATGAGTAGTCTTTTTCATCACTATATAAAACCTTTTTCAAACGAAACGCTGTTTT,8
GTTGGGGGAGAA,2,0,0
GAGTTGTGAACC,121,0,2
TTCGACTTTACT,106,0,0
GTAGCTGTTATC,1,0,0
AGTCGCATGTTG,57,0,0
TATAAAGCGAAG,1,0,0
TTTGTGCAACGT,43,0,0
CACAGAGTGGTC,235,0,3
QCR9,8_199,compens,AACAATAGCAAGCGGACGATACGGACTAAAATGGTATGTAAGTGTGTGCGAGTGCTGCTTCACATTTCAGGCTAAAAATGTTATCCGTGGAATCTTCCTTAGCCAAGTATCATGGGCTTTGGAAATTAGTTTCCCACCGATGAGCGCAACGACTTAGCGAAGCTTATGAAATTGGTGACAGCAGCTCTATGAATATGTTCCATGCGTTTCCATTCAGGTTACTAACATTGCATAAATTTTGAGTAGTCTTTTTCATCACTATATAAAACCTTTTTCAAACGAAACGCTGTTTT,11
TAATGTACTGGG,95,0,2
CGCTCCCTAATT,110,0,1
GTTTTATGTATT,1,0,0
GAACATTTGAGG,1,0,0
TTTTCCTGTGGC,164,0,0
GGATCGTCCGAG,0,1,0
TTGTGTGACGGC,0,55,1
GGGGATGGGGCA,9,0,0
CATAAGACGATT,0,0,0
TGATATTTTTCG,0,1,0
TATAACGGTAAG,101,0,1
QCR9,21,variant,AACAATAGCAAGCGGACGATACGGACTAAAATGGTATGTTGGTGTGTGTGTGTGCTGCGTCACATTTCAGGCTAAAAATGTTATCCGTGGAATCTTCCTTAGCCAAGTATCATGGGCTTTGGAAATTAGTTTCCCACCGATGAGCGCAACGACTTAGCGAAGCTTATGAAATTGGTGACAGCAGCTCTATGAATATGTTCCATGCGTTTCCATTCAGGTTACTAACAATGCATAAATTATGAGTAGTCTTTTTCATCACTATATAAAACCTTTTTCAAACGAAACGCTGTTTT,9
TTTTGCTTGAGT,1,0,0
TACGTCATGAAG,0,1,0
AGGGCCAGTATA,1,0,0
TGTCTACTTATC,4,0,0
GCTGCGTTTATG,58,0,1
GTGGGGGGACGT,46,0,1
AAACCAACTTCC,0,1,0
AATTTTTTCGGA,1,0,0
GGGTAGGAGGGC,96,0,0
QCR9,21,variant,AACAATAGCAAGCGGACGATACGGACTAAAATGGTATGTTGGTGTGTGTGTGTGCTGTGTCACATTTCAGGCTAAAAATGTTATCCGTGGAATCTTCCTTAGCCAAGTATCATGGGCTTTGGAAATTAGTTTCCCACCGATGAGCGCAACGACTTAGCGAAGCTTATGAAATTGGTGACAGCAGCTCTATGAATATGTTCCATGCGTTTCCATTCAGGTTACTAACAATGCATAAATTATGAGTAGTCTTTTTCATCACTATATAAAACCTTTTTCAAACGAAACGCTGTTTT,5
CTAGCATAAATT,13,0,0
AATTCCAGCTTG,239,0,3
AGCAATCATTTA,60,0,0
AAATTGACGCGA,92,0,0
AATCACCTGTTA,84,0,1
QCR9,21,variant,AACAATAGCAAGCGGACGATACGGACTAAAATGGTATGTTGGTGTGTGTGTGTGCGCTGTCACATTTCAGGCTAAAAATGTTATCCGTGGAATCTTCCTTAGCCAAGTATCATGGGCTTTGGAAATTAGTTTCCCACCGATGAGCGCAACGACTTAGCGAAGCTTATGAAATTGGTGACAGCAGCTCTATGAATATGTTCCATGCGTTTCCATTCAGGTTACTAACAATGCATAAATTATGAGTAGTCTTTTTCATCACTATATAAAACCTTTTTCAAACGAAACGCTGTTTT,4
CCGATCTGACGG,1,0,0
TTCCAGATTTTA,135,0,1
GAGGTGTGGCGC,48,0,0
AGGAATTGAAGG,2,0,0
QCR9,21,variant,AACAATAGCAAGCGGACGATACGGACTAAAATGGTATGTTGGTGTGTGTGTGTGAGCTGTCACATTTCAGGCTAAAAATGTTATCCGTGGAATCTTCCTTAGCCAAGTATCATGGGCTTTGGAAATTAGTTTCCCACCGATGAGCGCAACGACTTAGCGAAGCTTATGAAATTGGTGACAGCAGCTCTATGAATATGTTCCATGCGTTTCCATTCAGGTTACTAACAATGCATAAATTATGAGTAGTCTTTTTCATCACTATATAAAACCTTTTTCAAACGAAACGCTGTTTT,38
GTCCTTTTAGTA,13,0,0
GGTTGCATGTCA,242,0,3
AGTTTGGTTCAG,115,0,1
CTCTAAGTGCCT,0,1,0
GCCGAGAAATAG,168,0,0
CATGGGAACGGG,0,2,0
GTGAATAGAGTG,16,2,0
TTTTCCAGGGCG,246,0,3
GATTCTAGACCG,129,0,2
GGCTTCTTGTTT,52,0,1
GGTTCCCAAGAG,156,0,1
TCAGTATGGAAT,0,2,0
GGGACCGACATA,111,0,0
GTGAACCTGTGT,0,1,0
ATGTAACGTATT,150,0,2
GTTTGTCGGGAT,56,0,0
GCTGTCAAATTT,94,0,1
GCGGTGGAAGGT,158,0,1
TATGCTAAAAAC,47,0,0
CCTCAAGTTTAA,6,0,0
ACCTCTGTTATA,0,1,0
TCCCGAGCTAGT,10,0,0
TAATAGCTTTTC,25,0,0
TGCCTATCAGGG,69,0,2
TCGTGCCTGCGC,124,0,2
AGTTAGCTGGCT,129,0,1
CGGCAGACGTTA,91,0,0
CGTGCAAAACTC,89,0,0
CGAAAGGTTGCC,9,0,0
TCTAAATATCTT,0,1,0
TGGTACCGGCTA,93,1,0
GCAAAGGGGAGT,141,1,1
CACATGGTTATC,0,1,0
TGCTGGTGCTGT,0,3,0
TCGCGATTGTTG,140,0,0
GGGTTGATTAGT,0,1,0
TTGGAATATGTT,1,0,0
GATTGAGGTTCG,41,0,0
QCR9,21,compens,AACAATAGCAAGCGGACGATACGGACTAAAATGGTATGTTGGTGTGTGTGTGTGCTGCGTCACATTTCAGGCTAAAAATGTTATCCGTGGAATCTTCCTTAGCCAAGTATCATGGGCTTTGGAAATTAGTTTCCCACCGATGAGCGCAACGACTTAGCGAAGCTTATGAAATTGGTGACCGCAGCTCTATGAATATGTTCCATGCGTTTCCATTCAGGTTACTAACAATGCATAAATTATGAGTAGTCTTTTTCATCACTATATAAAACCTTTTTCAAACGAAACGCTGTTTT,14
TATAACAGCGGA,3,0,0
GTGTATGGCTTT,0,2,0
TGCAATTGTTTT,0,1,0
GTGCCTCACTAG,8,0,0
GGGCCGCTGGGG,0,1,0
GTCTATTGGGTT,1,0,0
GCATAGGGTAGG,0,3,0
TGCTTGACTCAG,7,0,0
GCCACTGCGTCA,129,0,1
GGGAGTGGCGTC,90,0,0
TTTGTAATCATG,131,0,2
GTTATTTTGATT,0,1,0
ACGATATGGGTT,73,0,0
CTTTACGGTTGT,74,0,0
QCR9,21,compens,AACAATAGCAAGCGGACGATACGGACTAAAATGGTATGTTGGTGTGTGTGTGTGCTGTGTCACATTTCAGGCTAAAAATGTTATCCGTGGAATCTTCCTTAGCCAAGTATCATGGGCTTTGGAAATTAGTTTCCCACCGATGAGCGCAACGACTTAGCGAAGCTTATGAAATTGGTGACCACAGCTCTATGAATATGTTCCATGCGTTTCCATTCAGGTTACTAACAATGCATAAATTATGAGTAGTCTTTTTCATCACTATATAAAACCTTTTTCAAACGAAACGCTGTTTT,5
CGGCTGCGGAGG,170,1,1
GTCGTAGCGCCT,10,1,0
TGCGGGGCGCGG,43,0,0
TAGTACTTTCAT,106,0,2
AGTGCCGGCGGA,0,2,0
QCR9,21,compens,AACAATAGCAAGCGGACGATACGGACTAAAATGGTATGTTGGTGTGTGTGTGTGCGCTGTCACATTTCAGGCTAAAAATGTTATCCGTGGAATCTTCCTTAGCCAAGTATCATGGGCTTTGGAAATTAGTTTCCCACCGATGAGCGCAACGACTTAGCGAAGCTTATGAAATTGGTGACCAGCGCTCTATGAATATGTTCCATGCGTTTCCATTCAGGTTACTAACAATGCATAAATTATGAGTAGTCTTTTTCATCACTATATAAAACCTTTTTCAAACGAAACGCTGTTTT,1
CTGGGCTTCTTA,3,0,0
QCR9,21,compens,AACAATAGCAAGCGGACGATACGGACTAAAATGGTATGTTGGTGTGTGTGTGTGAGCTGTCACATTTCAGGCTAAAAATGTTATCCGTGGAATCTTCCTTAGCCAAGTATCATGGGCTTTGGAAATTAGTTTCCCACCGATGAGCGCAACGACTTAGCGAAGCTTATGAAATTGGTGACCAGCTCTCTATGAATATGTTCCATGCGTTTCCATTCAGGTTACTAACAATGCATAAATTATGAGTAGTCTTTTTCATCACTATATAAAACCTTTTTCAAACGAAACGCTGTTTT,24
AACTTAATTGAA,2,0,0
AGAGTGATCGGG,3,0,0
AAATGGGCGTCG,111,0,1
CCTCATCGTGTA,1,0,0
ATACGGTGGAGA,72,0,0
AAACGGTGGATA,29,0,1
GGAATTCCGTTA,35,0,0
ATATTGGTAGTT,88,0,0
TGACTCCCGGCA,0,2,0
TAGGTAGTTTTC,17,0,1
TAGTCATATTCT,132,0,0
TTCTCAATTTGT,95,2,0
AATCACGGTCAG,106,0,1
CTAAGTATTGTA,9,0,0
CTTATGCGGGCT,89,0,0
GGGCGGAAGTAT,0,1,0
AGAGGCCACCTT,106,0,2
GTTCCACTAACG,41,0,0
TGTTTCACGCAG,22,0,0
ACGGGCTCGAAG,1,0,0
TACATGGCTGGA,0,2,0
GCTTATGGTGAT,13,0,0
TTTCAGGCAGCT,5,0,0
GAGAAAGGGCCT,1,0,0
QCR9,21_28,variant,AACAATAGCAAGCGGACGATACGGACTAAAATGGTATGTTGGTGTGTGTGTGTGCTGCTTTAAATTTCAGGCTAAAAATGTTATCCGTGGAATCTTCCTTAGCCAAGTATCATGGGCTTTGGAAATTAGTTTCCCACCGATGAGCGCAACGACTTAGCGAAGCTTATGAAATTGGTGACAGCAGCTCTATGAATATGTTCCATGCGTTTCCATTCAGGTTACTAACAATGCATAAATTATGAGTAGTCTTTTTCATCACTATATAAAACCTTTTTCAAACGAAACGCTGTTTT,14
CTATAAGATGGA,142,0,2
TTACGGTCAAGA,179,0,2
TGCTGACCGGAA,141,0,0
TCAGCGTGGGGA,3,0,0
TTTTTTCGGATA,13,0,0
CATGCTCCTTTT,164,0,2
TTTTTTTCGCAT,3,0,0
ACGAATATTACC,133,0,1
GAGTACAGGTTT,77,0,1
CTTTCACTTTGT,60,0,0
AGTATTGAGTGG,1,1,0
AGATAGTCACGG,121,0,2
GTGTGTCCCGTT,54,0,0
CAGTCATTTCCC,143,0,0
QCR9,21_28,variant,AACAATAGCAAGCGGACGATACGGACTAAAATGGTATGTTGGTGTGTGTGTGTTCTCGGTCCAATTTCAGGCTAAAAATGTTATCCGTGGAATCTTCCTTAGCCAAGTATCATGGGCTTTGGAAATTAGTTTCCCACCGATGAGCGCAACGACTTAGCGAAGCTTATGAAATTGGTGACAGCAGCTCTATGAATATGTTCCATGCGTTTCCATTCAGGTTACTAACAATGCATAAATTATGAGTAGTCTTTTTCATCACTATATAAAACCTTTTTCAAACGAAACGCTGTTTT,10
ATATCTTCATAG,164,0,0
TGGGTATGTATC,0,1,0
ACCTATGACGAG,36,0,0
TGGCCCTGTTTA,152,0,2
GGCGTTGGTGAG,28,0,0
CCAGCCGACGTT,130,0,2
AATGACGGGGAG,1,0,0
TATGCCCGGGTT,2,0,0
AGCGATTTAACT,106,0,0
GGTTGCCTCATA,65,0,0
QCR9,21_28,variant,AACAATAGCAAGCGGACGATACGGACTAAAATGGTATGTTGGTGTGTGTGTGTGTTCGCTCCAATTTCAGGCTAAAAATGTTATCCGTGGAATCTTCCTTAGCCAAGTATCATGGGCTTTGGAAATTAGTTTCCCACCGATGAGCGCAACGACTTAGCGAAGCTTATGAAATTGGTGACAGCAGCTCTATGAATATGTTCCATGCGTTTCCATTCAGGTTACTAACAATGCATAAATTATGAGTAGTCTTTTTCATCACTATATAAAACCTTTTTCAAACGAAACGCTGTTTT,8
GGGCTGGCCTGA,69,0,0
TGGGCTTATTGT,0,1,0
ATAAAGTTGGGA,125,0,1
CAGCCAGTGTCC,1,0,0
AGAGATAGTTTC,114,0,1
CTGCTCTCATTT,7,0,0
GAGTATTAAATC,14,0,1
AATGCTAGGATT,2,0,0
QCR9,21_28,variant,AACAATAGCAAGCGGACGATACGGACTAAAATGGTATGTTGGTGTGTGTGTGTTTCAACCCCAATTTCAGGCTAAAAATGTTATCCGTGGAATCTTCCTTAGCCAAGTATCATGGGCTTTGGAAATTAGTTTCCCACCGATGAGCGCAACGACTTAGCGAAGCTTATGAAATTGGTGACAGCAGCTCTATGAATATGTTCCATGCGTTTCCATTCAGGTTACTAACAATGCATAAATTATGAGTAGTCTTTTTCATCACTATATAAAACCTTTTTCAAACGAAACGCTGTTTT,11
ATTCTCTGGGGG,3,0,0
CTACACGTTTGC,132,0,0
CCGCCTGTAGTA,1,0,0
GGTTCGGTTTAG,10,0,0
TTGTTCATTATG,170,0,3
GGGCTGCTATAC,8,0,0
GGAGGCGATGAC,0,1,0
CCAATTATGAAA,33,0,0
TGTTCACAGAGT,60,0,1
AAGGTTTGTAGC,2,0,0
CTATTAGTTTGA,11,0,0
QCR9,21_28,variant,AACAATAGCAAGCGGACGATACGGACTAAAATGGTATGTTGGTGTGTGTGTGTGCTGCGTCTTATTTCAGGCTAAAAATGTTATCCGTGGAATCTTCCTTAGCCAAGTATCATGGGCTTTGGAAATTAGTTTCCCACCGATGAGCGCAACGACTTAGCGAAGCTTATGAAATTGGTGACAGCAGCTCTATGAATATGTTCCATGCGTTTCCATTCAGGTTACTAACAATGCATAAATTATGAGTAGTCTTTTTCATCACTATATAAAACCTTTTTCAAACGAAACGCTGTTTT,13
CTCATTGCACTC,0,5,0
ACTTCAAATTGG,123,7,0
GGGTTAGTTCAT,123,2,1
GAATTACAAAAG,3,0,0
TCCTGGGGCGTT,0,1,0
AGGCGGGTTCTA,97,0,0
TTGGTGTAGCAA,20,0,0
GTTAGAACAGAA,46,0,1
CTTCCCTGACTA,29,0,0
CACCTACGCGAG,90,0,0
CCCAGGGGTTTC,173,0,3
AACCAGAGATCG,6,0,0
TGGCAATATGGT,0,4,0
QCR9,21_28,variant,AACAATAGCAAGCGGACGATACGGACTAAAATGGTATGTTGGTGTGTGTGTGTGCTGCTTAAAATTTCAGGCTAAAAATGTTATCCGTGGAATCTTCCTTAGCCAAGTATCATGGGCTTTGGAAATTAGTTTCCCACCGATGAGCGCAACGACTTAGCGAAGCTTATGAAATTGGTGACAGCAGCTCTATGAATATGTTCCATGCGTTTCCATTCAGGTTACTAACAATGCATAAATTATGAGTAGTCTTTTTCATCACTATATAAAACCTTTTTCAAACGAAACGCTGTTTT,5
TCACGACCTAAG,225,0,4
GACTCGTACGGA,175,0,1
TGAGGCACGGCT,51,0,1
AAAAGGGCTAAA,1,0,0
CTTTTTCGCCTC,10,0,0
QCR9,21_28,variant,AACAATAGCAAGCGGACGATACGGACTAAAATGGTATGTTGGTGTGTGTGTGTGCTGCTTTAAATTTCAGGCTAAAAATGTTATCCGTGGAATCTTCCTTAGCCAAGTATCATGGGCTTTGGAAATTAGTTTCCCACCGATGAGCGCAACGACTTAGCGAAGCTTATGAAATTGGTGACAGCAGCTCTATGAATATGTTCCATGCGTTTCCATTCAGGTTACTAACAATGCATAAATTATGAGTAGTCTTTTTCATCACTATATAAAACCTTTTTCAAACGAAACGCTGTTTT,14
CTATAAGATGGA,142,0,2
TTACGGTCAAGA,179,0,2
TGCTGACCGGAA,141,0,0
TCAGCGTGGGGA,3,0,0
TTTTTTCGGATA,13,0,0
CATGCTCCTTTT,164,0,2
TTTTTTTCGCAT,3,0,0
ACGAATATTACC,133,0,1
GAGTACAGGTTT,77,0,1
CTTTCACTTTGT,60,0,0
AGTATTGAGTGG,1,1,0
AGATAGTCACGG,121,0,2
GTGTGTCCCGTT,54,0,0
CAGTCATTTCCC,143,0,0
QCR9,21_28,variant,AACAATAGCAAGCGGACGATACGGACTAAAATGGTATGTTGGTGTGTGTGTGTGCTGCGTCCGATTTCAGGCTAAAAATGTTATCCGTGGAATCTTCCTTAGCCAAGTATCATGGGCTTTGGAAATTAGTTTCCCACCGATGAGCGCAACGACTTAGCGAAGCTTATGAAATTGGTGACAGCAGCTCTATGAATATGTTCCATGCGTTTCCATTCAGGTTACTAACAATGCATAAATTATGAGTAGTCTTTTTCATCACTATATAAAACCTTTTTCAAACGAAACGCTGTTTT,32
AATAATTGATGA,123,0,0
TGATTCGTTCTA,126,0,0
GGGTGCCCGCTG,122,0,1
ATGGGACGTGGT,1,0,0
TATTTTGGATTT,72,0,0
GGTATTAGCACG,6,0,0
ATTTAAATAGGG,65,0,1
GGTAGTTCGCTT,161,0,0
TTTGGTATCATA,7,0,0
CGTCTGCCCACG,19,0,0
CGGCAGACCGGA,3,0,0
CTGAACCAGAAT,13,0,0
CTTCTTTTCCAT,13,0,0
ACACGACCCGTG,81,0,1
TTAATGATGATC,96,0,1
TCAAGCAGGCAA,48,0,0
CCACTAGAGAAA,99,0,1
AGTACTGTGCGA,139,0,1
AGACGCAGAGAG,164,0,0
GGATCTACTCTA,71,0,1
TTATTGGTGAGA,408,0,5
GTACGCACTCTG,38,0,2
CGTCGCTAAGCA,139,0,3
CGAACCGGACAA,24,0,0
CCCTGGAGTTGG,2,0,0
TTAGTTGCCTAA,91,0,0
AAGTTCGGTGTA,82,0,1
GAGTCGTCCTGT,149,0,1
ACGTAGGGGTGT,54,0,0
TTGGGGGTTCTG,1,0,0
GGTGTAAGGGTC,112,0,3
GAAATCTGAGGT,2,0,0
QCR9,21_28,compens,AACAATAGCAAGCGGACGATACGGACTAAAATGGTATGTTGGTGTGTGTGTGTGCTGCTTTAAATTTCAGGCTAAAAATGTTATCCGTGGAATCTTCCTTAGCCAAGTATCATGGGCTTTGGAAATTAGTTTCCCACCGATGAGCGCAACGACTTAGCGAAGCTTATGAAATTGTTAACAGCAGCTCTATGAATATGTTCCATGCGTTTCCATTCAGGTTACTAACAATGCATAAATTATGAGTAGTCTTTTTCATCACTATATAAAACCTTTTTCAAACGAAACGCTGTTTT,0
QCR9,21_28,compens,AACAATAGCAAGCGGACGATACGGACTAAAATGGTATGTTGGTGTGTGTGTGTTCTCGGTCCAATTTCAGGCTAAAAATGTTATCCGTGGAATCTTCCTTAGCCAAGTATCATGGGCTTTGGAAATTAGTTTCCCACCGATGAGCGCAACGACTTAGCGAAGCTTATGAAATTGTGGACCCGAGATCTATGAATATGTTCCATGCGTTTCCATTCAGGTTACTAACAATGCATAAATTATGAGTAGTCTTTTTCATCACTATATAAAACCTTTTTCAAACGAAACGCTGTTTT,11
GCCGCGCGACAT,51,0,0
ACAAAATATCTT,0,1,0
GTAATTTGACTT,262,0,0
GGCTAATAAGTG,1,0,0
TGTCCTCGAGGG,117,0,0
GCTCGTGGTCTT,1,0,0
TGTCAACCGTGT,1,0,0
GCTGAAGCCTAG,42,0,0
GTTTAGGTATCA,126,0,1
GGTGTTGTGGGG,0,1,0
TGACATATCTAG,139,0,0
QCR9,21_28,compens,AACAATAGCAAGCGGACGATACGGACTAAAATGGTATGTTGGTGTGTGTGTGTGTTCGCTCCAATTTCAGGCTAAAAATGTTATCCGTGGAATCTTCCTTAGCCAAGTATCATGGGCTTTGGAAATTAGTTTCCCACCGATGAGCGCAACGACTTAGCGAAGCTTATGAAATTGTGGACGCGAACTCTATGAATATGTTCCATGCGTTTCCATTCAGGTTACTAACAATGCATAAATTATGAGTAGTCTTTTTCATCACTATATAAAACCTTTTTCAAACGAAACGCTGTTTT,9
TCAAAGTTCTCG,1,0,0
ATGCCTCGCTCT,45,0,1
TCGGCCGCAATC,49,0,0
CTGCGGCGGTAC,57,0,0
GAGTTATGTGAG,33,0,0
TTAGTGCATCGA,87,0,2
TTGTACTAGTAT,251,0,4
AATTACTTTAGA,1,0,0
GGTGTCGAGGTC,1,0,0
QCR9,21_28,compens,AACAATAGCAAGCGGACGATACGGACTAAAATGGTATGTTGGTGTGTGTGTGTTTCAACCCCAATTTCAGGCTAAAAATGTTATCCGTGGAATCTTCCTTAGCCAAGTATCATGGGCTTTGGAAATTAGTTTCCCACCGATGAGCGCAACGACTTAGCGAAGCTTATGAAATTGTGGGCGTTGAATCTATGAATATGTTCCATGCGTTTCCATTCAGGTTACTAACAATGCATAAATTATGAGTAGTCTTTTTCATCACTATATAAAACCTTTTTCAAACGAAACGCTGTTTT,11
TCATACAACTTA,111,0,1
GGGGGTTAGGTT,155,0,0
GTAAATTCTTCA,11,0,1
AGGCTGGGGCGG,145,0,0
GCCTGTTATCTA,125,0,0
ACTTTCCAGTCC,22,0,1
GGTTGGGGGCTA,92,0,1
GAGAACAGTGGG,2,0,0
GGTAGGGTATAG,130,0,2
ATTATTACCCAG,138,0,1
GTGGAAAATTGA,156,0,2
QCR9,21_28,compens,AACAATAGCAAGCGGACGATACGGACTAAAATGGTATGTTGGTGTGTGTGTGTGCTGCGTCTTATTTCAGGCTAAAAATGTTATCCGTGGAATCTTCCTTAGCCAAGTATCATGGGCTTTGGAAATTAGTTTCCCACCGATGAGCGCAACGACTTAGCGAAGCTTATGAAATTGAAGACCGCAGCTCTATGAATATGTTCCATGCGTTTCCATTCAGGTTACTAACAATGCATAAATTATGAGTAGTCTTTTTCATCACTATATAAAACCTTTTTCAAACGAAACGCTGTTTT,7
GTAGCGTTTACC,61,0,1
TCTGAAACGGAG,1,2,0
AAACTCTTAGAT,18,0,0
ACGTAGGTTGTA,230,0,2
GGCGACCGGTAG,59,0,1
GCGTGATTGGGT,1,0,0
TTCATAGACAAT,0,1,0
QCR9,21_28,compens,AACAATAGCAAGCGGACGATACGGACTAAAATGGTATGTTGGTGTGTGTGTGTGCTGCTTAAAATTTCAGGCTAAAAATGTTATCCGTGGAATCTTCCTTAGCCAAGTATCATGGGCTTTGGAAATTAGTTTCCCACCGATGAGCGCAACGACTTAGCGAAGCTTATGAAATTGTTTACAGCAGCTCTATGAATATGTTCCATGCGTTTCCATTCAGGTTACTAACAATGCATAAATTATGAGTAGTCTTTTTCATCACTATATAAAACCTTTTTCAAACGAAACGCTGTTTT,2
GAACAGGGGATC,78,0,1
AGCGTGTTGCCT,20,0,1
QCR9,21_28,compens,AACAATAGCAAGCGGACGATACGGACTAAAATGGTATGTTGGTGTGTGTGTGTGCTGCTTTAAATTTCAGGCTAAAAATGTTATCCGTGGAATCTTCCTTAGCCAAGTATCATGGGCTTTGGAAATTAGTTTCCCACCGATGAGCGCAACGACTTAGCGAAGCTTATGAAATTGTTAACAGCAGCTCTATGAATATGTTCCATGCGTTTCCATTCAGGTTACTAACAATGCATAAATTATGAGTAGTCTTTTTCATCACTATATAAAACCTTTTTCAAACGAAACGCTGTTTT,0
QCR9,21_28,compens,AACAATAGCAAGCGGACGATACGGACTAAAATGGTATGTTGGTGTGTGTGTGTGCTGCGTCCGATTTCAGGCTAAAAATGTTATCCGTGGAATCTTCCTTAGCCAAGTATCATGGGCTTTGGAAATTAGTTTCCCACCGATGAGCGCAACGACTTAGCGAAGCTTATGAAATTGCGGACCGCAGCTCTATGAATATGTTCCATGCGTTTCCATTCAGGTTACTAACAATGCATAAATTATGAGTAGTCTTTTTCATCACTATATAAAACCTTTTTCAAACGAAACGCTGTTTT,16
TTAGTTTGGAAT,129,0,0
GGTGTTGAGTTT,11,0,0
TTTGTCGCGTGG,1,0,0
GTTTTAAATTAA,47,0,0
ATGCACTGTGCT,225,0,1
TTTCTTGCCAAT,2,0,0
CGGCAGCTTTAT,2,0,0
GATGTGCACCGG,0,1,0
TTGGATGGTTTG,134,0,1
GATATGTGGCAT,16,0,0
TTTGTGCAAAGT,1,0,0
TAACGGATTGCG,121,0,0
CATATGTTGTAC,53,0,0
TGCTGTGTGTGT,1,0,0
CTGTTCCTGGTC,70,0,0
ATTGTTTAGGTT,152,0,0
QCR9,33_37,variant,AACAATAGCAAGCGGACGATACGGACTAAAATGGTATGTTGGTGTGTGTGTGTGCTGCTTCACAAATTGCGCTAAAAATGTTATCCGTGGAATCTTCCTTAGCCAAGTATCATGGGCTTTGGAAATTAGTTTCCCACCGATGAGCGCAACGACTTAGCGAAGCTTATGAAATTGGTGACAGCAGCTCTATGAATATGTTCCATGCGTTTCCATTCAGGTTACTAACAATGCATAAATTATGAGTAGTCTTTTTCATCACTATATAAAACCTTTTTCAAACGAAACGCTGTTTT,21
TTCTGATCTTAG,66,0,0
TCTGTGGGAACT,1,0,0
CTAGATTGGGGG,138,0,4
CTCAAATTAGGA,133,0,0
CCGAGGGTACCG,42,0,0
TCCGACTTATGA,1,0,0
AACATTGTTAAG,61,0,0
AGTGGGCCTGCT,2,0,0
GCGTATGTTGGT,1,0,0
GCGTCCTCCTGG,120,0,2
TTCGAGTCCTAG,85,0,0
AGTATACTTTGG,52,0,0
CGTATACTGCGT,110,0,1
ATACTCGGGGCA,12,0,0
GCCTAATGAGGA,152,0,1
CTGCTTGGGTTC,15,0,0
CACAGGTCGGGG,3,0,0
GGTCGTTGGACA,1,0,0
CGAGGGGCCTCG,71,0,1
AAGAGGTCTTGA,85,0,0
GATGTCGGGGCC,79,0,0
QCR9,33_37,variant,AACAATAGCAAGCGGACGATACGGACTAAAATGGTATGTTGGTGTGTGTGTGTGCTGCTTCACAATTGTCGCTAAAAATGTTATCCGTGGAATCTTCCTTAGCCAAGTATCATGGGCTTTGGAAATTAGTTTCCCACCGATGAGCGCAACGACTTAGCGAAGCTTATGAAATTGGTGACAGCAGCTCTATGAATATGTTCCATGCGTTTCCATTCAGGTTACTAACAATGCATAAATTATGAGTAGTCTTTTTCATCACTATATAAAACCTTTTTCAAACGAAACGCTGTTTT,15
GAAACGCACGGT,0,0,0
ACTTGAAGTACA,127,0,1
TGGGGTTTAACG,138,0,0
TGGGTCGTTTTT,39,0,2
GCTATATTAACG,124,0,1
GCGAAACGTCTG,56,0,1
TTTCAATGTTGG,49,0,1
TGCGGAATAGGT,41,0,0
CATTGTTTAAAG,157,0,1
CACAGGGTCAAT,5,1,0
TTACTCGTCGTC,2,0,0
GCTGAGTGGCGG,7,0,0
ATTATAGTCTTG,1,0,0
CAGAAGTGGAGC,130,0,0
TGTAATTATTCA,43,0,0
QCR9,33_37,variant,AACAATAGCAAGCGGACGATACGGACTAAAATGGTATGTTGGTGTGTGTGTGTGCTGCTTCACAACTTCGTTTAAAAATGTTATCCGTGGAATCTTCCTTAGCCAAGTATCATGGGCTTTGGAAATTAGTTTCCCACCGATGAGCGCAACGACTTAGCGAAGCTTATGAAATTGGTGACAGCAGCTCTATGAATATGTTCCATGCGTTTCCATTCAGGTTACTAACAATGCATAAATTATGAGTAGTCTTTTTCATCACTATATAAAACCTTTTTCAAACGAAACGCTGTTTT,9
GTTCCCGCTTTA,82,0,0
AGGTGACTGGAA,98,0,0
TATAATGGGATT,118,0,1
GCCAGAGGTAAG,114,0,1
TTATTTGCCAGT,3,0,0
CGTTGCGATGAG,1,0,0
CGTGGTTTGAAA,111,0,2
CCTAAACCGGGG,1,0,0
ATATTTGAGCGT,116,0,0
QCR9,33_37,variant,AACAATAGCAAGCGGACGATACGGACTAAAATGGTATGTTGGTGTGTGTGTGTGCTGCTTCACAATGTCGCTTAAAAATGTTATCCGTGGAATCTTCCTTAGCCAAGTATCATGGGCTTTGGAAATTAGTTTCCCACCGATGAGCGCAACGACTTAGCGAAGCTTATGAAATTGGTGACAGCAGCTCTATGAATATGTTCCATGCGTTTCCATTCAGGTTACTAACAATGCATAAATTATGAGTAGTCTTTTTCATCACTATATAAAACCTTTTTCAAACGAAACGCTGTTTT,13
GACCCCTACTTA,167,0,0
GCCTTGTCCATG,5,0,0
AGACAGTGATCT,68,0,0
GGCCCTTTGTTT,2,0,0
GGACATCCCACT,0,3,0
TATGTTAGCCGT,35,0,0
ATTGAGTAATGC,0,2,0
CCAAATGACCTA,2,0,0
TACGGTGTGGAC,137,0,1
GGCGTACGGAAA,13,0,0
GACTGTTGGCCA,0,1,0
TGGCCATACGAG,1,0,0
GGCGAGGGGCAG,0,1,0
QCR9,33_37,variant,AACAATAGCAAGCGGACGATACGGACTAAAATGGTATGTTGGTGTGTGTGTGTGCTGCTTCACAATTGTCGCTAAAAATGTTATCCGTGGAATCTTCCTTAGCCAAGTATCATGGGCTTTGGAAATTAGTTTCCCACCGATGAGCGCAACGACTTAGCGAAGCTTATGAAATTGGTGACAGCAGCTCTATGAATATGTTCCATGCGTTTCCATTCAGGTTACTAACAATGCATAAATTATGAGTAGTCTTTTTCATCACTATATAAAACCTTTTTCAAACGAAACGCTGTTTT,15
GAAACGCACGGT,0,0,0
ACTTGAAGTACA,127,0,1
TGGGGTTTAACG,138,0,0
TGGGTCGTTTTT,39,0,2
GCTATATTAACG,124,0,1
GCGAAACGTCTG,56,0,1
TTTCAATGTTGG,49,0,1
TGCGGAATAGGT,41,0,0
CATTGTTTAAAG,157,0,1
CACAGGGTCAAT,5,1,0
TTACTCGTCGTC,2,0,0
GCTGAGTGGCGG,7,0,0
ATTATAGTCTTG,1,0,0
CAGAAGTGGAGC,130,0,0
TGTAATTATTCA,43,0,0
QCR9,33_37,variant,AACAATAGCAAGCGGACGATACGGACTAAAATGGTATGTTGGTGTGTGTGTGTGCTGCTTCACAATTATCGCTAAAAATGTTATCCGTGGAATCTTCCTTAGCCAAGTATCATGGGCTTTGGAAATTAGTTTCCCACCGATGAGCGCAACGACTTAGCGAAGCTTATGAAATTGGTGACAGCAGCTCTATGAATATGTTCCATGCGTTTCCATTCAGGTTACTAACAATGCATAAATTATGAGTAGTCTTTTTCATCACTATATAAAACCTTTTTCAAACGAAACGCTGTTTT,11
GTGTTGCAATAA,1,0,0
TAATTCGCAAGG,240,0,1
GAGTACTTTTCC,161,0,3
CTCATTATGGCT,143,0,104
GGCATTACTCGT,64,0,0
TCGTGAGCTTTC,43,0,0
AAAATGTAGACG,26,0,0
CTAATTAAACCG,100,0,0
CGATTCGAGAAG,100,0,0
CCTATTGATTAT,56,0,1
TCGGTCACGAAA,9,0,0
QCR9,33_37,variant,AACAATAGCAAGCGGACGATACGGACTAAAATGGTATGTTGGTGTGTGTGTGTGCTGCTTCACATTTCAGGTCAAAAATGTTATCCGTGGAATCTTCCTTAGCCAAGTATCATGGGCTTTGGAAATTAGTTTCCCACCGATGAGCGCAACGACTTAGCGAAGCTTATGAAATTGGTGACAGCAGCTCTATGAATATGTTCCATGCGTTTCCATTCAGGTTACTAACAATGCATAAATTATGAGTAGTCTTTTTCATCACTATATAAAACCTTTTTCAAACGAAACGCTGTTTT,11
GTAGTTGCGGTC,28,0,0
GGGTTGGATCTG,157,0,0
TATTAAATAACG,44,0,1
TCCCCTGGGCAA,83,0,1
CGGGGGAGTGTC,79,0,0
TTAGATTGTCTA,115,0,1
CAGTTAGCTAGA,65,0,0
GGTACTGGTCTT,135,0,1
GACAGCACAAGG,131,0,1
CTACGATACGAT,124,0,1
CGCTGTTATCAG,56,0,0
QCR9,33_37,variant,AACAATAGCAAGCGGACGATACGGACTAAAATGGTATGTTGGTGTGTGTGTGTGCTGCTTCACATTTCAGTTAAAAAATGTTATCCGTGGAATCTTCCTTAGCCAAGTATCATGGGCTTTGGAAATTAGTTTCCCACCGATGAGCGCAACGACTTAGCGAAGCTTATGAAATTGGTGACAGCAGCTCTATGAATATGTTCCATGCGTTTCCATTCAGGTTACTAACAATGCATAAATTATGAGTAGTCTTTTTCATCACTATATAAAACCTTTTTCAAACGAAACGCTGTTTT,9
TTGTTTTTCCAC,131,0,0
GGCGACGCTTAT,155,0,1
CCTTCCGTATGC,116,0,2
GCCGGGTCTAAG,2,0,0
ATATAAGTGTTA,160,0,0
ATGTCACTATAT,42,0,0
GTAGCGATAGTT,77,0,0
ATTGCCGTTTGA,154,0,1
ACTGTTGACTCG,111,0,1
QCR9,33_37,compens,AACAATAGCAAGCGGACGATACGGACTAAAATGGTATGTTGGTGTGTGTGTGTGCTGCTTCACAAATTGCGCTAAAAATGTTATCCGTGGAATCTTCCTTAGCCAAGTATCATGGGCTTTGGAAATTAGTTTCCCACCGATGAGCGCAACGACTTAGCGAAGCGTACAATTTTGGTGACAGCAGCTCTATGAATATGTTCCATGCGTTTCCATTCAGGTTACTAACAATGCATAAATTATGAGTAGTCTTTTTCATCACTATATAAAACCTTTTTCAAACGAAACGCTGTTTT,12
GGGGAGCCCTTG,171,0,2
TCTTTCGGTCAG,125,0,0
TACTTCTTTATA,132,0,1
GAGTATTGGGTT,2,0,0
GTTTTATCTATA,196,0,2
TTTAATTTTACA,1,0,0
GTACAGTGGTGA,79,0,0
TGCCTGTTTACA,57,0,0
ATTACGACAGAC,13,0,0
GGACCACGTACG,52,0,0
TTGGATTAATCA,74,0,0
GACGATATTCCT,231,0,1
QCR9,33_37,compens,AACAATAGCAAGCGGACGATACGGACTAAAATGGTATGTTGGTGTGTGTGTGTGCTGCTTCACAATTGTCGCTAAAAATGTTATCCGTGGAATCTTCCTTAGCCAAGTATCATGGGCTTTGGAAATTAGTTTCCCACCGATGAGCGCAACGACTTAGCGAAGCGTAACAATTTGGTGACAGCAGCTCTATGAATATGTTCCATGCGTTTCCATTCAGGTTACTAACAATGCATAAATTATGAGTAGTCTTTTTCATCACTATATAAAACCTTTTTCAAACGAAACGCTGTTTT,6
GGAGTATTACGT,107,0,1
CGTGTGTGTTGA,99,0,0
GTTAGCGAGTAA,19,0,0
TGAGACTAGATC,2,0,0
AAAGGCACACCG,60,0,1
GTCGTTGAACCA,1,0,0
QCR9,33_37,compens,AACAATAGCAAGCGGACGATACGGACTAAAATGGTATGTTGGTGTGTGTGTGTGCTGCTTCACAACTTCGTTTAAAAATGTTATCCGTGGAATCTTCCTTAGCCAAGTATCATGGGCTTTGGAAATTAGTTTCCCACCGATGAGCGCAACGACTTAGCGAAAACTAGAAGTTTGGTGACAGCAGCTCTATGAATATGTTCCATGCGTTTCCATTCAGGTTACTAACAATGCATAAATTATGAGTAGTCTTTTTCATCACTATATAAAACCTTTTTCAAACGAAACGCTGTTTT,6
GTTACGTATACG,136,0,2
TTAATTTTTTTG,48,0,0
AGCTGGACGGCC,0,0,1
TGTTGTCATGTG,133,0,0
GTCGTGCTGGTG,43,0,0
TGCAGAGGAACG,147,0,3
QCR9,33_37,compens,AACAATAGCAAGCGGACGATACGGACTAAAATGGTATGTTGGTGTGTGTGTGTGCTGCTTCACAATGTCGCTTAAAAATGTTATCCGTGGAATCTTCCTTAGCCAAGTATCATGGGCTTTGGAAATTAGTTTCCCACCGATGAGCGCAACGACTTAGCGAAAGCTAGACATTTGGTGACAGCAGCTCTATGAATATGTTCCATGCGTTTCCATTCAGGTTACTAACAATGCATAAATTATGAGTAGTCTTTTTCATCACTATATAAAACCTTTTTCAAACGAAACGCTGTTTT,13
AAACAGGGATAA,191,0,1
AAGCTTTATATT,77,0,0
GTACTAGGGTAG,13,0,0
TGTAAAGCTGGG,0,1,0
TATCTTCCCATA,118,0,1
AATTGTGAGGGC,75,0,0
GGGCACTAGAGG,1,0,0
ACATGAAGGAAG,0,2,0
TATGTCGAGATA,130,0,0
TCGTACATAATG,48,0,0
GTATTTACTCGG,0,1,0
GAAACAATTATC,1,0,0
GGATCCATCGAA,0,4,0
QCR9,33_37,compens,AACAATAGCAAGCGGACGATACGGACTAAAATGGTATGTTGGTGTGTGTGTGTGCTGCTTCACAATTGTCGCTAAAAATGTTATCCGTGGAATCTTCCTTAGCCAAGTATCATGGGCTTTGGAAATTAGTTTCCCACCGATGAGCGCAACGACTTAGCGAAGCGTAACAATTTGGTGACAGCAGCTCTATGAATATGTTCCATGCGTTTCCATTCAGGTTACTAACAATGCATAAATTATGAGTAGTCTTTTTCATCACTATATAAAACCTTTTTCAAACGAAACGCTGTTTT,6
GGAGTATTACGT,107,0,1
CGTGTGTGTTGA,99,0,0
GTTAGCGAGTAA,19,0,0
TGAGACTAGATC,2,0,0
AAAGGCACACCG,60,0,1
GTCGTTGAACCA,1,0,0
QCR9,33_37,compens,AACAATAGCAAGCGGACGATACGGACTAAAATGGTATGTTGGTGTGTGTGTGTGCTGCTTCACAATTATCGCTAAAAATGTTATCCGTGGAATCTTCCTTAGCCAAGTATCATGGGCTTTGGAAATTAGTTTCCCACCGATGAGCGCAACGACTTAGCGAAGCGTAATAATTTGGTGACAGCAGCTCTATGAATATGTTCCATGCGTTTCCATTCAGGTTACTAACAATGCATAAATTATGAGTAGTCTTTTTCATCACTATATAAAACCTTTTTCAAACGAAACGCTGTTTT,15
GTCCATTTTCGC,148,0,0
CTTTACAGTCAG,1,0,0
GGGCCTTAAGTT,59,0,1
CACCGCTTATTG,3,0,0
TCTCCACAAACA,69,0,0
CGGGCAAGGAGG,5,0,0
GGTACGCTTTAT,101,0,2
TCCCCACACTGT,104,0,0
TGAGTCGGAACG,137,0,0
CTGCGGCGAAAA,1,0,0
AAGGGGAGTCCA,125,0,1
GTATTTCGCCGG,16,0,1
TTTCATATATCA,110,0,1
TTTTGAAGCTGA,2,0,0
GCGAACGCGGGG,62,0,0
QCR9,33_37,compens,AACAATAGCAAGCGGACGATACGGACTAAAATGGTATGTTGGTGTGTGTGTGTGCTGCTTCACATTTCAGGTCAAAAATGTTATCCGTGGAATCTTCCTTAGCCAAGTATCATGGGCTTTGGAAATTAGTTTCCCACCGATGAGCGCAACGACTTAGCGAGACCTATGAAATTGGTGACAGCAGCTCTATGAATATGTTCCATGCGTTTCCATTCAGGTTACTAACAATGCATAAATTATGAGTAGTCTTTTTCATCACTATATAAAACCTTTTTCAAACGAAACGCTGTTTT,18
TCGTATCAAACA,92,0,0
CATTACGTTTCT,19,0,0
GCGCATTCCACT,158,0,1
TACTCGCCGTCA,199,0,0
TCAAGGGCAGCA,29,0,0
GAGTTATCAGAA,52,0,1
GGAGCCGGTCCG,94,0,2
TGTCATATGTTC,85,0,0
TAAAAACGGGGT,172,0,1
AGTGGCGCGCGG,13,0,0
GCTGTTTACTGC,68,0,0
GCAGGGCTTTTA,76,0,0
TGAAGTAGTTGG,122,0,1
GTATATACGTTG,22,0,1
ATCTCTCGTATG,2,0,0
TTCACCCCACCT,30,0,0
ATTGTGGCTATG,16,0,1
AGACGTTGCAAG,102,0,1
QCR9,33_37,compens,AACAATAGCAAGCGGACGATACGGACTAAAATGGTATGTTGGTGTGTGTGTGTGCTGCTTCACATTTCAGTTAAAAAATGTTATCCGTGGAATCTTCCTTAGCCAAGTATCATGGGCTTTGGAAATTAGTTTCCCACCGATGAGCGCAACGACTTAGCGATAACTATGAAATTGGTGACAGCAGCTCTATGAATATGTTCCATGCGTTTCCATTCAGGTTACTAACAATGCATAAATTATGAGTAGTCTTTTTCATCACTATATAAAACCTTTTTCAAACGAAACGCTGTTTT,19
TAAGATTATTTT,3,0,0
TTTCTCAAACTT,72,0,0
TCTCATATTGTT,59,0,0
GGGGGAATGGGA,140,0,0
AAATTCGACGAA,6,0,0
GGCATTCAGTTT,146,0,0
GTGTCGTTTTCT,46,0,0
TATGCAGTGCTG,190,0,1
CTAGCATTTATT,133,0,1
GCGTATTTTATT,1,0,0
CAAGAGTGGGTT,16,0,1
GGAGGTGTTCGT,0,0,0
AAACCTTATAGT,131,0,1
GAACCTACCTAT,162,0,3
ATGTCAGTTGTA,1,0,0
TTAAGTTACATT,292,0,5
GGCCAGGGCGGT,57,0,0
ACTTATCAAGCG,1,0,0
ACTTATCAAGCC,128,0,0
QCR9,21_28_33_37,variant,AACAATAGCAAGCGGACGATACGGACTAAAATGGTATGTTGGTGTGTGTGTGTGCTAGCTGTCATCGACCTTTAAAAATGTTATCCGTGGAATCTTCCTTAGCCAAGTATCATGGGCTTTGGAAATTAGTTTCCCACCGATGAGCGCAACGACTTAGCGAAGCTTATGAAATTGGTGACAGCAGCTCTATGAATATGTTCCATGCGTTTCCATTCAGGTTACTAACAATGCATAAATTATGAGTAGTCTTTTTCATCACTATATAAAACCTTTTTCAAACGAAACGCTGTTTT,30
CCTATAAACTTG,285,0,1
CTTCAACCTGCT,145,1,3
AACATTTAATCT,12,0,1
GGAGCACGATGG,14,0,0
TTTGATCAAAAA,107,0,0
TGTGGTCCTGGG,98,0,1
GCAAGATTTTCG,143,0,0
GTCGAATTGCAA,75,0,0
CTGAGGAACTCG,138,0,1
TTTCGATAATTT,30,0,0
CCTCTTTATGGT,1,0,0
TGAAACGATGGG,1,0,0
GGTTCCGTCCTA,96,0,0
TCCTAGGGTACT,277,0,3
TCCGCTGGTTGC,1,0,0
CAGTGTACATCA,4,0,0
TCGCCGATGTCG,108,0,2
GGTTTCGGGGGG,0,1,0
TAAAGGTCAACC,155,0,0
TCGTAACGGACA,59,0,1
TTGTTAAAACAA,80,0,0
TAAAGCGGGATA,134,0,2
AACTTCGCTGTC,124,0,1
AGTGGGATCCTC,2,0,0
CAGGGGTATCTC,13,0,0
ACATTTGTGCAA,23,0,0
TCCCGTCTGTGT,107,0,2
GCCTGTACATGT,57,0,0
GAGTCCTGTGTG,139,0,0
TTATCTGAATTC,38,0,0
QCR9,21_28_33_37,variant,AACAATAGCAAGCGGACGATACGGACTAAAATGGTATGTTGGTGTGTGTGTGTTGCGCCTTCAAGTGCTTCTAAAAAATGTTATCCGTGGAATCTTCCTTAGCCAAGTATCATGGGCTTTGGAAATTAGTTTCCCACCGATGAGCGCAACGACTTAGCGAAGCTTATGAAATTGGTGACAGCAGCTCTATGAATATGTTCCATGCGTTTCCATTCAGGTTACTAACAATGCATAAATTATGAGTAGTCTTTTTCATCACTATATAAAACCTTTTTCAAACGAAACGCTGTTTT,10
CATGTCAAATTT,96,0,2
GTGTTCTTAATC,1,0,0
TAGGAGACCAGA,20,0,2
ATGTACGCTCCT,115,0,1
GCTGTTTGCTTC,5,0,0
CTTGTTTGCGAG,14,0,0
TAAATGCTCCCG,13,0,0
TCTAATTAATCC,2,0,0
CTGGGGTTTCGT,116,0,0
GGACGCACGGAT,125,0,1
QCR9,21_28_33_37,variant,AACAATAGCAAGCGGACGATACGGACTAAAATGGTATGTTGGTGTGTGTGTGTCTAGTTCATCATCGTGCGCTAAAAATGTTATCCGTGGAATCTTCCTTAGCCAAGTATCATGGGCTTTGGAAATTAGTTTCCCACCGATGAGCGCAACGACTTAGCGAAGCTTATGAAATTGGTGACAGCAGCTCTATGAATATGTTCCATGCGTTTCCATTCAGGTTACTAACAATGCATAAATTATGAGTAGTCTTTTTCATCACTATATAAAACCTTTTTCAAACGAAACGCTGTTTT,12
CAATTTCTGCCT,206,0,2
GGACCTTGTGGT,2,0,0
ATTGCCCGAGTT,157,0,2
TACCGCAAACCT,131,0,1
TGTTACTCGTTA,10,0,0
ATAGCATGAACA,1,0,0
GGCGAGTAAGGA,156,0,1
GATGCGTTTACT,44,0,0
CGGCTATCCGTG,125,0,0
TGTTGTGACTCC,1,0,0
ACGCTATAAATG,136,0,2
CGGATATAATCA,62,0,0
QCR9,21_28_33_37,variant,AACAATAGCAAGCGGACGATACGGACTAAAATGGTATGTTGGTGTGTGTGTGTCTCCCCGATTATAGGTCGTTAAAAATGTTATCCGTGGAATCTTCCTTAGCCAAGTATCATGGGCTTTGGAAATTAGTTTCCCACCGATGAGCGCAACGACTTAGCGAAGCTTATGAAATTGGTGACAGCAGCTCTATGAATATGTTCCATGCGTTTCCATTCAGGTTACTAACAATGCATAAATTATGAGTAGTCTTTTTCATCACTATATAAAACCTTTTTCAAACGAAACGCTGTTTT,8
CTTCCCGAGGAC,2,0,0
CTGGACGAGAGG,217,0,3
ATTGTCGTAGGC,0,1,0
TGTTGGAACTTT,185,0,5
GTATGACATGGC,2,0,0
CCTTTGTCCTTT,25,0,0
GCTAATAACGGG,1,0,0
GTCCTACCCGGT,27,0,0
QCR9,21_28_33_37,variant,AACAATAGCAAGCGGACGATACGGACTAAAATGGTATGTTGGTGTGTGTGTGTGCTGCTTGTCACAACTCGTTAAAAATGTTATCCGTGGAATCTTCCTTAGCCAAGTATCATGGGCTTTGGAAATTAGTTTCCCACCGATGAGCGCAACGACTTAGCGAAGCTTATGAAATTGGTGACAGCAGCTCTATGAATATGTTCCATGCGTTTCCATTCAGGTTACTAACAATGCATAAATTATGAGTAGTCTTTTTCATCACTATATAAAACCTTTTTCAAACGAAACGCTGTTTT,14
GTCTATTCCAGA,47,0,1
ATTTTTATCAAT,1,0,0
GCGGCTTCTTGC,88,0,0
ATTACAATTTGA,83,0,0
CTATTGTAATCT,119,0,1
CGTTTGATAACA,119,0,0
GCGGAGTCTGTT,14,0,0
GCCTTGCTTATT,2,0,0
ACGTACACGAGG,43,0,0
CTTATAAGATAA,3,0,0
TGGGACTCGTCG,54,0,0
GAAGTACCGGGA,74,0,0
CGATAATGCCAG,88,0,0
TGTGACTGCTCC,6,0,0
QCR9,21_28_33_37,variant,AACAATAGCAAGCGGACGATACGGACTAAAATGGTATGTTGGTGTGTGTGTGTGCTGTTTGTCACCACCGTATAAAAATGTTATCCGTGGAATCTTCCTTAGCCAAGTATCATGGGCTTTGGAAATTAGTTTCCCACCGATGAGCGCAACGACTTAGCGAAGCTTATGAAATTGGTGACAGCAGCTCTATGAATATGTTCCATGCGTTTCCATTCAGGTTACTAACAATGCATAAATTATGAGTAGTCTTTTTCATCACTATATAAAACCTTTTTCAAACGAAACGCTGTTTT,9
TCCAACTGTAAA,1,0,0
GGCAAGGCGGGG,89,0,1
CTCGTCTAGCTC,26,0,0
GTTTTCATGTTC,151,0,0
GAGTGGTGGCCA,1,0,0
CCTACATGGGTT,11,0,0
GTCTGTAAAATT,4,0,0
TCGCCCGCGCAC,3,0,0
CTCGGTTTTAGC,137,0,1
QCR9,21_28_33_37,variant,AACAATAGCAAGCGGACGATACGGACTAAAATGGTATGTTGGTGTGTGTGTGTGCTGCTTTGAACCAATATCTAAAAATGTTATCCGTGGAATCTTCCTTAGCCAAGTATCATGGGCTTTGGAAATTAGTTTCCCACCGATGAGCGCAACGACTTAGCGAAGCTTATGAAATTGGTGACAGCAGCTCTATGAATATGTTCCATGCGTTTCCATTCAGGTTACTAACAATGCATAAATTATGAGTAGTCTTTTTCATCACTATATAAAACCTTTTTCAAACGAAACGCTGTTTT,7
ATGCTCGGGTAA,146,0,1
CATTTTGGTGGC,0,1,0
CTAAGTGTCGGA,13,0,0
ACTCAGGTCTTA,101,0,1
TTTTCAGCGTGC,126,0,1
CGTAGTTTGCTC,3,0,0
GGCTGAGATACT,1,0,0
QCR9,21_28_33_37,variant,AACAATAGCAAGCGGACGATACGGACTAAAATGGTATGTTGGTGTGTGTGTGTCGCACTTCATAGCTTGTCGTAAAAATGTTATCCGTGGAATCTTCCTTAGCCAAGTATCATGGGCTTTGGAAATTAGTTTCCCACCGATGAGCGCAACGACTTAGCGAAGCTTATGAAATTGGTGACAGCAGCTCTATGAATATGTTCCATGCGTTTCCATTCAGGTTACTAACAATGCATAAATTATGAGTAGTCTTTTTCATCACTATATAAAACCTTTTTCAAACGAAACGCTGTTTT,0
QCR9,21_28_33_37,variant,AACAATAGCAAGCGGACGATACGGACTAAAATGGTATGTTGGTGTGTGTGTGTGCTGCTTGTCACTTCAGTCCAAAAATGTTATCCGTGGAATCTTCCTTAGCCAAGTATCATGGGCTTTGGAAATTAGTTTCCCACCGATGAGCGCAACGACTTAGCGAAGCTTATGAAATTGGTGACAGCAGCTCTATGAATATGTTCCATGCGTTTCCATTCAGGTTACTAACAATGCATAAATTATGAGTAGTCTTTTTCATCACTATATAAAACCTTTTTCAAACGAAACGCTGTTTT,6
ATATGGAAATTA,82,0,0
AACATTATTATA,22,0,0
CATCCGTGTGAA,111,0,0
TTGCACGGGGTG,107,0,0
GTTACCACTTTA,0,1,0
ACGCAGTCACTA,10,0,0
QCR9,21_28_33_37,variant,AACAATAGCAAGCGGACGATACGGACTAAAATGGTATGTTGGTGTGTGTGTGTGCTGCTAGTCATCTCAGTCTAAAAATGTTATCCGTGGAATCTTCCTTAGCCAAGTATCATGGGCTTTGGAAATTAGTTTCCCACCGATGAGCGCAACGACTTAGCGAAGCTTATGAAATTGGTGACAGCAGCTCTATGAATATGTTCCATGCGTTTCCATTCAGGTTACTAACAATGCATAAATTATGAGTAGTCTTTTTCATCACTATATAAAACCTTTTTCAAACGAAACGCTGTTTT,9
CATGATAGTGTC,27,0,0
TCTCAGGTCTGG,98,0,0
CGTGTTTCAAAT,0,1,0
AGTGGCGGTTAC,99,0,0
CGGAAGGGTTAA,113,0,1
GACCGAGAAAGT,110,0,1
CAGCCGCTGGTG,1,0,0
TAAGTCAGAGGC,124,0,0
AACGCCGTTACT,17,0,0
QCR9,21_28_33_37,variant,AACAATAGCAAGCGGACGATACGGACTAAAATGGTATGTTGGTGTGTGTGTGTGCTGCTTTAGATCTGTCACCAAAAATGTTATCCGTGGAATCTTCCTTAGCCAAGTATCATGGGCTTTGGAAATTAGTTTCCCACCGATGAGCGCAACGACTTAGCGAAGCTTATGAAATTGGTGACAGCAGCTCTATGAATATGTTCCATGCGTTTCCATTCAGGTTACTAACAATGCATAAATTATGAGTAGTCTTTTTCATCACTATATAAAACCTTTTTCAAACGAAACGCTGTTTT,7
GAGGAAAAAGAC,1,0,0
TGTGAGATTCCC,114,0,1
GCAACTCCGCCA,150,0,2
TATTCTGTACTT,1,0,0
GGACGAATCATA,121,0,0
GAGAAAATTGGA,141,0,0
GGAGAGGCGGCT,95,0,1
QCR9,21_28_33_37,variant,AACAATAGCAAGCGGACGATACGGACTAAAATGGTATGTTGGTGTGTGTGTGTGCTGCTTATCACTTCAGTCGAAAAATGTTATCCGTGGAATCTTCCTTAGCCAAGTATCATGGGCTTTGGAAATTAGTTTCCCACCGATGAGCGCAACGACTTAGCGAAGCTTATGAAATTGGTGACAGCAGCTCTATGAATATGTTCCATGCGTTTCCATTCAGGTTACTAACAATGCATAAATTATGAGTAGTCTTTTTCATCACTATATAAAACCTTTTTCAAACGAAACGCTGTTTT,1
GGCCGTATCCGT,139,0,1
QCR9,21_28_33_37,compens,AACAATAGCAAGCGGACGATACGGACTAAAATGGTATGTTGGTGTGTGTGTGTGCTAGCTGTCATCGACCTTTAAAAATGTTATCCGTGGAATCTTCCTTAGCCAAGTATCATGGGCTTTGGAAATTAGTTTCCCACCGATGAGCGCAACGACTTAGCGAAAAGTAGTCGATTGGACACGCTAGCTCTATGAATATGTTCCATGCGTTTCCATTCAGGTTACTAACAATGCATAAATTATGAGTAGTCTTTTTCATCACTATATAAAACCTTTTTCAAACGAAACGCTGTTTT,6
TTCAGAAGATTA,13,0,0
ACGACTGCCGGC,129,0,1
GGAGCGGCTTAA,136,0,0
GTCCCCGTGCGT,41,0,0
ATCGTGGGGTCG,10,0,0
GTAAACTGCGGG,0,1,0
QCR9,21_28_33_37,compens,AACAATAGCAAGCGGACGATACGGACTAAAATGGTATGTTGGTGTGTGTGTGTTGCGCCTTCAAGTGCTTCTAAAAAATGTTATCCGTGGAATCTTCCTTAGCCAAGTATCATGGGCTTTGGAAATTAGTTTCCCACCGATGAGCGCAACGACTTAGCGATAGATAAGCACTTGTGAACGGCGCATCTATGAATATGTTCCATGCGTTTCCATTCAGGTTACTAACAATGCATAAATTATGAGTAGTCTTTTTCATCACTATATAAAACCTTTTTCAAACGAAACGCTGTTTT,11
ATTCACGATCGG,1,0,0
TTGTGATATTGG,50,0,1
TCGGCTACTTGG,57,0,1
GAAGCTTAGGGG,80,0,0
GTCTCGGCAGGG,5,0,0
TATATGGGTGCG,118,0,1
TTGATGGGGACC,7,0,0
GCAGCAGCGGAG,11,0,0
TATTTGATGGGA,84,0,0
TTATATTTGACA,1,0,0
CCCTAAGGAAGA,144,0,0
QCR9,21_28_33_37,compens,AACAATAGCAAGCGGACGATACGGACTAAAATGGTATGTTGGTGTGTGTGTGTCTAGTTCATCATCGTGCGCTAAAAATGTTATCCGTGGAATCTTCCTTAGCCAAGTATCATGGGCTTTGGAAATTAGTTTCCCACCGATGAGCGCAACGACTTAGCGAAGCGTACACGATTGGATGCAACTAGTCTATGAATATGTTCCATGCGTTTCCATTCAGGTTACTAACAATGCATAAATTATGAGTAGTCTTTTTCATCACTATATAAAACCTTTTTCAAACGAAACGCTGTTTT,4
GTCATTCGATAA,262,0,3
GCACCGTACGTT,106,0,0
GTTACGTGACTG,88,0,1
GTTGGCAGTAGG,111,0,0
QCR9,21_28_33_37,compens,AACAATAGCAAGCGGACGATACGGACTAAAATGGTATGTTGGTGTGTGTGTGTCTCCCCGATTATAGGTCGTTAAAAATGTTATCCGTGGAATCTTCCTTAGCCAAGTATCATGGGCTTTGGAAATTAGTTTCCCACCGATGAGCGCAACGACTTAGCGAAACGTAACCTATTGAATCCGGGGAGTCTATGAATATGTTCCATGCGTTTCCATTCAGGTTACTAACAATGCATAAATTATGAGTAGTCTTTTTCATCACTATATAAAACCTTTTTCAAACGAAACGCTGTTTT,7
AGTAAGTTGCGA,153,0,2
CGATCAAATCAG,34,0,0
GGCGTAGTGGTT,108,0,2
CGATAACGCGAA,170,0,1
TCTGTGTAAGAG,1,0,0
TCAAGCCAGATA,2,0,0
TACGGCATGCGG,47,0,0
QCR9,21_28_33_37,compens,AACAATAGCAAGCGGACGATACGGACTAAAATGGTATGTTGGTGTGTGTGTGTGCTGCTTGTCACAACTCGTTAAAAATGTTATCCGTGGAATCTTCCTTAGCCAAGTATCATGGGCTTTGGAAATTAGTTTCCCACCGATGAGCGCAACGACTTAGCGAAACGTAAGTTGTTGGACACAGCAGCTCTATGAATATGTTCCATGCGTTTCCATTCAGGTTACTAACAATGCATAAATTATGAGTAGTCTTTTTCATCACTATATAAAACCTTTTTCAAACGAAACGCTGTTTT,6
GTGGAGCCAGGT,62,0,0
GTAGAAAGGACT,117,0,2
CCACCAAAGTCG,217,0,2
TTTTTAGCTCGT,49,0,0
AAAGACCAGTGC,22,0,0
CTCCTGCTCGGT,1,0,0
QCR9,21_28_33_37,compens,AACAATAGCAAGCGGACGATACGGACTAAAATGGTATGTTGGTGTGTGTGTGTGCTGTTTGTCACCACCGTATAAAAATGTTATCCGTGGAATCTTCCTTAGCCAAGTATCATGGGCTTTGGAAATTAGTTTCCCACCGATGAGCGCAACGACTTAGCGAATATTAGGTGGTTGGACACAACAGCTCTATGAATATGTTCCATGCGTTTCCATTCAGGTTACTAACAATGCATAAATTATGAGTAGTCTTTTTCATCACTATATAAAACCTTTTTCAAACGAAACGCTGTTTT,12
ATACTCTGGATC,13,0,1
TAGCTGGCGGGA,59,0,0
TAAGTATTATCT,1,0,0
TTACTAGTCTAA,134,0,0
GGGTGCGGGGGA,11,0,0
TTCGTAATCCGA,106,0,2
GCGTCGGCGATG,91,0,2
ACGGGCACGTAT,0,0,7
AAATGTATGTGC,1,0,0
ATGTTTGGTTGG,0,1,0
CTGGTAGGAGCG,1,0,0
GTTGTGTCAGGC,28,0,0
QCR9,21_28_33_37,compens,AACAATAGCAAGCGGACGATACGGACTAAAATGGTATGTTGGTGTGTGTGTGTGCTGCTTTGAACCAATATCTAAAAATGTTATCCGTGGAATCTTCCTTAGCCAAGTATCATGGGCTTTGGAAATTAGTTTCCCACCGATGAGCGCAACGACTTAGCGAAGATTAATTGGTTGTCAACAGCAGCTCTATGAATATGTTCCATGCGTTTCCATTCAGGTTACTAACAATGCATAAATTATGAGTAGTCTTTTTCATCACTATATAAAACCTTTTTCAAACGAAACGCTGTTTT,7
AGTGTAGACAAT,103,0,0
TCCCAGGGCGTA,45,0,0
TGGACGTATCTG,13,0,0
GTAGCCGGAAGA,106,0,1
TATTCATCGTAT,40,0,0
CATTTGTTCTTA,247,0,1
GAAAGCATCATT,104,0,0
QCR9,21_28_33_37,compens,AACAATAGCAAGCGGACGATACGGACTAAAATGGTATGTTGGTGTGTGTGTGTCGCACTTCATAGCTTGTCGTAAAAATGTTATCCGTGGAATCTTCCTTAGCCAAGTATCATGGGCTTTGGAAATTAGTTTCCCACCGATGAGCGCAACGACTTAGCGAACGATACAAGCTTGATGACAGTGCGTCTATGAATATGTTCCATGCGTTTCCATTCAGGTTACTAACAATGCATAAATTATGAGTAGTCTTTTTCATCACTATATAAAACCTTTTTCAAACGAAACGCTGTTTT,0
QCR9,21_28_33_37,compens,AACAATAGCAAGCGGACGATACGGACTAAAATGGTATGTTGGTGTGTGTGTGTGCTGCTTGTCACTTCAGTCCAAAAATGTTATCCGTGGAATCTTCCTTAGCCAAGTATCATGGGCTTTGGAAATTAGTTTCCCACCGATGAGCGCAACGACTTAGCGAGGATTATGAAGTTGGACACAGCAGCTCTATGAATATGTTCCATGCGTTTCCATTCAGGTTACTAACAATGCATAAATTATGAGTAGTCTTTTTCATCACTATATAAAACCTTTTTCAAACGAAACGCTGTTTT,8
AGGGATATCTTA,66,0,1
CTTTCTACCGGG,1,0,0
GCTTTTTGGGTG,33,0,0
TGAGGGGAAGCG,28,0,0
GGCTGGTTGATT,1,0,0
CTGATGTGCACT,42,0,1
TAACCCTGGTAT,1,0,0
TACAAATGAGCT,130,0,1
QCR9,21_28_33_37,compens,AACAATAGCAAGCGGACGATACGGACTAAAATGGTATGTTGGTGTGTGTGTGTGCTGCTAGTCATCTCAGTCTAAAAATGTTATCCGTGGAATCTTCCTTAGCCAAGTATCATGGGCTTTGGAAATTAGTTTCCCACCGATGAGCGCAACGACTTAGCGAAGATTATGAGATTGGACTCAGCAGCTCTATGAATATGTTCCATGCGTTTCCATTCAGGTTACTAACAATGCATAAATTATGAGTAGTCTTTTTCATCACTATATAAAACCTTTTTCAAACGAAACGCTGTTTT,10
GTAGAGATCGAT,3,0,0
CTAAAAGTTAAC,15,0,0
ACGGACCCACCG,5,0,0
GTGTGGGTTGAT,0,1,0
GGGCGAACGTAA,107,0,0
TGAAGGAGGGGA,11,0,0
CGTTTCTCGGGA,73,0,0
TGGTCAGAACAT,9,0,0
GAAAGGGACGTT,3,0,0
GTTGTTTGAAAG,115,0,0
QCR9,21_28_33_37,compens,AACAATAGCAAGCGGACGATACGGACTAAAATGGTATGTTGGTGTGTGTGTGTGCTGCTTTAGATCTGTCACCAAAAATGTTATCCGTGGAATCTTCCTTAGCCAAGTATCATGGGCTTTGGAAATTAGTTTCCCACCGATGAGCGCAACGACTTAGCGAGGTGTAACAGATTGCTAACAGCAGCTCTATGAATATGTTCCATGCGTTTCCATTCAGGTTACTAACAATGCATAAATTATGAGTAGTCTTTTTCATCACTATATAAAACCTTTTTCAAACGAAACGCTGTTTT,3
GGGTGTACAACT,6,0,0
GGGACCAGTGTT,65,0,4
GTAGGATTAAAA,118,0,0
QCR9,21_28_33_37,compens,AACAATAGCAAGCGGACGATACGGACTAAAATGGTATGTTGGTGTGTGTGTGTGCTGCTTATCACTTCAGTCGAAAAATGTTATCCGTGGAATCTTCCTTAGCCAAGTATCATGGGCTTTGGAAATTAGTTTCCCACCGATGAGCGCAACGACTTAGCGACGATTATGAAGTTGGATACAGCAGCTCTATGAATATGTTCCATGCGTTTCCATTCAGGTTACTAACAATGCATAAATTATGAGTAGTCTTTTTCATCACTATATAAAACCTTTTTCAAACGAAACGCTGTTTT,6
GCCTATTAGCCG,118,0,0
GGCAACTATAAC,2,0,0
ACCTCATCTTTG,2,0,0
ACCAGTTTGAAA,117,0,2
ACTTATTACAGC,1,0,1
TGTTGGTCCGAG,50,0,0
QCR9,21_28_33,variant,AACAATAGCAAGCGGACGATACGGACTAAAATGGTATGTTGGTGTGTGTGTGTCCATATTGGGAGCTTCGGCTAAAAATGTTATCCGTGGAATCTTCCTTAGCCAAGTATCATGGGCTTTGGAAATTAGTTTCCCACCGATGAGCGCAACGACTTAGCGAAGCTTATGAAATTGGTGACAGCAGCTCTATGAATATGTTCCATGCGTTTCCATTCAGGTTACTAACAATGCATAAATTATGAGTAGTCTTTTTCATCACTATATAAAACCTTTTTCAAACGAAACGCTGTTTT,10
TAGTTGAAGATC,0,0,1
CCTTTCCTTAGA,34,0,0
TTATTTCATTTT,3,0,0
TAACCCGATTTC,50,0,0
GAGACAGTAATG,37,0,0
GTTGTGTCAATG,5,0,0
TACGATTGGGTA,105,0,0
GGGCTTGGCTTT,1,0,0
GATGCATTCGGG,3,0,0
GCGGTCGACATG,31,0,0
QCR9,21_28_33,variant,AACAATAGCAAGCGGACGATACGGACTAAAATGGTATGTTGGTGTGTGTGTGTACCATCGTTCAGTTTCGGCTAAAAATGTTATCCGTGGAATCTTCCTTAGCCAAGTATCATGGGCTTTGGAAATTAGTTTCCCACCGATGAGCGCAACGACTTAGCGAAGCTTATGAAATTGGTGACAGCAGCTCTATGAATATGTTCCATGCGTTTCCATTCAGGTTACTAACAATGCATAAATTATGAGTAGTCTTTTTCATCACTATATAAAACCTTTTTCAAACGAAACGCTGTTTT,16
ACGGTGGGTATC,1,0,0
TTCTCGATTATA,119,0,0
TTCTCGAGGCGT,48,0,0
ATTCACTGTGGG,249,2,1
GGTGGGTTGACA,4,0,0
GCGTCTAATGAA,102,0,0
GAGGAGCCCGCC,132,0,0
ATGGGCACAGCG,31,0,0
GTGGGAAGGCGC,38,0,0
CAAGGGACCATA,147,0,1
ACATTGATGCAT,71,0,1
GAGGCGTCCTAA,87,0,2
CCGGGCATTCAG,129,0,0
CGGCTACTGTGT,101,0,0
GGAGCTTTGGGT,74,0,1
AACAGCGACCCG,1,0,0
QCR9,21_28_33,variant,AACAATAGCAAGCGGACGATACGGACTAAAATGGTATGTTGGTGTGTGTGTGTCTATATCCCGAGTTTCGGCTAAAAATGTTATCCGTGGAATCTTCCTTAGCCAAGTATCATGGGCTTTGGAAATTAGTTTCCCACCGATGAGCGCAACGACTTAGCGAAGCTTATGAAATTGGTGACAGCAGCTCTATGAATATGTTCCATGCGTTTCCATTCAGGTTACTAACAATGCATAAATTATGAGTAGTCTTTTTCATCACTATATAAAACCTTTTTCAAACGAAACGCTGTTTT,21
GAGCTATCTCTG,64,0,1
AGGATCATCGGG,136,0,1
TAGTGGCCATTT,65,0,0
CTATTAACTCGA,127,0,0
GCAAAAAGCATC,146,0,2
GGAGCCTTATTA,308,0,1
ATGGGTTAGGAG,0,2,0
CGGCTGTTCAGT,1,0,0
ATCTACCAATTT,1,0,0
GGCTTTACCTGG,35,0,0
GACGCGGGCCGT,168,0,0
CAAAGGAGACTA,115,0,0
TTAGTAAATTGT,16,0,0
TGATTAATTTTC,106,0,0
CACGCAGGTCGT,1,0,0
CCAAGCCTACAT,21,0,0
TGCTGGTGTGGG,4,0,0
GACTTCGGTGTT,119,0,0
TAGTGTGTGTTA,10,0,0
GGAAGTTACCTC,103,0,0
TTGGTCACAGAG,11,0,0
QCR9,21_28_33,variant,AACAATAGCAAGCGGACGATACGGACTAAAATGGTATGTTGGTGTGTGTGTGTCTCTCTAGCTATAGTCGGCTAAAAATGTTATCCGTGGAATCTTCCTTAGCCAAGTATCATGGGCTTTGGAAATTAGTTTCCCACCGATGAGCGCAACGACTTAGCGAAGCTTATGAAATTGGTGACAGCAGCTCTATGAATATGTTCCATGCGTTTCCATTCAGGTTACTAACAATGCATAAATTATGAGTAGTCTTTTTCATCACTATATAAAACCTTTTTCAAACGAAACGCTGTTTT,9
CGACTTACGTGG,56,0,1
GGTACCCTAGTA,167,0,0
GTGCGGAAAGGG,54,0,0
GGTAAAGTTTCT,4,0,0
AGGGTGCTCTAT,2,0,0
GATAGGGGTCTG,2,0,0
AACACGTGGATG,1,0,0
GTGCCCAGTACG,1,0,0
CGGGGTCTCTTA,147,0,0
QCR9,21_28_33,compens,AACAATAGCAAGCGGACGATACGGACTAAAATGGTATGTTGGTGTGTGTGTGTCCATATTGGGAGCTTCGGCTAAAAATGTTATCCGTGGAATCTTCCTTAGCCAAGTATCATGGGCTTTGGAAATTAGTTTCCCACCGATGAGCGCAACGACTTAGCGAAGCTTAGAAGCTTGCCCACATATGGTCTATGAATATGTTCCATGCGTTTCCATTCAGGTTACTAACAATGCATAAATTATGAGTAGTCTTTTTCATCACTATATAAAACCTTTTTCAAACGAAACGCTGTTTT,7
GCGCTTGGACTC,95,0,1
CATACAACGTAA,131,0,1
GAAAGTCGGGTT,2,0,0
GTCCTGCTGGTG,4,0,0
ACAATTGTAAAT,87,0,1
CTCGGGGGTCGA,145,0,0
GTCTTATAAGAC,4,0,1
QCR9,21_28_33,compens,AACAATAGCAAGCGGACGATACGGACTAAAATGGTATGTTGGTGTGTGTGTGTACCATCGTTCAGTTTCGGCTAAAAATGTTATCCGTGGAATCTTCCTTAGCCAAGTATCATGGGCTTTGGAAATTAGTTTCCCACCGATGAGCGCAACGACTTAGCGAAGCTTAGAAACTTGGAACCGATGGTTCTATGAATATGTTCCATGCGTTTCCATTCAGGTTACTAACAATGCATAAATTATGAGTAGTCTTTTTCATCACTATATAAAACCTTTTTCAAACGAAACGCTGTTTT,10
TATGCAAGTACT,43,0,3
CTGAGAGGGGAT,56,0,1
ATTTCACCGAGA,34,0,0
GTTTTGGGTTAA,2,0,1
CTATATGGGGGT,129,0,1
GGCTCGTGGGCA,100,0,0
TTTACGGAGAGC,61,0,1
ACGTTCCCGGGC,7,0,0
TTTCCGTAACGT,91,0,1
AGGTGGAGATAA,123,0,1
QCR9,21_28_33,compens,AACAATAGCAAGCGGACGATACGGACTAAAATGGTATGTTGGTGTGTGTGTGTCTATATCCCGAGTTTCGGCTAAAAATGTTATCCGTGGAATCTTCCTTAGCCAAGTATCATGGGCTTTGGAAATTAGTTTCCCACCGATGAGCGCAACGACTTAGCGAAGCTTAGAAACTTGCGGGCATATAGTCTATGAATATGTTCCATGCGTTTCCATTCAGGTTACTAACAATGCATAAATTATGAGTAGTCTTTTTCATCACTATATAAAACCTTTTTCAAACGAAACGCTGTTTT,10
TCACGTCAACTG,0,1,0
GGGAGCCCTTTT,65,0,1
GGTGGGGCTTCC,178,0,2
AGCGCATTCCAA,1,0,0
TGCGTCTCGGGT,176,0,1
GCAGACGTGTGG,27,0,0
AGATAATACGGG,6,0,0
GCTGGATATTGA,73,0,0
CACATAAAGAGT,1,0,0
GCCGTCTCGGGG,1,0,0
QCR9,21_28_33,compens,AACAATAGCAAGCGGACGATACGGACTAAAATGGTATGTTGGTGTGTGTGTGTCTCTCTAGCTATAGTCGGCTAAAAATGTTATCCGTGGAATCTTCCTTAGCCAAGTATCATGGGCTTTGGAAATTAGTTTCCCACCGATGAGCGCAACGACTTAGCGAAGCTTAGACTATTGAGCTCAGAGAGTCTATGAATATGTTCCATGCGTTTCCATTCAGGTTACTAACAATGCATAAATTATGAGTAGTCTTTTTCATCACTATATAAAACCTTTTTCAAACGAAACGCTGTTTT,7
TGGTGAGAGTTC,1,0,0
ACGATTCTTGGG,1,0,0
AGCTCCTTTGAC,25,0,0
CATGAGTTGGGG,10,0,0
ATATTTCAGCGT,76,0,0
TGGGATAAGGAC,22,0,0
TGTCATGCCGGT,1,0,0
QCR9,48,variant,AACAATAGCAAGCGGACGATACGGACTAAAATGGTATGTTGGTGTGTGTGTGTGCTGCTTCACATTTCAGGCTAAAAATGCTTAACGTGGAATCTTCCTTAGCCAAGTATCATGGGCTTTGGAAATTAGTTTCCCACCGATGAGCGCAACGACTTAGCGAAGCTTATGAAATTGGTGACAGCAGCTCTATGAATATGTTCCATGCGTTTCCATTCAGGTTACTAACAATGCATAAATTATGAGTAGTCTTTTTCATCACTATATAAAACCTTTTTCAAACGAAACGCTGTTTT,8
TGCAAGGCCTTT,0,1,0
TGGACCTACGTG,38,0,0
GCAGCCTGCGGA,152,0,0
TATTGGGAGGTT,7,0,0
GACGGTGGGGCG,58,0,1
CGCGTTTCATGT,1,0,0
AAACGGCCTTGA,46,0,1
GGCGTAGGAAGA,41,0,0
QCR9,48,variant,AACAATAGCAAGCGGACGATACGGACTAAAATGGTATGTTGGTGTGTGTGTGTGCTGCTTCACATTTCAGGCTAAAAATGCGTGACGTGGAATCTTCCTTAGCCAAGTATCATGGGCTTTGGAAATTAGTTTCCCACCGATGAGCGCAACGACTTAGCGAAGCTTATGAAATTGGTGACAGCAGCTCTATGAATATGTTCCATGCGTTTCCATTCAGGTTACTAACAATGCATAAATTATGAGTAGTCTTTTTCATCACTATATAAAACCTTTTTCAAACGAAACGCTGTTTT,18
GGAGTACGTTTT,175,0,1
AAGAGGATCAGC,0,47,0
TTGCGTCTAGAG,6,0,0
GACTGGTCAAGG,77,0,2
ACTCTTGCTTGC,2,0,0
ACCGCCACGATT,1,0,0
CGGAGGGGCAGC,0,2,0
GTTGAAGTTGTT,251,0,3
CCTTGATTAAGC,2,0,0
TAGGGCGGTAGC,82,0,0
GCGGTACACGCC,121,0,0
GACCTTGTCTCT,26,0,0
GATGTAGGGGCA,0,34,0
CAAATTGATGGT,0,1,0
GGCTCTGGGGAA,128,0,4
AGGGGTTTGCGG,1,0,0
AGATTTTTGGGT,3,0,0
ATATACTATCAT,65,0,0
QCR9,48,variant,AACAATAGCAAGCGGACGATACGGACTAAAATGGTATGTTGGTGTGTGTGTGTGCTGCTTCACATTTCAGGCTAAAAATGCTTACCGTGGAATCTTCCTTAGCCAAGTATCATGGGCTTTGGAAATTAGTTTCCCACCGATGAGCGCAACGACTTAGCGAAGCTTATGAAATTGGTGACAGCAGCTCTATGAATATGTTCCATGCGTTTCCATTCAGGTTACTAACAATGCATAAATTATGAGTAGTCTTTTTCATCACTATATAAAACCTTTTTCAAACGAAACGCTGTTTT,21
GGGAGAAACCAA,119,69,1
GGGAAATCTTTT,5,0,0
ATGCAAAGGGTA,51,0,1
AGTCGGGACGTT,93,0,0
AGGTACGCCTGT,0,0,0
GCGCGGCGGCGA,84,1,0
TTACGTTGATTA,41,2,0
CCCCGGGTATCC,77,0,0
AACCCGTACCAA,1,0,0
GTGCCGCCGCGT,0,2,0
CGTGGCCTGGGT,16,0,0
GTGTTTGCTTAC,4,0,0
TTTGCCCTCGTA,142,0,0
AAGGCCAATTAA,1,0,0
TTAAGGCAAGGA,0,44,0
GGGTGGATAAGA,1,0,0
TAGGGAGAGTGT,121,0,1
CCGGTTCGCGAC,64,0,1
TTCGATAATACT,104,0,1
GGACTAATAAAG,151,0,1
GGGAAAGTTAGC,1,0,0
QCR9,48,variant,AACAATAGCAAGCGGACGATACGGACTAAAATGGTATGTTGGTGTGTGTGTGTGCTGCTTCACATTTCAGGCTAAAAATGCGTAACGTGGAATCTTCCTTAGCCAAGTATCATGGGCTTTGGAAATTAGTTTCCCACCGATGAGCGCAACGACTTAGCGAAGCTTATGAAATTGGTGACAGCAGCTCTATGAATATGTTCCATGCGTTTCCATTCAGGTTACTAACAATGCATAAATTATGAGTAGTCTTTTTCATCACTATATAAAACCTTTTTCAAACGAAACGCTGTTTT,14
TTCGGATCAATG,131,0,1
ATCCAAATTCTC,93,0,0
GGCGTGATGCGA,36,1,0
ATTCCGGGCCCA,10,2,1
TTCGCATTCAGC,0,5,0
TTGCCTCGGTGT,140,0,3
CCTGTAGTCACT,33,0,0
TAACTTCTTTTT,1,0,0
TTATCTTACGGG,0,1,0
GTATAGTGCTCA,1,0,0
CTTTTACTGCCG,154,0,0
TACATCGGTGAT,0,1,0
GCCGACCTGTGA,2,0,0
GGTCGCCCGTTG,20,0,0
QCR9,48,compens,AACAATAGCAAGCGGACGATACGGACTAAAATGGTATGTTGGTGTGTGTGTGTGCTGCTTCACATTTCAGGCTAAAAATGCTTAACGTGGAATCTTCCTTAGCCAAGTATCATGGGCTTTGGAAATTAGTTTCCCACCTTAAGGCGCAACGACTTAGCGAAGCTTATGAAATTGGTGACAGCAGCTCTATGAATATGTTCCATGCGTTTCCATTCAGGTTACTAACAATGCATAAATTATGAGTAGTCTTTTTCATCACTATATAAAACCTTTTTCAAACGAAACGCTGTTTT,6
CGGGGGGGTTAG,52,0,1
TGTATTACCGCA,8,0,0
ATCGGCATCGTT,63,0,1
TGTGTCTACGCG,132,0,1
TTATCGGTCTAA,9,0,0
GTATTCTTGAAG,84,0,0
QCR9,48,compens,AACAATAGCAAGCGGACGATACGGACTAAAATGGTATGTTGGTGTGTGTGTGTGCTGCTTCACATTTCAGGCTAAAAATGCGTGACGTGGAATCTTCCTTAGCCAAGTATCATGGGCTTTGGAAATTAGTTTCCCACCTCACGGCGCAACGACTTAGCGAAGCTTATGAAATTGGTGACAGCAGCTCTATGAATATGTTCCATGCGTTTCCATTCAGGTTACTAACAATGCATAAATTATGAGTAGTCTTTTTCATCACTATATAAAACCTTTTTCAAACGAAACGCTGTTTT,10
TTGAGAACTTAC,181,0,2
AGCGGGGCGGTT,8,0,0
TTCTATGAGTAA,1,0,0
CCGGTGGTCGTT,38,0,0
AATCACCGTTGC,62,0,0
CGTCTTGATATT,0,0,0
CCTCTAAGGGCC,45,0,0
CTTTAGGTACTG,23,0,0
AGGCAGTAGAAG,52,0,0
ACGGGTTGTGAC,150,0,1
QCR9,48,compens,AACAATAGCAAGCGGACGATACGGACTAAAATGGTATGTTGGTGTGTGTGTGTGCTGCTTCACATTTCAGGCTAAAAATGCTTACCGTGGAATCTTCCTTAGCCAAGTATCATGGGCTTTGGAAATTAGTTTCCCACCGTAAGGCGCAACGACTTAGCGAAGCTTATGAAATTGGTGACAGCAGCTCTATGAATATGTTCCATGCGTTTCCATTCAGGTTACTAACAATGCATAAATTATGAGTAGTCTTTTTCATCACTATATAAAACCTTTTTCAAACGAAACGCTGTTTT,6
GCCAAGTTGTAA,77,0,0
TGCAAGTTCAGT,2,0,0
ACGGGGACATGG,1,0,0
TCGAAGGATATA,102,0,1
CGTTTATGATTT,68,0,0
TCGGACTGGAGC,76,0,1
QCR9,48,compens,AACAATAGCAAGCGGACGATACGGACTAAAATGGTATGTTGGTGTGTGTGTGTGCTGCTTCACATTTCAGGCTAAAAATGCGTAACGTGGAATCTTCCTTAGCCAAGTATCATGGGCTTTGGAAATTAGTTTCCCACCTTACGGCGCAACGACTTAGCGAAGCTTATGAAATTGGTGACAGCAGCTCTATGAATATGTTCCATGCGTTTCCATTCAGGTTACTAACAATGCATAAATTATGAGTAGTCTTTTTCATCACTATATAAAACCTTTTTCAAACGAAACGCTGTTTT,4
GGCTGCTCCTAT,2,0,0
TCAAGAATTTGG,160,0,0
GTAGGGTATGCT,147,0,1
GGATTTTTGTCG,142,0,2
QCR9,55,variant,AACAATAGCAAGCGGACGATACGGACTAAAATGGTATGTTGGTGTGTGTGTGTGCTGCTTCACATTTCAGGCTAAAAATGTTATCCAGGGAATCTTCCTTAGCCAAGTATCATGGGCTTTGGAAATTAGTTTCCCACCGATGAGCGCAACGACTTAGCGAAGCTTATGAAATTGGTGACAGCAGCTCTATGAATATGTTCCATGCGTTTCCATTCAGGTTACTAACAATGCATAAATTATGAGTAGTCTTTTTCATCACTATATAAAACCTTTTTCAAACGAAACGCTGTTTT,10
CGAATCTTGACA,0,1,0
CAAAAGACTGAG,215,0,1
GAGTAGTTGCTT,152,0,0
TTCATGTGAAAA,85,0,0
GTCTCGATCGTA,46,8,0
TGGGTGTTATAT,385,0,3
TGTGAAAGTCTT,0,1,0
GTTGTATTTTCC,69,0,0
CCGGTCTGTATG,120,0,0
GCCGGCTCACAA,108,0,0
QCR9,55,variant,AACAATAGCAAGCGGACGATACGGACTAAAATGGTATGTTGGTGTGTGTGTGTGCTGCTTCACATTTCAGGCTAAAAATGTTATCCGGGAAATCTTCCTTAGCCAAGTATCATGGGCTTTGGAAATTAGTTTCCCACCGATGAGCGCAACGACTTAGCGAAGCTTATGAAATTGGTGACAGCAGCTCTATGAATATGTTCCATGCGTTTCCATTCAGGTTACTAACAATGCATAAATTATGAGTAGTCTTTTTCATCACTATATAAAACCTTTTTCAAACGAAACGCTGTTTT,15
TCGGGGCTTAGA,11,0,0
TGTCGACAATTG,88,0,0
AGCCATTCAAAT,141,1,0
ATCAAGTACGCG,8,0,0
GTCAGGTACTCA,34,0,0
GGTGGTATCGCC,0,2,0
TTGGTATAGAAA,1,0,0
ATTTTATTTTGA,8,0,0
ACAGGCTGCGTG,36,0,0
TCTGACTATATC,1,0,0
GACCTATGGGAC,130,0,1
CCGTATGAGACG,25,0,0
GTGTAAAAAGAT,47,0,0
CTTCTACTGTGC,47,0,0
GCTTTGATGTGG,1,0,0
QCR9,55,variant,AACAATAGCAAGCGGACGATACGGACTAAAATGGTATGTTGGTGTGTGTGTGTGCTGCTTCACATTTCAGGCTAAAAATGTTATCCGGGGAATCTTCCTTAGCCAAGTATCATGGGCTTTGGAAATTAGTTTCCCACCGATGAGCGCAACGACTTAGCGAAGCTTATGAAATTGGTGACAGCAGCTCTATGAATATGTTCCATGCGTTTCCATTCAGGTTACTAACAATGCATAAATTATGAGTAGTCTTTTTCATCACTATATAAAACCTTTTTCAAACGAAACGCTGTTTT,9
ATTGGGGTACGG,130,0,1
TTTTGTAGCATC,170,0,3
GCGGTGGTGCTC,155,0,0
GGGTCTCATAGG,166,0,0
AGCACCTATCTT,1,0,0
TGCCCTTATCTT,144,0,0
CTTTTCGGGCCC,101,0,1
GACGGTGGACCA,32,0,0
GTGGGTACAATG,106,0,0
QCR9,55,variant,AACAATAGCAAGCGGACGATACGGACTAAAATGGTATGTTGGTGTGTGTGTGTGCTGCTTCACATTTCAGGCTAAAAATGTTATCCTGGGAATCTTCCTTAGCCAAGTATCATGGGCTTTGGAAATTAGTTTCCCACCGATGAGCGCAACGACTTAGCGAAGCTTATGAAATTGGTGACAGCAGCTCTATGAATATGTTCCATGCGTTTCCATTCAGGTTACTAACAATGCATAAATTATGAGTAGTCTTTTTCATCACTATATAAAACCTTTTTCAAACGAAACGCTGTTTT,21
TGTGTGGCAGGG,137,0,0
GCGGTCTTTGTT,117,0,3
TGACTAGGCGGC,45,0,0
CCCTCGACGTCG,92,0,0
AACCGGTCTAGA,82,0,0
GACGTGAATAGG,116,0,1
GCGTTGATAGAC,155,0,0
GTAATTACTACT,144,0,0
GAGGTCGTGGCC,15,0,0
TATAGAACGCCC,37,0,1
AGTCTGTTGGTT,48,0,0
TAGCGACTGGAA,1,0,0
TTCGCGCAGGAC,41,0,0
TGTCGACTGTAT,33,0,0
GTATAATGTGCG,150,0,2
TTATTTTTGTCC,57,0,0
AGAGTGCTGTCT,140,0,1
TACTCCGCAGAT,43,0,1
AAAGTTTGGTAC,185,0,2
GGACGGGGCGAT,1,0,0
TTTAAGGGTATG,71,0,1
QCR9,55,compens,AACAATAGCAAGCGGACGATACGGACTAAAATGGTATGTTGGTGTGTGTGTGTGCTGCTTCACATTTCAGGCTAAAAATGTTATCCAGGGAATCTTCCTTAGCCAAGTATCATGGGCTTTGGAAATTAGTTTCCCCTCGATGAGCGCAACGACTTAGCGAAGCTTATGAAATTGGTGACAGCAGCTCTATGAATATGTTCCATGCGTTTCCATTCAGGTTACTAACAATGCATAAATTATGAGTAGTCTTTTTCATCACTATATAAAACCTTTTTCAAACGAAACGCTGTTTT,5
ACTCTGTCGATC,310,0,0
GCAACTAGCGCA,66,0,2
TCTATCTGGGGG,56,0,1
TGATTGGTGAAA,55,0,0
TTTTTAGTGGGT,252,0,5
QCR9,55,compens,AACAATAGCAAGCGGACGATACGGACTAAAATGGTATGTTGGTGTGTGTGTGTGCTGCTTCACATTTCAGGCTAAAAATGTTATCCGGGAAATCTTCCTTAGCCAAGTATCATGGGCTTTGGAAATTAGTTTCTCCCCGATGAGCGCAACGACTTAGCGAAGCTTATGAAATTGGTGACAGCAGCTCTATGAATATGTTCCATGCGTTTCCATTCAGGTTACTAACAATGCATAAATTATGAGTAGTCTTTTTCATCACTATATAAAACCTTTTTCAAACGAAACGCTGTTTT,12
CAGATGTAGGTA,257,0,4
TTCCCTTAAGTT,121,0,3
TCAGCTTCCACG,39,0,0
AGACGATTTCCT,159,0,1
AGTGGAGGAATC,1,0,0
TTTAATAATTAT,1,0,0
CATGCTTCCAAG,1,0,0
AGAAGAGGCTCA,117,0,2
GCAGAATTTTTT,8,0,0
CGTCCGGGATCG,2,0,0
ATTTACTGGGTC,78,0,2
TATAAAATACGT,91,0,3
QCR9,55,compens,AACAATAGCAAGCGGACGATACGGACTAAAATGGTATGTTGGTGTGTGTGTGTGCTGCTTCACATTTCAGGCTAAAAATGTTATCCGGGGAATCTTCCTTAGCCAAGTATCATGGGCTTTGGAAATTAGTTTCCCCCCGATGAGCGCAACGACTTAGCGAAGCTTATGAAATTGGTGACAGCAGCTCTATGAATATGTTCCATGCGTTTCCATTCAGGTTACTAACAATGCATAAATTATGAGTAGTCTTTTTCATCACTATATAAAACCTTTTTCAAACGAAACGCTGTTTT,12
TGACTTTTTACG,232,0,0
CAGGTGTCCTAG,138,0,1
TCTCTCGCAGTG,102,0,1
TTCACTGTCTGG,101,0,0
GGTGGGTGTGCT,44,0,0
CTCTTGGTGTTG,50,0,1
TAAAGTTATTGA,147,0,0
ATCGTTTAATAC,7,0,0
AATAAGGGTATT,94,0,1
ATCTTTGAAACT,53,0,1
ATCGCCCGGGAA,142,0,1
ACACCGGCTGTA,59,0,0
QCR9,55,compens,AACAATAGCAAGCGGACGATACGGACTAAAATGGTATGTTGGTGTGTGTGTGTGCTGCTTCACATTTCAGGCTAAAAATGTTATCCTGGGAATCTTCCTTAGCCAAGTATCATGGGCTTTGGAAATTAGTTTCCCCACGATGAGCGCAACGACTTAGCGAAGCTTATGAAATTGGTGACAGCAGCTCTATGAATATGTTCCATGCGTTTCCATTCAGGTTACTAACAATGCATAAATTATGAGTAGTCTTTTTCATCACTATATAAAACCTTTTTCAAACGAAACGCTGTTTT,10
TAGCAAAGGGCG,163,0,3
GCGGTTAGGGCG,6,0,0
TGCCTAAAGCGT,115,0,2
GGGACGAGGTGG,119,0,1
GTTCGTTGTTGT,58,0,0
ATAAAAACTGGT,68,0,1
AACGCGGCGGCT,49,0,1
CTTCTAAGTTGT,1,0,0
GTCAGTCCCTTT,22,0,0
TCATCTTATATG,2,0,0
QCR9,55_58_60,variant,AACAATAGCAAGCGGACGATACGGACTAAAATGGTATGTTGGTGTGTGTGTGTGCTGCTTCACATTTCAGGCTAAAAATGTTATCCGGCCGCTTTTCCTTAGCCAAGTATCATGGGCTTTGGAAATTAGTTTCCCACCGATGAGCGCAACGACTTAGCGAAGCTTATGAAATTGGTGACAGCAGCTCTATGAATATGTTCCATGCGTTTCCATTCAGGTTACTAACAATGCATAAATTATGAGTAGTCTTTTTCATCACTATATAAAACCTTTTTCAAACGAAACGCTGTTTT,13
TGCGACTGGTAC,289,0,3
GGATCTATGGAG,1,0,0
TATTCATTTGGG,77,0,0
ATAGGGCTGCGC,140,0,1
GTCATGTAAAGC,230,0,3
GTGCTCGGGTCG,104,0,1
GACGCACGATTA,48,0,0
CGGGAGGTGTCT,136,0,1
AAAAAACTCCGG,117,0,1
CACCTCCGCTTA,103,0,0
GGGGTGGATGGG,2,0,0
CCTATGTCTGGG,54,0,0
GGTGAAAAGGTA,13,0,0
QCR9,55_58_60,variant,AACAATAGCAAGCGGACGATACGGACTAAAATGGTATGTTGGTGTGTGTGTGTGCTGCTTCACATTTCAGGCTAAAAATGTTATCCTACTAGTTTTCCTTAGCCAAGTATCATGGGCTTTGGAAATTAGTTTCCCACCGATGAGCGCAACGACTTAGCGAAGCTTATGAAATTGGTGACAGCAGCTCTATGAATATGTTCCATGCGTTTCCATTCAGGTTACTAACAATGCATAAATTATGAGTAGTCTTTTTCATCACTATATAAAACCTTTTTCAAACGAAACGCTGTTTT,10
TTTGCGCGCTGT,35,1,0
GGGAACGACTTA,136,0,2
GTGGGTGGAGGG,219,0,4
CGTCTAGAATAG,97,0,0
CGAAACGCCCAA,96,0,0
TCCGGATTTTTC,1,0,0
CGTTACTCTCGG,1,0,0
GGGCATCGTTCG,1,0,0
GAGTGGTGTATT,44,0,0
CACATTACGGTA,2,0,0
QCR9,55_58_60,variant,AACAATAGCAAGCGGACGATACGGACTAAAATGGTATGTTGGTGTGTGTGTGTGCTGCTTCACATTTCAGGCTAAAAATGTTATCCCTGCTATTTTCCTTAGCCAAGTATCATGGGCTTTGGAAATTAGTTTCCCACCGATGAGCGCAACGACTTAGCGAAGCTTATGAAATTGGTGACAGCAGCTCTATGAATATGTTCCATGCGTTTCCATTCAGGTTACTAACAATGCATAAATTATGAGTAGTCTTTTTCATCACTATATAAAACCTTTTTCAAACGAAACGCTGTTTT,5
CGGTTCTGAATT,0,1,0
CGTGTTTGGTGA,90,0,0
TTTGTTTCTGTG,100,0,0
TGGAGTTGTCCG,1,0,0
TTTATGCGAGAT,2,0,0
QCR9,55_58_60,variant,AACAATAGCAAGCGGACGATACGGACTAAAATGGTATGTTGGTGTGTGTGTGTGCTGCTTCACATTTCAGGCTAAAAATGTTATCCAGTCTATTTTCCTTAGCCAAGTATCATGGGCTTTGGAAATTAGTTTCCCACCGATGAGCGCAACGACTTAGCGAAGCTTATGAAATTGGTGACAGCAGCTCTATGAATATGTTCCATGCGTTTCCATTCAGGTTACTAACAATGCATAAATTATGAGTAGTCTTTTTCATCACTATATAAAACCTTTTTCAAACGAAACGCTGTTTT,3
AGATCCTGTGGG,5,0,0
TTGTTTCGCTAA,1,0,0
TGTTGATCACGT,9,0,0
QCR9,55_58_60,compens,AACAATAGCAAGCGGACGATACGGACTAAAATGGTATGTTGGTGTGTGTGTGTGCTGCTTCACATTTCAGGCTAAAAATGTTATCCGGCCGCTTTTCCTTAGCCAAGTATCATGGGCTTTGGAAATTAATGCCGGCCCGATGAGCGCAACGACTTAGCGAAGCTTATGAAATTGGTGACAGCAGCTCTATGAATATGTTCCATGCGTTTCCATTCAGGTTACTAACAATGCATAAATTATGAGTAGTCTTTTTCATCACTATATAAAACCTTTTTCAAACGAAACGCTGTTTT,11
CTGTTTACTTTT,181,0,1
CCAAGAGGCTTG,55,0,0
GTAGCACGGAGG,1,0,0
TTTGATGTTGCT,0,0,0
ATATTGCGTATT,1,0,0
CATCTTGTTTTG,59,0,0
CACAGATGCGCG,36,0,0
AGTAGCATTCCG,7,0,0
GCACATATATTA,165,0,0
TATCTTTGGGCG,8,0,0
ATGTATTGGTAT,112,0,0
QCR9,55_58_60,compens,AACAATAGCAAGCGGACGATACGGACTAAAATGGTATGTTGGTGTGTGTGTGTGCTGCTTCACATTTCAGGCTAAAAATGTTATCCTACTAGTTTTCCTTAGCCAAGTATCATGGGCTTTGGAAATTAATCTCAGTACGATGAGCGCAACGACTTAGCGAAGCTTATGAAATTGGTGACAGCAGCTCTATGAATATGTTCCATGCGTTTCCATTCAGGTTACTAACAATGCATAAATTATGAGTAGTCTTTTTCATCACTATATAAAACCTTTTTCAAACGAAACGCTGTTTT,7
GTAAACCAAGTA,1,0,0
TACAGTGAGTAC,147,0,5
CTCGGAATGGTT,77,0,1
GTCCTAGTAGTG,1,0,0
CACGACGAGATA,1,0,0
TCTTAATAACCA,131,0,1
TGGAGTGCACCA,1,1,0
QCR9,55_58_60,compens,AACAATAGCAAGCGGACGATACGGACTAAAATGGTATGTTGGTGTGTGTGTGTGCTGCTTCACATTTCAGGCTAAAAATGTTATCCCTGCTATTTTCCTTAGCCAAGTATCATGGGCTTTGGAAATTAATTACGCAGCGATGAGCGCAACGACTTAGCGAAGCTTATGAAATTGGTGACAGCAGCTCTATGAATATGTTCCATGCGTTTCCATTCAGGTTACTAACAATGCATAAATTATGAGTAGTCTTTTTCATCACTATATAAAACCTTTTTCAAACGAAACGCTGTTTT,10
AGCACGGTTAAT,60,0,1
CGGCGGCTCATT,54,0,0
GAATTGTGGATT,106,0,0
GCTTGTCATTGT,114,0,0
GCAAACCGGTTC,151,0,4
ACTAGTATCCGG,1,0,0
ACCTGAACGTAC,94,0,0
CCTGGCAGCGCA,1,0,0
CGGTAGTCAGTG,4,0,0
TCACAACACGCA,0,0,1
QCR9,55_58_60,compens,AACAATAGCAAGCGGACGATACGGACTAAAATGGTATGTTGGTGTGTGTGTGTGCTGCTTCACATTTCAGGCTAAAAATGTTATCCAGTCTATTTTCCTTAGCCAAGTATCATGGGCTTTGGAAATTAATTACGACTCGATGAGCGCAACGACTTAGCGAAGCTTATGAAATTGGTGACAGCAGCTCTATGAATATGTTCCATGCGTTTCCATTCAGGTTACTAACAATGCATAAATTATGAGTAGTCTTTTTCATCACTATATAAAACCTTTTTCAAACGAAACGCTGTTTT,0
QCR9,63_69,variant,AACAATAGCAAGCGGACGATACGGACTAAAATGGTATGTTGGTGTGTGTGTGTGCTGCTTCACATTTCAGGCTAAAAATGTTATCCGTGGAATCGAGATTATGAAAGTATCATGGGCTTTGGAAATTAGTTTCCCACCGATGAGCGCAACGACTTAGCGAAGCTTATGAAATTGGTGACAGCAGCTCTATGAATATGTTCCATGCGTTTCCATTCAGGTTACTAACAATGCATAAATTATGAGTAGTCTTTTTCATCACTATATAAAACCTTTTTCAAACGAAACGCTGTTTT,9
CTTGGGTGACGA,65,0,1
ATGATGTACACC,6,0,0
TGAAAGCCGGAT,51,0,0
GGCATACGACAA,0,1,0
TGAGGGGACCAG,82,0,0
TGCCTGTTTAGT,177,0,1
AGGTAGTAGAAC,122,0,0
TGTATAAAGAGA,63,0,2
GGGATGCTTGTT,79,0,1
QCR9,63_69,variant,AACAATAGCAAGCGGACGATACGGACTAAAATGGTATGTTGGTGTGTGTGTGTGCTGCTTCACATTTCAGGCTAAAAATGTTATCCGTGGAATCTGACTTAAGCAAGTATCATGGGCTTTGGAAATTAGTTTCCCACCGATGAGCGCAACGACTTAGCGAAGCTTATGAAATTGGTGACAGCAGCTCTATGAATATGTTCCATGCGTTTCCATTCAGGTTACTAACAATGCATAAATTATGAGTAGTCTTTTTCATCACTATATAAAACCTTTTTCAAACGAAACGCTGTTTT,13
TGGCTGCACAGT,10,0,0
GGAGGGTAGAAA,78,0,0
CCAACTCTGCAC,73,1,3
GATATTTTGTGA,26,0,0
ATGAGTATGGAC,95,0,0
TATTACGGATAT,34,0,0
TAAGCTAAGTGC,1,0,0
ATTACGCCGATG,37,0,1
TGGGATGACGGG,2,0,0
AAGGATGAAACG,115,0,1
TGCTGATTTAGG,158,0,2
AATTCGATAGAA,1,0,0
GTTATGATATTT,126,0,0
QCR9,63_69,variant,AACAATAGCAAGCGGACGATACGGACTAAAATGGTATGTTGGTGTGTGTGTGTGCTGCTTCACATTTCAGGCTAAAAATGTTATCCGTGGAATCAAAATTGTGCAAGTATCATGGGCTTTGGAAATTAGTTTCCCACCGATGAGCGCAACGACTTAGCGAAGCTTATGAAATTGGTGACAGCAGCTCTATGAATATGTTCCATGCGTTTCCATTCAGGTTACTAACAATGCATAAATTATGAGTAGTCTTTTTCATCACTATATAAAACCTTTTTCAAACGAAACGCTGTTTT,7
ATTACCGATTTC,160,0,3
CTAGTAACGTGT,69,0,1
TTCCTGGTGGCA,188,0,2
GAACAATATACA,166,0,1
GCTCAATATACT,1,0,0
GGCGGCTTGGCC,265,0,2
AGATGTTTAACC,124,0,0
QCR9,63_69,variant,AACAATAGCAAGCGGACGATACGGACTAAAATGGTATGTTGGTGTGTGTGTGTGCTGCTTCACATTTCAGGCTAAAAATGTTATCCGTGGAATCTGGGTTATACAAGTATCATGGGCTTTGGAAATTAGTTTCCCACCGATGAGCGCAACGACTTAGCGAAGCTTATGAAATTGGTGACAGCAGCTCTATGAATATGTTCCATGCGTTTCCATTCAGGTTACTAACAATGCATAAATTATGAGTAGTCTTTTTCATCACTATATAAAACCTTTTTCAAACGAAACGCTGTTTT,0
QCR9,63_69,compens,AACAATAGCAAGCGGACGATACGGACTAAAATGGTATGTTGGTGTGTGTGTGTGCTGCTTCACATTTCAGGCTAAAAATGTTATCCGTGGAATCGAGATTATGAAAGTATCATGTCATTTTCTCATTAGTTTCCCACCGATGAGCGCAACGACTTAGCGAAGCTTATGAAATTGGTGACAGCAGCTCTATGAATATGTTCCATGCGTTTCCATTCAGGTTACTAACAATGCATAAATTATGAGTAGTCTTTTTCATCACTATATAAAACCTTTTTCAAACGAAACGCTGTTTT,6
CGGATCTTGACG,1,0,0
GGAGATGGGAAC,119,0,3
GAGTTCGGGAAT,70,0,1
GCTGGAAATATG,51,0,1
TGATTCTTGGTC,38,0,0
TACGCGCCGTAT,69,0,0
QCR9,63_69,compens,AACAATAGCAAGCGGACGATACGGACTAAAATGGTATGTTGGTGTGTGTGTGTGCTGCTTCACATTTCAGGCTAAAAATGTTATCCGTGGAATCTGACTTAAGCAAGTATCATGGCTTTTGTCAATTAGTTTCCCACCGATGAGCGCAACGACTTAGCGAAGCTTATGAAATTGGTGACAGCAGCTCTATGAATATGTTCCATGCGTTTCCATTCAGGTTACTAACAATGCATAAATTATGAGTAGTCTTTTTCATCACTATATAAAACCTTTTTCAAACGAAACGCTGTTTT,7
TGGCTAAGCATG,104,0,0
GGCGGACACAGT,1,0,0
GAAAGGACGCGG,0,0,0
TTCTCTATATCT,60,0,0
GTTTTAAGTCCA,10,0,0
GAAGAGTTATAG,139,0,0
ACTGAGGGTTAA,108,0,1
QCR9,63_69,compens,AACAATAGCAAGCGGACGATACGGACTAAAATGGTATGTTGGTGTGTGTGTGTGCTGCTTCACATTTCAGGCTAAAAATGTTATCCGTGGAATCAAAATTGTGCAAGTATCATGGCACTTTTTTATTAGTTTCCCACCGATGAGCGCAACGACTTAGCGAAGCTTATGAAATTGGTGACAGCAGCTCTATGAATATGTTCCATGCGTTTCCATTCAGGTTACTAACAATGCATAAATTATGAGTAGTCTTTTTCATCACTATATAAAACCTTTTTCAAACGAAACGCTGTTTT,10
CTAGATCCGGCG,3,0,0
CATGCTGCGCAC,7,0,0
GACCGGAAGTAG,160,0,0
TTCCACGGCCTT,33,0,1
TATATTAGCTAT,14,0,0
AATTCTCATGTA,114,0,3
GATAAATTATCC,185,0,2
TCAATGTGTCAC,50,0,0
GTGTTTCGATAA,7,0,0
TTTTGATTTTGT,40,0,0
QCR9,63_69,compens,AACAATAGCAAGCGGACGATACGGACTAAAATGGTATGTTGGTGTGTGTGTGTGCTGCTTCACATTTCAGGCTAAAAATGTTATCCGTGGAATCTGGGTTATACAAGTATCATGGTATTTCCCAATTAGTTTCCCACCGATGAGCGCAACGACTTAGCGAAGCTTATGAAATTGGTGACAGCAGCTCTATGAATATGTTCCATGCGTTTCCATTCAGGTTACTAACAATGCATAAATTATGAGTAGTCTTTTTCATCACTATATAAAACCTTTTTCAAACGAAACGCTGTTTT,0
QCR9,55_58_60_63_69,variant,AACAATAGCAAGCGGACGATACGGACTAAAATGGTATGTTGGTGTGTGTGTGTGCTGCTTCACATTTCAGGCTAAAAATGTTATCCAATCTGTCCGGTTTCCGAAAGTATCATGGGCTTTGGAAATTAGTTTCCCACCGATGAGCGCAACGACTTAGCGAAGCTTATGAAATTGGTGACAGCAGCTCTATGAATATGTTCCATGCGTTTCCATTCAGGTTACTAACAATGCATAAATTATGAGTAGTCTTTTTCATCACTATATAAAACCTTTTTCAAACGAAACGCTGTTTT,4
GGGCTGTAGGTC,0,1,0
ATGCGTTCACTG,3,0,0
GGGCAGAGGACT,9,0,0
GTCTGGGATAAT,1,0,0
QCR9,55_58_60_63_69,variant,AACAATAGCAAGCGGACGATACGGACTAAAATGGTATGTTGGTGTGTGTGTGTGCTGCTTCACATTTCAGGCTAAAAATGTTATCCCGAGTATCCAGGTTTCCTAAGTATCATGGGCTTTGGAAATTAGTTTCCCACCGATGAGCGCAACGACTTAGCGAAGCTTATGAAATTGGTGACAGCAGCTCTATGAATATGTTCCATGCGTTTCCATTCAGGTTACTAACAATGCATAAATTATGAGTAGTCTTTTTCATCACTATATAAAACCTTTTTCAAACGAAACGCTGTTTT,6
GGAAGGGTCATG,165,0,0
GTGGGGGGTACG,3,0,0
GTAGCCTAGTTT,119,0,0
ATATAGGATTTA,147,0,1
AAATTACGTTTT,65,0,0
GGTTTGCGTCAA,116,0,1
QCR9,55_58_60_63_69,variant,AACAATAGCAAGCGGACGATACGGACTAAAATGGTATGTTGGTGTGTGTGTGTGCTGCTTCACATTTCAGGCTAAAAATGTTATCCGTATCTTTAATTTTCCACAAGTATCATGGGCTTTGGAAATTAGTTTCCCACCGATGAGCGCAACGACTTAGCGAAGCTTATGAAATTGGTGACAGCAGCTCTATGAATATGTTCCATGCGTTTCCATTCAGGTTACTAACAATGCATAAATTATGAGTAGTCTTTTTCATCACTATATAAAACCTTTTTCAAACGAAACGCTGTTTT,10
TGTATCACGTTT,1,0,0
GACCCGAGTCTC,21,0,1
ACAAGCTGGTCT,0,1,0
TAAGTGGGATTA,282,0,1
TGGGTTCGCGTG,6,0,0
GTGTAGATTAAG,136,0,1
GGATTAACCATA,125,0,0
AAAGTGAGTGAG,3,0,0
TCCTGGACGCAT,219,0,0
TCGCCTTAGGCT,12,0,0
QCR9,55_58_60_63_69,variant,AACAATAGCAAGCGGACGATACGGACTAAAATGGTATGTTGGTGTGTGTGTGTGCTGCTTCACATTTCAGGCTAAAAATGTTATCCTGTCTGTTTTTATTTCCAAAGTATCATGGGCTTTGGAAATTAGTTTCCCACCGATGAGCGCAACGACTTAGCGAAGCTTATGAAATTGGTGACAGCAGCTCTATGAATATGTTCCATGCGTTTCCATTCAGGTTACTAACAATGCATAAATTATGAGTAGTCTTTTTCATCACTATATAAAACCTTTTTCAAACGAAACGCTGTTTT,5
TATCGGGAGTTG,0,2,0
GATAAAACCAAA,0,1,0
GATGTCGATAAT,17,0,0
CATCGGGTTCTC,6,0,0
CTTGAGCTAATC,5,0,0
QCR9,55_58_60_63_69,compens,AACAATAGCAAGCGGACGATACGGACTAAAATGGTATGTTGGTGTGTGTGTGTGCTGCTTCACATTTCAGGCTAAAAATGTTATCCAATCTGTCCGGTTTCCGAAAGTATCATGTCGGTTACCGATTAGTCACGATTCGATGAGCGCAACGACTTAGCGAAGCTTATGAAATTGGTGACAGCAGCTCTATGAATATGTTCCATGCGTTTCCATTCAGGTTACTAACAATGCATAAATTATGAGTAGTCTTTTTCATCACTATATAAAACCTTTTTCAAACGAAACGCTGTTTT,3
CCAGGCAGTGAG,9,0,0
GTACTCCATCAA,10,0,0
GTCTTTGGGTTA,8,0,0
QCR9,55_58_60_63_69,compens,AACAATAGCAAGCGGACGATACGGACTAAAATGGTATGTTGGTGTGTGTGTGTGCTGCTTCACATTTCAGGCTAAAAATGTTATCCCGAGTATCCAGGTTTCCTAAGTATCATGAGGATTCCTGATTAGTTACCTCGCGATGAGCGCAACGACTTAGCGAAGCTTATGAAATTGGTGACAGCAGCTCTATGAATATGTTCCATGCGTTTCCATTCAGGTTACTAACAATGCATAAATTATGAGTAGTCTTTTTCATCACTATATAAAACCTTTTTCAAACGAAACGCTGTTTT,5
GAGCCGTGCGAT,4,0,0
TGTACTCTGCTC,3,0,0
GAGGCGGCTGGT,1,0,0
GACAGTGCGTCA,101,0,1
CTGGATACTGAT,66,0,1
QCR9,55_58_60_63_69,compens,AACAATAGCAAGCGGACGATACGGACTAAAATGGTATGTTGGTGTGTGTGTGTGCTGCTTCACATTTCAGGCTAAAAATGTTATCCGTATCTTTAATTTTCCACAAGTATCATGGTGGTTAATTATTAATAGCATACCGATGAGCGCAACGACTTAGCGAAGCTTATGAAATTGGTGACAGCAGCTCTATGAATATGTTCCATGCGTTTCCATTCAGGTTACTAACAATGCATAAATTATGAGTAGTCTTTTTCATCACTATATAAAACCTTTTTCAAACGAAACGCTGTTTT,2
CGACACAGGTTG,5,0,0
GCAGGGAGTCAC,115,0,0
QCR9,55_58_60_63_69,compens,AACAATAGCAAGCGGACGATACGGACTAAAATGGTATGTTGGTGTGTGTGTGTGCTGCTTCACATTTCAGGCTAAAAATGTTATCCTGTCTGTTTTTATTTCCAAAGTATCATGTGGATTTAAAATTAATCACGACACGATGAGCGCAACGACTTAGCGAAGCTTATGAAATTGGTGACAGCAGCTCTATGAATATGTTCCATGCGTTTCCATTCAGGTTACTAACAATGCATAAATTATGAGTAGTCTTTTTCATCACTATATAAAACCTTTTTCAAACGAAACGCTGTTTT,3
TTCTGCAGTGCA,0,0,89
CACGGCGGGATC,27,0,0
TTATGGCGGCTG,1,0,0
QCR9,69,variant,AACAATAGCAAGCGGACGATACGGACTAAAATGGTATGTTGGTGTGTGTGTGTGCTGCTTCACATTTCAGGCTAAAAATGTTATCCGTGGAATCTTCCTTGCTTAAGTATCATGGGCTTTGGAAATTAGTTTCCCACCGATGAGCGCAACGACTTAGCGAAGCTTATGAAATTGGTGACAGCAGCTCTATGAATATGTTCCATGCGTTTCCATTCAGGTTACTAACAATGCATAAATTATGAGTAGTCTTTTTCATCACTATATAAAACCTTTTTCAAACGAAACGCTGTTTT,7
TCTTCGTACCTA,1,0,0
TGGTGTAACCTG,155,0,0
GTAGTGGGTCGT,2,0,0
GATTTAATATAC,158,2,1
GGGCATGGCTTT,131,0,0
GGCTATTCTCAA,130,0,1
ATGGTTTACCGT,0,1,0
QCR9,69,variant,AACAATAGCAAGCGGACGATACGGACTAAAATGGTATGTTGGTGTGTGTGTGTGCTGCTTCACATTTCAGGCTAAAAATGTTATCCGTGGAATCTTCCTTTGAAAAGTATCATGGGCTTTGGAAATTAGTTTCCCACCGATGAGCGCAACGACTTAGCGAAGCTTATGAAATTGGTGACAGCAGCTCTATGAATATGTTCCATGCGTTTCCATTCAGGTTACTAACAATGCATAAATTATGAGTAGTCTTTTTCATCACTATATAAAACCTTTTTCAAACGAAACGCTGTTTT,17
AGGTAATTGCTT,2,0,0
GTATTACGTGGA,219,0,1
TGTTGGACCCGG,47,0,0
GACTGAAGCTTT,30,0,0
AAAGAGGAGTGG,64,0,0
TATAGACTCCCT,1,0,0
CTCACGCCGCTT,1,0,0
GAGTCGAGTATC,131,0,1
ATATAGTATTTC,165,0,1
GCATTGGTTCAA,44,0,0
CGGTTGGGGGGG,23,0,0
TTAACTTGGTTC,74,0,0
GTTAAGCTATTT,53,0,0
CTGTGTTGGAGT,37,0,0
GCTAAGTAAGGG,136,0,2
GAAGGTGTCGGT,0,1,0
ACGCTTCGCGCG,78,0,0
QCR9,69,variant,AACAATAGCAAGCGGACGATACGGACTAAAATGGTATGTTGGTGTGTGTGTGTGCTGCTTCACATTTCAGGCTAAAAATGTTATCCGTGGAATCTTCCTTTCGCAAGTATCATGGGCTTTGGAAATTAGTTTCCCACCGATGAGCGCAACGACTTAGCGAAGCTTATGAAATTGGTGACAGCAGCTCTATGAATATGTTCCATGCGTTTCCATTCAGGTTACTAACAATGCATAAATTATGAGTAGTCTTTTTCATCACTATATAAAACCTTTTTCAAACGAAACGCTGTTTT,12
ATGGTGTCTACC,241,0,2
CACATTGCAACA,0,6,1
TAAGAGCGTCTG,2,0,0
GTCGATATACCC,126,0,1
GATTAGCCTTTG,0,1,0
GCGTTTTTACAC,0,44,0
AGGACCTTGAGA,198,0,1
CCATCCTGGGGT,109,0,1
TGGTGCTAGCTA,7,0,0
GGGCAGTCACTA,0,1,0
GTGCTATGATCA,3,0,0
TTAGACAAATAG,0,93,3
QCR9,69,variant,AACAATAGCAAGCGGACGATACGGACTAAAATGGTATGTTGGTGTGTGTGTGTGCTGCTTCACATTTCAGGCTAAAAATGTTATCCGTGGAATCTTCCTTACAAAAGTATCATGGGCTTTGGAAATTAGTTTCCCACCGATGAGCGCAACGACTTAGCGAAGCTTATGAAATTGGTGACAGCAGCTCTATGAATATGTTCCATGCGTTTCCATTCAGGTTACTAACAATGCATAAATTATGAGTAGTCTTTTTCATCACTATATAAAACCTTTTTCAAACGAAACGCTGTTTT,3
TTTATAAACTTT,24,0,0
GTTGTCGTAGTG,0,0,0
GTTTATTGATAA,3,0,0
QCR9,69,compens,AACAATAGCAAGCGGACGATACGGACTAAAATGGTATGTTGGTGTGTGTGTGTGCTGCTTCACATTTCAGGCTAAAAATGTTATCCGTGGAATCTTCCTTGCTTAAGTATCATGAAGCTTGGAAATTAGTTTCCCACCGATGAGCGCAACGACTTAGCGAAGCTTATGAAATTGGTGACAGCAGCTCTATGAATATGTTCCATGCGTTTCCATTCAGGTTACTAACAATGCATAAATTATGAGTAGTCTTTTTCATCACTATATAAAACCTTTTTCAAACGAAACGCTGTTTT,10
TGAGCGTTAGAC,1,0,0
GCGTAGGCCAGA,4,0,0
ATTGGTACTCCG,238,0,1
ACATGTTTCTGA,13,0,0
CCTCACTCTTCT,14,0,0
CAATGACCACCA,52,0,0
GCTGGGCTACGG,47,0,0
TCCGGGCTAGGC,98,0,1
GGAACTTCGCCC,54,0,1
AAAATTATTGAA,1,0,0
QCR9,69,compens,AACAATAGCAAGCGGACGATACGGACTAAAATGGTATGTTGGTGTGTGTGTGTGCTGCTTCACATTTCAGGCTAAAAATGTTATCCGTGGAATCTTCCTTTGAAAAGTATCATGTTCATTGGAAATTAGTTTCCCACCGATGAGCGCAACGACTTAGCGAAGCTTATGAAATTGGTGACAGCAGCTCTATGAATATGTTCCATGCGTTTCCATTCAGGTTACTAACAATGCATAAATTATGAGTAGTCTTTTTCATCACTATATAAAACCTTTTTCAAACGAAACGCTGTTTT,8
CAAACCATTTTT,118,0,0
GGAGAAAAGGTT,0,1,0
GGCGGATTAAGT,1,0,0
GTGGCAGGGTTA,83,0,1
TCATATCATCCC,122,0,3
GCTTTCAGTGTG,123,0,0
TGTCGTGGTCTC,32,0,0
GACCTTCGTGGT,97,0,1
QCR9,69,compens,AACAATAGCAAGCGGACGATACGGACTAAAATGGTATGTTGGTGTGTGTGTGTGCTGCTTCACATTTCAGGCTAAAAATGTTATCCGTGGAATCTTCCTTTCGCAAGTATCATGGCGATTGGAAATTAGTTTCCCACCGATGAGCGCAACGACTTAGCGAAGCTTATGAAATTGGTGACAGCAGCTCTATGAATATGTTCCATGCGTTTCCATTCAGGTTACTAACAATGCATAAATTATGAGTAGTCTTTTTCATCACTATATAAAACCTTTTTCAAACGAAACGCTGTTTT,3
CCGGTGTTCTCT,250,0,1
GACAACAGTCAT,0,2,0
GGGGCTTCCACC,1,0,0
QCR9,69,compens,AACAATAGCAAGCGGACGATACGGACTAAAATGGTATGTTGGTGTGTGTGTGTGCTGCTTCACATTTCAGGCTAAAAATGTTATCCGTGGAATCTTCCTTACAAAAGTATCATGTTGTTTGGAAATTAGTTTCCCACCGATGAGCGCAACGACTTAGCGAAGCTTATGAAATTGGTGACAGCAGCTCTATGAATATGTTCCATGCGTTTCCATTCAGGTTACTAACAATGCATAAATTATGAGTAGTCTTTTTCATCACTATATAAAACCTTTTTCAAACGAAACGCTGTTTT,5
AATCAACATAGA,160,17,1
TCGGATCGGGAT,10,0,1
GGGTCTTCTGTT,0,1,0
GGCAGAGAGTCC,1,0,0
CTAACGTGTGTA,0,1,0
QCR9,113,variant,AACAATAGCAAGCGGACGATACGGACTAAAATGGTATGTTGGTGTGTGTGTGTGCTGCTTCACATTTCAGGCTAAAAATGTTATCCGTGGAATCTTCCTTAGCCAAGTATCATGGGCTTTGGAAATTAGTTTCCCACCGATGAGCTTAACGACTTAGCGAAGCTTATGAAATTGGTGACAGCAGCTCTATGAATATGTTCCATGCGTTTCCATTCAGGTTACTAACAATGCATAAATTATGAGTAGTCTTTTTCATCACTATATAAAACCTTTTTCAAACGAAACGCTGTTTT,11
ACTGTTCCTAAT,3,0,0
GGTGTCGGAGCC,6,0,0
CGACCGAAGTCT,154,0,1
TCGGATTTCGCT,98,0,0
GGCCAATCGGGA,1,0,0
ATAATATACCAT,41,0,0
ACCATTCAAGGT,97,0,0
GCGGTTTTTTGG,184,72,4
AGGTCAGGGGGG,0,0,0
CGGCGCGTCAAC,0,21,0
AGTCAGAGCGGT,9,0,1
QCR9,113,variant,AACAATAGCAAGCGGACGATACGGACTAAAATGGTATGTTGGTGTGTGTGTGTGCTGCTTCACATTTCAGGCTAAAAATGTTATCCGTGGAATCTTCCTTAGCCAAGTATCATGGGCTTTGGAAATTAGTTTCCCACCGATGAGCATAACGACTTAGCGAAGCTTATGAAATTGGTGACAGCAGCTCTATGAATATGTTCCATGCGTTTCCATTCAGGTTACTAACAATGCATAAATTATGAGTAGTCTTTTTCATCACTATATAAAACCTTTTTCAAACGAAACGCTGTTTT,14
CAAGGCTCTACT,43,1,0
CAAAGCTATCCG,0,3,0
TTTGCGGGGGAC,106,0,1
GTTCTAGGCAGT,1,0,0
GGGCACAGGTAA,5,0,0
GAGAGCTGTTAT,65,0,0
AACCTGCGATTA,103,0,2
AACTTCTCATGA,201,0,3
TGGGTGGTGATA,0,4,0
GAAACTTCTGAG,1,0,0
TACATGGGAGAC,0,2,0
CTCCCCTGGGTT,34,0,2
GTGTCTTCAGCC,1,0,0
ACAGACCCTCAT,0,1,0
QCR9,113,variant,AACAATAGCAAGCGGACGATACGGACTAAAATGGTATGTTGGTGTGTGTGTGTGCTGCTTCACATTTCAGGCTAAAAATGTTATCCGTGGAATCTTCCTTAGCCAAGTATCATGGGCTTTGGAAATTAGTTTCCCACCGATGAGGATAACGACTTAGCGAAGCTTATGAAATTGGTGACAGCAGCTCTATGAATATGTTCCATGCGTTTCCATTCAGGTTACTAACAATGCATAAATTATGAGTAGTCTTTTTCATCACTATATAAAACCTTTTTCAAACGAAACGCTGTTTT,5
AAAGTCGCAAAT,69,0,1
ATTGGGCTTTGT,45,0,0
TGGTGGGGGAGG,1,0,0
GTCTTGAAAGAA,143,0,0
CGTGCTAAATTA,155,0,0
QCR9,113,variant,AACAATAGCAAGCGGACGATACGGACTAAAATGGTATGTTGGTGTGTGTGTGTGCTGCTTCACATTTCAGGCTAAAAATGTTATCCGTGGAATCTTCCTTAGCCAAGTATCATGGGCTTTGGAAATTAGTTTCCCACCGATGAGCACAACGACTTAGCGAAGCTTATGAAATTGGTGACAGCAGCTCTATGAATATGTTCCATGCGTTTCCATTCAGGTTACTAACAATGCATAAATTATGAGTAGTCTTTTTCATCACTATATAAAACCTTTTTCAAACGAAACGCTGTTTT,6
GTTCTACTGGCG,40,0,2
ATAGTTAAATAA,158,0,2
CATATTAAGCTA,99,0,1
GAGTTGGGCAGG,81,0,0
CTCATGTTCCAG,0,1,0
ACATTACCGGCT,60,0,1
QCR9,113,compens,AACAATAGCAAGCGGACGATACGGACTAAAATGGTATGTTGGTGTGTGTGTGTGCTGCTTCACATTTCAGGCTAAAAATGTTATCCGTGGAATCTTCCTTAGCCAAGTATCATGGGCTTTGGAAATTAGTTTCCCACCGATGAGCTTAACGACTTAAAGAAGCTTATGAAATTGGTGACAGCAGCTCTATGAATATGTTCCATGCGTTTCCATTCAGGTTACTAACAATGCATAAATTATGAGTAGTCTTTTTCATCACTATATAAAACCTTTTTCAAACGAAACGCTGTTTT,6
CGAGTTGGGACA,58,0,0
GGGAATTTATGC,1,0,0
GGCTCTCCAATT,96,0,1
CACCGTGCGGAG,0,2,0
TTATCCGTAAGT,10,0,0
TCCGGCGTGACT,118,0,0
QCR9,113,compens,AACAATAGCAAGCGGACGATACGGACTAAAATGGTATGTTGGTGTGTGTGTGTGCTGCTTCACATTTCAGGCTAAAAATGTTATCCGTGGAATCTTCCTTAGCCAAGTATCATGGGCTTTGGAAATTAGTTTCCCACCGATGAGCATAACGACTTAATGAAGCTTATGAAATTGGTGACAGCAGCTCTATGAATATGTTCCATGCGTTTCCATTCAGGTTACTAACAATGCATAAATTATGAGTAGTCTTTTTCATCACTATATAAAACCTTTTTCAAACGAAACGCTGTTTT,6
GCTGTGTGGTGG,118,0,1
CTTGCGAGGGAT,1,0,0
ATGGGGTGATTT,3,0,0
GAGGGGCAGCTT,6,0,0
TGTTAGGGGGAA,2,0,0
TGTACGTATCCT,62,0,1
QCR9,113,compens,AACAATAGCAAGCGGACGATACGGACTAAAATGGTATGTTGGTGTGTGTGTGTGCTGCTTCACATTTCAGGCTAAAAATGTTATCCGTGGAATCTTCCTTAGCCAAGTATCATGGGCTTTGGAAATTAGTTTCCCACCGATGAGGATAACGACTTAATCAAGCTTATGAAATTGGTGACAGCAGCTCTATGAATATGTTCCATGCGTTTCCATTCAGGTTACTAACAATGCATAAATTATGAGTAGTCTTTTTCATCACTATATAAAACCTTTTTCAAACGAAACGCTGTTTT,9
GTCAGCGCAGTT,87,0,0
GGAAAGTTTAGT,168,0,3
GGAGCTACCGGT,1,0,0
CCCTTCTAGCTA,46,0,1
TTAGATTTAACA,114,0,0
TGGACCCTACAA,11,0,0
GTAGTAGGGGGT,122,0,0
ACCGTGCTCACT,182,0,1
GTTTGGGCTTTA,217,0,0
QCR9,113,compens,AACAATAGCAAGCGGACGATACGGACTAAAATGGTATGTTGGTGTGTGTGTGTGCTGCTTCACATTTCAGGCTAAAAATGTTATCCGTGGAATCTTCCTTAGCCAAGTATCATGGGCTTTGGAAATTAGTTTCCCACCGATGAGCACAACGACTTAGTGAAGCTTATGAAATTGGTGACAGCAGCTCTATGAATATGTTCCATGCGTTTCCATTCAGGTTACTAACAATGCATAAATTATGAGTAGTCTTTTTCATCACTATATAAAACCTTTTTCAAACGAAACGCTGTTTT,11
CTTGGGCCCCGA,21,0,0
TTAAAATTGTGA,221,0,2
CAATCTACCTAC,148,0,2
AGGTAAAGGGTC,48,0,0
CGTCGGTGTTAA,0,2,0
TGAGAGCGGGGA,110,0,0
CTCAGCAGTGGA,134,0,4
TAGTTAGTGTCG,1,0,0
GGGCCTCTGTAC,1,0,0
TGTTTATCATTG,95,0,0
ATTTAAGGCCGT,175,0,1
QCR9,79,variant,AACAATAGCAAGCGGACGATACGGACTAAAATGGTATGTTGGTGTGTGTGTGTGCTGCTTCACATTTCAGGCTAAAAATGTTATCCGTGGAATCTTCCTTAGCCAGAATCTTGAGGCTTTGGAAATTAGTTTCCCACCGATGAGCGCAACGACTTAGCGAAGCTTATGAAATTGGTGACAGCAGCTCTATGAATATGTTCCATGCGTTTCCATTCAGGTTACTAACAATGCATAAATTATGAGTAGTCTTTTTCATCACTATATAAAACCTTTTTCAAACGAAACGCTGTTTT,2
GGGGTGAAACTG,74,0,0
GGGGGGCTGCCA,4,0,0
QCR9,79,variant,AACAATAGCAAGCGGACGATACGGACTAAAATGGTATGTTGGTGTGTGTGTGTGCTGCTTCACATTTCAGGCTAAAAATGTTATCCGTGGAATCTTCCTTAGCCCGCCGATAATGGCTTTGGAAATTAGTTTCCCACCGATGAGCGCAACGACTTAGCGAAGCTTATGAAATTGGTGACAGCAGCTCTATGAATATGTTCCATGCGTTTCCATTCAGGTTACTAACAATGCATAAATTATGAGTAGTCTTTTTCATCACTATATAAAACCTTTTTCAAACGAAACGCTGTTTT,6
GCGCTAAGTGGC,39,0,0
GAAACTCGTTGC,1,0,0
TGCTTCGCCAAT,2,0,0
GGGGTAATTATA,0,1,0
AAGCACCGGCGA,43,0,0
ATCATAGCGGTT,47,0,0
QCR9,79,variant,AACAATAGCAAGCGGACGATACGGACTAAAATGGTATGTTGGTGTGTGTGTGTGCTGCTTCACATTTCAGGCTAAAAATGTTATCCGTGGAATCTTCCTTAGCCATATTTGGGCGGCTTTGGAAATTAGTTTCCCACCGATGAGCGCAACGACTTAGCGAAGCTTATGAAATTGGTGACAGCAGCTCTATGAATATGTTCCATGCGTTTCCATTCAGGTTACTAACAATGCATAAATTATGAGTAGTCTTTTTCATCACTATATAAAACCTTTTTCAAACGAAACGCTGTTTT,7
GATTACTATAGT,146,0,1
GTTAGACTCGTG,8,2,0
GAACAACGTGAA,1,0,0
GAATTAAAGGCT,131,0,3
ATTTTGTGCTTC,0,2,0
TATAGATTCTGG,80,0,0
ACAGGTAAAGCA,166,0,0
QCR9,79,variant,AACAATAGCAAGCGGACGATACGGACTAAAATGGTATGTTGGTGTGTGTGTGTGCTGCTTCACATTTCAGGCTAAAAATGTTATCCGTGGAATCTTCCTTAGCCACACACTGAAGGCTTTGGAAATTAGTTTCCCACCGATGAGCGCAACGACTTAGCGAAGCTTATGAAATTGGTGACAGCAGCTCTATGAATATGTTCCATGCGTTTCCATTCAGGTTACTAACAATGCATAAATTATGAGTAGTCTTTTTCATCACTATATAAAACCTTTTTCAAACGAAACGCTGTTTT,12
GGGTGATTGGCG,154,0,1
AGTGTGGCCTAA,98,0,0
TCCATATTAGTA,6,1,0
AGTTACCGACTG,12,0,0
TTGAGAACTTTT,1,0,0
TGCCTTGTTTTT,123,1,0
GTACTATAGGCA,85,0,1
ATCGTCATGGTC,0,1,0
GGACTGCAGGTT,106,0,1
GCCACATGTGTG,59,0,1
TTTGGGGAGATG,116,0,0
AAACGCCGGCGG,4,0,0
QCR9,79,variant,AACAATAGCAAGCGGACGATACGGACTAAAATGGTATGTTGGTGTGTGTGTGTGCTGCTTCACATTTCAGGCTAAAAATGTTATCCGTGGAATCTTCCTTAGCCGAAAGTTGAAGGCTTTGGAAATTAGTTTCCCACCGATGAGCGCAACGACTTAGCGAAGCTTATGAAATTGGTGACAGCAGCTCTATGAATATGTTCCATGCGTTTCCATTCAGGTTACTAACAATGCATAAATTATGAGTAGTCTTTTTCATCACTATATAAAACCTTTTTCAAACGAAACGCTGTTTT,6
TGTCAAGAGTCA,2,0,0
AACGGTTAATTG,91,5,1
TTTGCAGTACTT,99,0,0
AAATCGGCATAT,0,3,0
GTGATTGAGTAT,126,0,0
GGGGATGCCACC,113,0,1
QCR9,79,variant,AACAATAGCAAGCGGACGATACGGACTAAAATGGTATGTTGGTGTGTGTGTGTGCTGCTTCACATTTCAGGCTAAAAATGTTATCCGTGGAATCTTCCTTAGCCAATTTAGCAGGGCTTTGGAAATTAGTTTCCCACCGATGAGCGCAACGACTTAGCGAAGCTTATGAAATTGGTGACAGCAGCTCTATGAATATGTTCCATGCGTTTCCATTCAGGTTACTAACAATGCATAAATTATGAGTAGTCTTTTTCATCACTATATAAAACCTTTTTCAAACGAAACGCTGTTTT,6
ATATCCACGAAA,190,0,2
AATATAGGCTTT,162,0,0
GTTATTTCGACC,12,0,0
TAGCCAGGATTC,46,0,0
AGGGGTAAAATT,111,0,2
TATCGCATATAA,1,0,0
QCR9,79,variant,AACAATAGCAAGCGGACGATACGGACTAAAATGGTATGTTGGTGTGTGTGTGTGCTGCTTCACATTTCAGGCTAAAAATGTTATCCGTGGAATCTTCCTTAGCCATCAGCACCGGGCTTTGGAAATTAGTTTCCCACCGATGAGCGCAACGACTTAGCGAAGCTTATGAAATTGGTGACAGCAGCTCTATGAATATGTTCCATGCGTTTCCATTCAGGTTACTAACAATGCATAAATTATGAGTAGTCTTTTTCATCACTATATAAAACCTTTTTCAAACGAAACGCTGTTTT,19
GTTAGATTTGAC,15,0,0
TGCTGGTAATAG,3,1,0
CAGCCCAGGCTT,0,5,0
GGCGCTCGCGGG,98,0,1
GGAGTGGTCAGG,11,0,0
GCGTCTTAGCTA,47,0,1
TATGAATTAGAG,0,1,0
TTAAGGGTTTGT,47,0,0
GGAAACGCCGGT,2,0,0
GTCATACCCTAT,6,0,0
TCCATGCCTACA,3,0,0
GTATAGTAACAT,1,0,0
CTAGAAAAACCA,158,0,1
TGGTGACGCTGA,110,0,0
TTAATGAAATAA,1,0,0
GGCGAGGGTTCA,16,0,0
TCCGCCAGCCCC,107,0,3
TGGTATGTACGG,0,1,0
ATGAATCATGAT,3,0,0
QCR9,79,variant,AACAATAGCAAGCGGACGATACGGACTAAAATGGTATGTTGGTGTGTGTGTGTGCTGCTTCACATTTCAGGCTAAAAATGTTATCCGTGGAATCTTCCTTAGCCTCGACCGGCCGGCTTTGGAAATTAGTTTCCCACCGATGAGCGCAACGACTTAGCGAAGCTTATGAAATTGGTGACAGCAGCTCTATGAATATGTTCCATGCGTTTCCATTCAGGTTACTAACAATGCATAAATTATGAGTAGTCTTTTTCATCACTATATAAAACCTTTTTCAAACGAAACGCTGTTTT,13
TTATGTGCGGGG,0,3,0
TTGTTAGTACAC,29,0,1
AAGTTGGTGCTT,0,1,0
ACAAAGGCTTTG,0,1,0
ATTTTGTAGATG,56,0,3
GTGCCGATACAG,65,0,0
TGTGCAGATTTG,12,0,0
ACAATGGAGGTT,113,0,2
TCATGTAGTTAG,5,0,0
AAATTTCGGGTG,117,0,0
GGAAGACCGTAG,38,0,0
GAGAATTGTTCG,140,0,0
CGCGCGATCCAA,1,0,0
QCR9,120,variant,AACAATAGCAAGCGGACGATACGGACTAAAATGGTATGTTGGTGTGTGTGTGTGCTGCTTCACATTTCAGGCTAAAAATGTTATCCGTGGAATCTTCCTTAGCCAAGTATCATGGGCTTTGGAAATTAGTTTCCCACCGATGAGCGCAGAACCTTAGCGAAGCTTATGAAATTGGTGACAGCAGCTCTATGAATATGTTCCATGCGTTTCCATTCAGGTTACTAACAATGCATAAATTATGAGTAGTCTTTTTCATCACTATATAAAACCTTTTTCAAACGAAACGCTGTTTT,24
TTGAAGAGTTGC,141,0,1
CAAACACCAGTC,0,65,2
GTGTTGCATTAC,40,0,0
AACCGTGCGTCG,253,0,3
TTGGATGCTGGT,88,0,0
GCGCACTCTGGC,1,3,0
AGGACGGGTAGT,46,0,0
GATTATCCAGAT,123,0,0
GAATTTGGAACG,0,4,0
TAAGGAATGAGT,2,0,0
TAACTGAAATAT,213,0,0
GTAGGACGGTAG,1,0,0
GCAACTCCGTAG,0,1,0
TTCAGGCGGTCA,101,0,1
TAGAGGTGATAT,117,0,0
CGAGGACTAAAG,1,0,0
TTGACCGGCTTT,105,0,0
ATAATCCTGTGG,59,0,0
GTGCAGGTTTTT,0,1,0
TTTATATGTACC,71,0,0
GTCCTCGACAGG,6,0,0
TACGAACCGCAT,0,6,0
TTGCGGTCGCTT,26,0,0
AACTCATTTTTT,74,0,1
QCR9,120,variant,AACAATAGCAAGCGGACGATACGGACTAAAATGGTATGTTGGTGTGTGTGTGTGCTGCTTCACATTTCAGGCTAAAAATGTTATCCGTGGAATCTTCCTTAGCCAAGTATCATGGGCTTTGGAAATTAGTTTCCCACCGATGAGCGCAAAAATCCAGCGAAGCTTATGAAATTGGTGACAGCAGCTCTATGAATATGTTCCATGCGTTTCCATTCAGGTTACTAACAATGCATAAATTATGAGTAGTCTTTTTCATCACTATATAAAACCTTTTTCAAACGAAACGCTGTTTT,5
CCCCAGGTTGCA,1,0,0
GCGGTAACTGGA,39,49,0
AAGACAAATTTT,74,0,1
CGATTTGAGGGG,65,0,1
CGGCTCATGATT,73,0,1
QCR9,120,variant,AACAATAGCAAGCGGACGATACGGACTAAAATGGTATGTTGGTGTGTGTGTGTGCTGCTTCACATTTCAGGCTAAAAATGTTATCCGTGGAATCTTCCTTAGCCAAGTATCATGGGCTTTGGAAATTAGTTTCCCACCGATGAGCGCCAATACAAAGCGAAGCTTATGAAATTGGTGACAGCAGCTCTATGAATATGTTCCATGCGTTTCCATTCAGGTTACTAACAATGCATAAATTATGAGTAGTCTTTTTCATCACTATATAAAACCTTTTTCAAACGAAACGCTGTTTT,9
TAGATCGGGTAA,46,0,0
TAATCTCAGGCC,145,0,1
TTTGTCTCCCTA,1,0,0
GGTATATATAAA,132,0,0
CCAGCTAATCCT,97,0,1
TTTTGTGCAACC,116,0,0
TAACTGTTTGTA,2,0,0
TATTGAGCACGT,172,0,0
GCGTGGACAAGC,1,0,0
QCR9,120,variant,AACAATAGCAAGCGGACGATACGGACTAAAATGGTATGTTGGTGTGTGTGTGTGCTGCTTCACATTTCAGGCTAAAAATGTTATCCGTGGAATCTTCCTTAGCCAAGTATCATGGGCTTTGGAAATTAGTTTCCCACCGATGAGCGCCAGAATGTAGCGAAGCTTATGAAATTGGTGACAGCAGCTCTATGAATATGTTCCATGCGTTTCCATTCAGGTTACTAACAATGCATAAATTATGAGTAGTCTTTTTCATCACTATATAAAACCTTTTTCAAACGAAACGCTGTTTT,1
GTACGTGTAATC,1,0,0
QCR9,120,variant,AACAATAGCAAGCGGACGATACGGACTAAAATGGTATGTTGGTGTGTGTGTGTGCTGCTTCACATTTCAGGCTAAAAATGTTATCCGTGGAATCTTCCTTAGCCAAGTATCATGGGCTTTGGAAATTAGTTTCCCACCGATGAGCGCGACCATTAAGCGAAGCTTATGAAATTGGTGACAGCAGCTCTATGAATATGTTCCATGCGTTTCCATTCAGGTTACTAACAATGCATAAATTATGAGTAGTCTTTTTCATCACTATATAAAACCTTTTTCAAACGAAACGCTGTTTT,8
CGGTTCTGTTTG,1,0,0
TCTGGTTAGCAC,56,0,1
TTATGCTAAAAT,132,0,1
TTCATATTCTAG,8,0,0
ATGCCCTTATCA,80,0,0
GCGCTCCCTGAA,1,0,0
GGGAGATGCTTC,247,0,2
GGTCATGGTCGA,16,0,0
QCR9,120,variant,AACAATAGCAAGCGGACGATACGGACTAAAATGGTATGTTGGTGTGTGTGTGTGCTGCTTCACATTTCAGGCTAAAAATGTTATCCGTGGAATCTTCCTTAGCCAAGTATCATGGGCTTTGGAAATTAGTTTCCCACCGATGAGCGCGATCAACTAGCGAAGCTTATGAAATTGGTGACAGCAGCTCTATGAATATGTTCCATGCGTTTCCATTCAGGTTACTAACAATGCATAAATTATGAGTAGTCTTTTTCATCACTATATAAAACCTTTTTCAAACGAAACGCTGTTTT,0
QCR9,120,variant,AACAATAGCAAGCGGACGATACGGACTAAAATGGTATGTTGGTGTGTGTGTGTGCTGCTTCACATTTCAGGCTAAAAATGTTATCCGTGGAATCTTCCTTAGCCAAGTATCATGGGCTTTGGAAATTAGTTTCCCACCGATGAGCGCCGAAATACTGCGAAGCTTATGAAATTGGTGACAGCAGCTCTATGAATATGTTCCATGCGTTTCCATTCAGGTTACTAACAATGCATAAATTATGAGTAGTCTTTTTCATCACTATATAAAACCTTTTTCAAACGAAACGCTGTTTT,3
AGCCCGATTCTG,115,0,0
CCGGCTGGAAGA,123,0,0
CTTAGCGCAAGG,1,1,0
QCR9,120,variant,AACAATAGCAAGCGGACGATACGGACTAAAATGGTATGTTGGTGTGTGTGTGTGCTGCTTCACATTTCAGGCTAAAAATGTTATCCGTGGAATCTTCCTTAGCCAAGTATCATGGGCTTTGGAAATTAGTTTCCCACCGATGAGCGCCGACCCGAAGCGAAGCTTATGAAATTGGTGACAGCAGCTCTATGAATATGTTCCATGCGTTTCCATTCAGGTTACTAACAATGCATAAATTATGAGTAGTCTTTTTCATCACTATATAAAACCTTTTTCAAACGAAACGCTGTTTT,1
AAAGGTCTATAA,1,0,0
QCR9,21_28_33_37_55_58_60_63_69,variant,AACAATAGCAAGCGGACGATACGGACTAAAATGGTATGTTGGTGTGTGTGTGTGGTTCCCGACAACATCTTCCAAAAATGTTATCCAACCAGTCGACTTTGAGCAAGTATCATGGGCTTTGGAAATTAGTTTCCCACCGATGAGCGCAACGACTTAGCGAAGCTTATGAAATTGGTGACAGCAGCTCTATGAATATGTTCCATGCGTTTCCATTCAGGTTACTAACAATGCATAAATTATGAGTAGTCTTTTTCATCACTATATAAAACCTTTTTCAAACGAAACGCTGTTTT,10
ATGAACGCATGC,127,0,1
GTAATCCTAGCC,120,0,2
CTAAAGTGATCA,4,0,0
CTATCCAATTCG,58,0,1
GAATCTCACGTT,58,0,0
GGCTTTCGTCGT,156,0,2
CCGGAAATGTCG,1,0,0
TTATGGAGTGAA,15,0,0
CTGCCCCGCGAG,120,0,0
AGGCGACGGCGG,110,0,2
QCR9,21_28_33_37_55_58_60_63_69,variant,AACAATAGCAAGCGGACGATACGGACTAAAATGGTATGTTGGTGTGTGTGTGTTCTTTAGCTTACTCTATCAAAAAAATGTTATCCGGCCCGTGGCCGTTACTGAAGTATCATGGGCTTTGGAAATTAGTTTCCCACCGATGAGCGCAACGACTTAGCGAAGCTTATGAAATTGGTGACAGCAGCTCTATGAATATGTTCCATGCGTTTCCATTCAGGTTACTAACAATGCATAAATTATGAGTAGTCTTTTTCATCACTATATAAAACCTTTTTCAAACGAAACGCTGTTTT,25
ACCGCGGGCTAG,127,0,0
CGTGCCCGAGCC,85,0,0
AGCTTCTGTATG,138,0,0
GCGGGATGGGTC,67,0,1
CGGTAAGGTTGT,15,0,1
CCGAAATCTAAT,3,0,0
ATCTGTGTAGCG,2,0,0
CGATTTCTTACA,1,0,0
TATTGCGGCTAG,32,0,2
CTTTTCGGAGTC,103,1,1
AGTTACCTGTCC,132,0,1
CGCGCCCGGTGA,2,0,0
TATGACTCTATT,13,0,0
GGGGGCTTGTGT,2,0,0
CATCCCGCATCT,96,0,0
TGTTATCGGGCT,124,0,1
AAGGAAGCTTTT,8,0,0
ACGGCGGCGCTG,1,0,0
TCCCCGATCGGT,101,0,0
ATGGTGCGAGAC,1,0,0
GCTGCCAATTAA,109,0,1
TTTGTTTTCGGT,86,0,2
GGCGCGGCCCAG,43,0,1
TGACCGAGGGAG,2,0,0
TGCGAGACAGTC,73,0,0
QCR9,21_28_33_37_55_58_60_63_69,variant,AACAATAGCAAGCGGACGATACGGACTAAAATGGTATGTTGGTGTGTGTGTGTGTCCCCACCGATGTACCGTAAAAAATGTTATCCTTGCGATCAGATTTTCCTAAGTATCATGGGCTTTGGAAATTAGTTTCCCACCGATGAGCGCAACGACTTAGCGAAGCTTATGAAATTGGTGACAGCAGCTCTATGAATATGTTCCATGCGTTTCCATTCAGGTTACTAACAATGCATAAATTATGAGTAGTCTTTTTCATCACTATATAAAACCTTTTTCAAACGAAACGCTGTTTT,1
GAGGCTCGGGGG,1,0,0
QCR9,21_28_33_37_55_58_60_63_69,variant,AACAATAGCAAGCGGACGATACGGACTAAAATGGTATGTTGGTGTGTGTGTGTCCGGCCCCAAAACTTCACATAAAAATGTTATCCTTTATCTCTGACTTCCTCAAGTATCATGGGCTTTGGAAATTAGTTTCCCACCGATGAGCGCAACGACTTAGCGAAGCTTATGAAATTGGTGACAGCAGCTCTATGAATATGTTCCATGCGTTTCCATTCAGGTTACTAACAATGCATAAATTATGAGTAGTCTTTTTCATCACTATATAAAACCTTTTTCAAACGAAACGCTGTTTT,10
AAAACGATTGTG,172,0,0
GTGGGCCGGGTA,10,0,0
GATGCGGAACCG,33,0,1
CAGGGCGGGCCC,2,0,0
GCACCCGGCCCT,15,0,0
TTAGGGAGGTCT,107,0,0
GCGGATCGTTAT,123,0,0
TGTGCTTGTTGG,81,0,0
GTTCAACGCAGG,69,0,0
TTCGGAATGTCC,17,0,0
QCR9,21_28_33_37_55_58_60_63_69,compens,AACAATAGCAAGCGGACGATACGGACTAAAATGGTATGTTGGTGTGTGTGTGTGGTTCCCGACAACATCTTCCAAAAATGTTATCCAACCAGTCGACTTTGAGCAAGTATCATGGCTCTTAGTCATTAGTCTCGGTTCGATGAGCGCAACGACTTAGCGAGGAATAGATGTTTGGTCGCGGAACCTCTATGAATATGTTCCATGCGTTTCCATTCAGGTTACTAACAATGCATAAATTATGAGTAGTCTTTTTCATCACTATATAAAACCTTTTTCAAACGAAACGCTGTTTT,0
QCR9,21_28_33_37_55_58_60_63_69,compens,AACAATAGCAAGCGGACGATACGGACTAAAATGGTATGTTGGTGTGTGTGTGTTCTTTAGCTTACTCTATCAAAAAAATGTTATCCGGCCCGTGGCCGTTACTGAAGTATCATGCAGTTTCGGCATTACTCGCGGCCCGATGAGCGCAACGACTTAGCGATTGATATAGAGTTGAAGCCTAAAGATCTATGAATATGTTCCATGCGTTTCCATTCAGGTTACTAACAATGCATAAATTATGAGTAGTCTTTTTCATCACTATATAAAACCTTTTTCAAACGAAACGCTGTTTT,0
QCR9,21_28_33_37_55_58_60_63_69,compens,AACAATAGCAAGCGGACGATACGGACTAAAATGGTATGTTGGTGTGTGTGTGTGTCCCCACCGATGTACCGTAAAAAATGTTATCCTTGCGATCAGATTTTCCTAAGTATCATGAGGATTATCTATTAGTTCCGCAACGATGAGCGCAACGACTTAGCGATACGTAGTACATTGCGGTCGGGGACTCTATGAATATGTTCCATGCGTTTCCATTCAGGTTACTAACAATGCATAAATTATGAGTAGTCTTTTTCATCACTATATAAAACCTTTTTCAAACGAAACGCTGTTTT,4
CTTGGCCCGTAA,158,0,2
GTATGTTTGAGC,0,0,4
CGGTGCTGTGAT,46,0,2
GTTGTACTGACG,138,0,1
QCR9,21_28_33_37_55_58_60_63_69,compens,AACAATAGCAAGCGGACGATACGGACTAAAATGGTATGTTGGTGTGTGTGTGTCCGGCCCCAAAACTTCACATAAAAATGTTATCCTTTATCTCTGACTTCCTCAAGTATCATGGAGGTTGTCAATTAGTGACTAAACGATGAGCGCAACGACTTAGCGAATGTTAGAAGTTTGTTGGCGGCCGGTCTATGAATATGTTCCATGCGTTTCCATTCAGGTTACTAACAATGCATAAATTATGAGTAGTCTTTTTCATCACTATATAAAACCTTTTTCAAACGAAACGCTGTTTT,2
TGTCAACCAGTT,33,0,0
GACCACGGTGAT,1,0,0
QCR9,8_199_21_28_33_37_55_58_60_63_69,variant,AACAATAGCAAGCGGACGATACGGACTAAAATGGTATGTAACAGCGGTTGCGTTCTTATTCAAATACATGGCTAAAAATGTTATCCTTTCACTTGCAATTTACAAAGTATCATGGGCTTTGGAAATTAGTTTCCCACCGATGAGCGCAACGACTTAGCGAAGCTTATGAAATTGGTGACAGCAGCTCTATGAATATGTTCCATGCGTTTCCATTCAGGTTACTAACAATGCATAAATTATGAGTAGTCTTTTTCATCACTATATAAAACCTTTTTCAAACGAAACGCTGTTTT,9
CGAAATTATGGG,1,0,0
CATAATTATCGG,129,0,2
TAATCCTAGGCT,372,0,2
CTCTAGAACAAT,105,0,0
TGCGTATACTAA,254,0,2
TGTGGACTTATA,20,0,0
GCGTATCGATAT,6,0,0
TAAGATAATTTA,40,0,2
CAAGGCAGGGGA,1,0,0
QCR9,8_199_21_28_33_37_55_58_60_63_69,compens,AACAATAGCAAGCGGACGATACGGACTAAAATGGTATGTAACAGCGGTTGCGTTCTTATTCAAATACATGGCTAAAAATGTTATCCTTTCACTTGCAATTTACAAAGTATCATGTGTATTTTGCATTAATGTCGAAACGATGAGCGCAACGACTTAGCGAAGCCTAATGTATTGTTGACATAAGATCTATGAATATGTTCCATGCGTTTCCATTCAGGTTACTAACAGCAACCGATGTTTGAGTAGTCTTTTTCATCACTATATAAAACCTTTTTCAAACGAAACGCTGTTTT,1
GGGTGGGCGGGC,1,0,0
