RPS14B,40,variant,AACAACTCCCAGAAGACGAATAACAATTAAGAATGGCTAACGGTACGTGAAAGGGGTGATATCCTGTTTAACAACCCTCCAACTATCTTTTTTTCAGATGGAGACTGTGATCGGGTAGCGCATGATGTTATTATTGGAATTTTATTTTTTTTGCAACTTTGAAGCACTCCTAACTATATTGCAATAGTGTTATGAGATGCTACTTATGTTTGTAAGGCCATGAAATTCTGTAATACGGAGTTAAAATTTCTGCAATAAAGCACTTCAATGCTATTGTGTTATAGAGGCTCTGCG,14
AAGATAATGCTA,2,0,0
GCAAGAGAAACT,103,0,1
CACGGTAGATTG,24,0,0
ATTGACATAATA,52,0,0
TTAAGTCTTTGT,23,0,4
GCTCTAATGTCC,34,0,2
CTCGCTCGACAT,19,0,2
CTCTTTTATACA,27,0,1
CGTTTTTATACT,23,0,0
TTATTGCGTTCA,5,0,1
TTTTCTGTTACT,2,0,0
GTTTTTAAGTGT,19,0,2
AGTCTTGTGGAG,1,0,1
TTTATTTTATTC,1,0,0
RPS14B,40,variant,AACAACTCCCAGAAGACGAATAACAATTAAGAATGGCTAACGGTACGTGAAAGGGGTGATATCCTGTTTAACAACCAGACCAAGGTCTTTTTTTCAGATGGAGACTGTGATCGGGTAGCGCATGATGTTATTATTGGAATTTTATTTTTTTTGCAACTTTGAAGCACTCCTAACTATATTGCAATAGTGTTATGAGATGCTACTTATGTTTGTAAGGCCATGAAATTCTGTAATACGGAGTTAAAATTTCTGCAATAAAGCACTTCAATGCTATTGTGTTATAGAGGCTCTGCG,7
ACTGCATTGGAA,30,0,0
TCCTGCATTTTG,24,0,0
CCGATACTCGTA,2,0,0
CTATTCGATCCT,1,0,0
CTCTGCCTAGTT,1,0,0
CGGGTAGTCCTT,38,0,1
CTCTCGCATTTA,48,0,0
RPS14B,40,variant,AACAACTCCCAGAAGACGAATAACAATTAAGAATGGCTAACGGTACGTGAAAGGGGTGATATCCTGTTTAACAACCGTAACCAAGTCTTTTTTTCAGATGGAGACTGTGATCGGGTAGCGCATGATGTTATTATTGGAATTTTATTTTTTTTGCAACTTTGAAGCACTCCTAACTATATTGCAATAGTGTTATGAGATGCTACTTATGTTTGTAAGGCCATGAAATTCTGTAATACGGAGTTAAAATTTCTGCAATAAAGCACTTCAATGCTATTGTGTTATAGAGGCTCTGCG,0
RPS14B,40,variant,AACAACTCCCAGAAGACGAATAACAATTAAGAATGGCTAACGGTACGTGAAAGGGGTGATATCCTGTTTAACGACCATCAGACCCTCTTTTTTTCAGATGGAGACTGTGATCGGGTAGCGCATGATGTTATTATTGGAATTTTATTTTTTTTGCAACTTTGAAGCACTCCTAACTATATTGCAATAGTGTTATGAGATGCTACTTATGTTTGTAAGGCCATGAAATTCTGTAATACGGAGTTAAAATTTCTGCAATAAAGCACTTCAATGCTATTGTGTTATAGAGGCTCTGCG,3
CGAAATTCCTCA,1,0,0
ACGGCCTGTTCT,1,0,0
CTCAACTCATTT,1,0,0
RPS14B,40,variant,AACAACTCCCAGAAGACGAATAACAATTAAGAATGGCTAACGGTACGTGAAAGGGGTGATATCCTGTTTAATAACCATTAATTTGTCTTTTTTTCAGATGGAGACTGTGATCGGGTAGCGCATGATGTTATTATTGGAATTTTATTTTTTTTGCAACTTTGAAGCACTCCTAACTATATTGCAATAGTGTTATGAGATGCTACTTATGTTTGTAAGGCCATGAAATTCTGTAATACGGAGTTAAAATTTCTGCAATAAAGCACTTCAATGCTATTGTGTTATAGAGGCTCTGCG,11
AGGCACGGATTT,1,0,0
ACGACTCTTTTG,25,0,2
ACGACAACCAGC,11,0,0
GTAGAAAGGCTA,5,0,0
TAACGTCTACGT,18,0,1
ACTGAATACATA,18,0,1
TGTGTTAATGTC,11,0,0
TTGATTCATTAA,22,0,0
ATACATAATTTA,2,0,0
TTTAGCAGTCAG,58,0,0
GTATTGCTTTTA,22,0,0
RPS14B,40,variant,AACAACTCCCAGAAGACGAATAACAATTAAGAATGGCTAACGGTACGTGAAAGGGGTGATATCCTGTTTAACAACCTAAGCCTATTCTTTTTTTCAGATGGAGACTGTGATCGGGTAGCGCATGATGTTATTATTGGAATTTTATTTTTTTTGCAACTTTGAAGCACTCCTAACTATATTGCAATAGTGTTATGAGATGCTACTTATGTTTGTAAGGCCATGAAATTCTGTAATACGGAGTTAAAATTTCTGCAATAAAGCACTTCAATGCTATTGTGTTATAGAGGCTCTGCG,2
GCGTGACAAACA,33,0,0
ATCTCACAAACT,1,0,0
RPS14B,40,variant,AACAACTCCCAGAAGACGAATAACAATTAAGAATGGCTAACGGTACGTGAAAGGGGTGATATCCTGTTTAACAGCCTCTTATGCATCTTTTTTTCAGATGGAGACTGTGATCGGGTAGCGCATGATGTTATTATTGGAATTTTATTTTTTTTGCAACTTTGAAGCACTCCTAACTATATTGCAATAGTGTTATGAGATGCTACTTATGTTTGTAAGGCCATGAAATTCTGTAATACGGAGTTAAAATTTCTGCAATAAAGCACTTCAATGCTATTGTGTTATAGAGGCTCTGCG,7
ATTTTCCATTTG,17,0,1
CACCGCTGTAAT,3,0,0
GTTGACCGTAGA,0,0,1
GATTTTATGGGA,14,0,0
CGGTGAAATACA,30,0,2
ATATTGAACATT,1,0,0
GGAAAGCTACGC,6,0,0
RPS14B,40,variant,AACAACTCCCAGAAGACGAATAACAATTAAGAATGGCTAACGGTACGTGAAAGGGGTGATATCCTGTTTAACAATCATATTATGTTCTTTTTTTCAGATGGAGACTGTGATCGGGTAGCGCATGATGTTATTATTGGAATTTTATTTTTTTTGCAACTTTGAAGCACTCCTAACTATATTGCAATAGTGTTATGAGATGCTACTTATGTTTGTAAGGCCATGAAATTCTGTAATACGGAGTTAAAATTTCTGCAATAAAGCACTTCAATGCTATTGTGTTATAGAGGCTCTGCG,3
CAGTCATCTTGG,49,0,2
TTCATCCTTTAT,1,0,0
TAAGGAATTGTC,1,0,0
RPS14B,40,variant,AACAACTCCCAGAAGACGAATAACAATTAAGAATGGCTAACGGTACGTGAAAGGGGTGATATCCTGTTTAACAGCCTTACCTTATTCTTTTTTTCAGATGGAGACTGTGATCGGGTAGCGCATGATGTTATTATTGGAATTTTATTTTTTTTGCAACTTTGAAGCACTCCTAACTATATTGCAATAGTGTTATGAGATGCTACTTATGTTTGTAAGGCCATGAAATTCTGTAATACGGAGTTAAAATTTCTGCAATAAAGCACTTCAATGCTATTGTGTTATAGAGGCTCTGCG,8
ATCTTTGCCTAT,17,0,0
GGGACTAACACA,2,0,0
GGAATACTGTAA,53,0,2
TTCTCAGGTCTT,37,0,0
GTTGTAGTTGTC,57,0,2
GGCAACGCTATT,41,0,1
CAAAAGCTAATG,2,0,0
AAATTCGCCGGA,3,0,0
RPS14B,40,variant,AACAACTCCCAGAAGACGAATAACAATTAAGAATGGCTAACGGTACGTGAAAGGGGTGATATCCTGTTTAACAACCTTTCGCTCGTCTTTTTTTCAGATGGAGACTGTGATCGGGTAGCGCATGATGTTATTATTGGAATTTTATTTTTTTTGCAACTTTGAAGCACTCCTAACTATATTGCAATAGTGTTATGAGATGCTACTTATGTTTGTAAGGCCATGAAATTCTGTAATACGGAGTTAAAATTTCTGCAATAAAGCACTTCAATGCTATTGTGTTATAGAGGCTCTGCG,5
GCTCTCGTAACC,21,0,0
CGCCTTATACAA,38,0,1
GCACACCTTTCG,10,0,1
AGCACCCGCGCG,17,0,1
CATTACTTTTGA,1,0,0
RPS14B,40,variant,AACAACTCCCAGAAGACGAATAACAATTAAGAATGGCTAACGGTACGTGAAAGGGGTGATATCCTGTTTAACAACCTCTTGTGATTCTTTTTTTCAGATGGAGACTGTGATCGGGTAGCGCATGATGTTATTATTGGAATTTTATTTTTTTTGCAACTTTGAAGCACTCCTAACTATATTGCAATAGTGTTATGAGATGCTACTTATGTTTGTAAGGCCATGAAATTCTGTAATACGGAGTTAAAATTTCTGCAATAAAGCACTTCAATGCTATTGTGTTATAGAGGCTCTGCG,16
TCTGATCTGTGT,66,0,2
TTGGCGTGAATG,75,0,2
TGTCGTCATCGA,30,0,0
CGTTCTTTATTG,2,0,0
TACGCAAAACCT,1,0,0
TTCACCCTAAAC,32,0,0
GACACAAATCTA,19,0,0
TATTTTACACAG,3,0,0
GGCGACTAATTT,46,0,1
TTTATCTGTTTC,2,0,0
CCTGCCTTGTAT,28,0,2
GAACATACCATA,32,0,0
TGGCGATCACCA,19,0,0
CTCACGACGATC,41,0,1
GGCTACCTACAT,1,0,0
CCCTAATATTGG,6,0,0
RPS14B,40,variant,AACAACTCCCAGAAGACGAATAACAATTAAGAATGGCTAACGGTACGTGAAAGGGGTGATATCCTGTTTAACAACCGCTAGATATTCTTTTTTTCAGATGGAGACTGTGATCGGGTAGCGCATGATGTTATTATTGGAATTTTATTTTTTTTGCAACTTTGAAGCACTCCTAACTATATTGCAATAGTGTTATGAGATGCTACTTATGTTTGTAAGGCCATGAAATTCTGTAATACGGAGTTAAAATTTCTGCAATAAAGCACTTCAATGCTATTGTGTTATAGAGGCTCTGCG,7
TGTTTCAAAGGC,56,0,1
TTGGTATATTAA,3,0,0
CCTAAGCTTGTC,55,0,1
TTAGGTCTTTTG,10,0,0
TTCGACTGCCGG,2,0,0
GTAAGCTATTAT,49,0,1
GCAGGGGCTGCT,20,0,0
RPS14B,40,variant,AACAACTCCCAGAAGACGAATAACAATTAAGAATGGCTAACGGTACGTGAAAGGGGTGATATCCTGTTTAACACCATTTCTTCACTCTTTTTTTCAGATGGAGACTGTGATCGGGTAGCGCATGATGTTATTATTGGAATTTTATTTTTTTTGCAACTTTGAAGCACTCCTAACTATATTGCAATAGTGTTATGAGATGCTACTTATGTTTGTAAGGCCATGAAATTCTGTAATACGGAGTTAAAATTTCTGCAATAAAGCACTTCAATGCTATTGTGTTATAGAGGCTCTGCG,5
CGTCTGTCTCCT,2,0,0
GCTCACGGCCTT,33,0,0
CGGGTGGAGTTT,1,0,0
AGACCTGTACCC,28,0,3
TATTTGATTGTG,5,0,0
RPS14B,40,variant,AACAACTCCCAGAAGACGAATAACAATTAAGAATGGCTAACGGTACGTGAAAGGGGTGATATCCTGTTTAATAACCATTATGTATTCTTTTTTTCAGATGGAGACTGTGATCGGGTAGCGCATGATGTTATTATTGGAATTTTATTTTTTTTGCAACTTTGAAGCACTCCTAACTATATTGCAATAGTGTTATGAGATGCTACTTATGTTTGTAAGGCCATGAAATTCTGTAATACGGAGTTAAAATTTCTGCAATAAAGCACTTCAATGCTATTGTGTTATAGAGGCTCTGCG,4
TTGTTAGTTCCT,44,0,0
ATTGTGTGCATT,38,0,0
CCTCGTTCCCGA,1,0,0
AAAAACCCCAGC,1,0,0
RPS14B,40,variant,AACAACTCCCAGAAGACGAATAACAATTAAGAATGGCTAACGGTACGTGAAAGGGGTGATATCCTGTTTAACACCATTTCATTATTCTTTTTTTCAGATGGAGACTGTGATCGGGTAGCGCATGATGTTATTATTGGAATTTTATTTTTTTTGCAACTTTGAAGCACTCCTAACTATATTGCAATAGTGTTATGAGATGCTACTTATGTTTGTAAGGCCATGAAATTCTGTAATACGGAGTTAAAATTTCTGCAATAAAGCACTTCAATGCTATTGTGTTATAGAGGCTCTGCG,19
TCAGGTCTGATT,30,0,0
TAAGTCAGGTCA,44,0,1
ACGCGATACTAT,9,0,1
CGCAGTAGTTTT,26,0,2
TTCGCAGAAGAT,33,0,1
CCTTTGGTCCAA,62,0,2
TTCCGGAAACCG,15,0,0
ATCGATACGCGT,11,0,1
TGTTAGTCCCCG,42,0,1
TTGGCTATAGAA,36,0,1
CGCGGTGTAGTC,51,0,1
ATCGCACCTCAC,36,0,0
TCAGCTCCGCTT,1,0,0
ATATTTTGGTGA,0,1,0
CGTAACAGGTTT,3,0,0
CCGAAGTTATTC,1,0,0
TATAACTTAGTG,0,1,0
TTTAGATATTTC,2,0,0
ACTCAGTTGTTC,0,1,0
RPS14B,40,variant,AACAACTCCCAGAAGACGAATAACAATTAAGAATGGCTAACGGTACGTGAAAGGGGTGATATCCTGTTTAACAACTCTCTGTTAGTCTTTTTTTCAGATGGAGACTGTGATCGGGTAGCGCATGATGTTATTATTGGAATTTTATTTTTTTTGCAACTTTGAAGCACTCCTAACTATATTGCAATAGTGTTATGAGATGCTACTTATGTTTGTAAGGCCATGAAATTCTGTAATACGGAGTTAAAATTTCTGCAATAAAGCACTTCAATGCTATTGTGTTATAGAGGCTCTGCG,5
CCTTTCATTTTA,49,0,2
ATCGATACCCCC,1,0,0
ATAGAGTTATTA,1,0,0
TCTGCTTAAAGG,1,0,0
ATTATCGGCCTC,33,0,0
RPS14B,57,variant,AACAACTCCCAGAAGACGAATAACAATTAAGAATGGCTAACGGTACGTGAAAGGGGTGATATCCTGTTTAAAACCATTTAGTTATTCTTTTTTTCCTCCTGAGACTGTGATCGGGTAGCGCATGATGTTATTATTGGAATTTTATTTTTTTTGCAACTTTGAAGCACTCCTAACTATATTGCAATAGTGTTATGAGATGCTACTTATGTTTGTAAGGCCATGAAATTCTGTAATACGGAGTTAAAATTTCTGCAATAAAGCACTTCAATGCTATTGTGTTATAGAGGCTCTGCG,3
GGCTCTTTGCAC,1,0,0
ACCTGCCTTCTC,28,0,0
CGCGCTGAAGGT,30,0,2
RPS14B,57,variant,AACAACTCCCAGAAGACGAATAACAATTAAGAATGGCTAACGGTACGTGAAAGGGGTGATATCCTGTTTAAAACCATTTAGTTATTCTTTTTTTCAGCTTCAGACTGTGATCGGGTAGCGCATGATGTTATTATTGGAATTTTATTTTTTTTGCAACTTTGAAGCACTCCTAACTATATTGCAATAGTGTTATGAGATGCTACTTATGTTTGTAAGGCCATGAAATTCTGTAATACGGAGTTAAAATTTCTGCAATAAAGCACTTCAATGCTATTGTGTTATAGAGGCTCTGCG,3
GCTATGGACTAC,0,1,1
TTCTTAAATTAC,31,0,0
ACAACACACATG,2,0,0
RPS14B,57,variant,AACAACTCCCAGAAGACGAATAACAATTAAGAATGGCTAACGGTACGTGAAAGGGGTGATATCCTGTTTAAAACCATTTAGTTATTCTTTTTTTCAGTACCAGACTGTGATCGGGTAGCGCATGATGTTATTATTGGAATTTTATTTTTTTTGCAACTTTGAAGCACTCCTAACTATATTGCAATAGTGTTATGAGATGCTACTTATGTTTGTAAGGCCATGAAATTCTGTAATACGGAGTTAAAATTTCTGCAATAAAGCACTTCAATGCTATTGTGTTATAGAGGCTCTGCG,4
AACGGGAAGTTT,43,0,0
TCTGTTTTGTCA,21,0,0
TTGTTGCGTCTT,1,0,0
TGTTTGCCTCTT,5,0,1
RPS14B,57,variant,AACAACTCCCAGAAGACGAATAACAATTAAGAATGGCTAACGGTACGTGAAAGGGGTGATATCCTGTTTAAAACCATTTAGTTATTCTTTTTTTCAGCCTAAGACTGTGATCGGGTAGCGCATGATGTTATTATTGGAATTTTATTTTTTTTGCAACTTTGAAGCACTCCTAACTATATTGCAATAGTGTTATGAGATGCTACTTATGTTTGTAAGGCCATGAAATTCTGTAATACGGAGTTAAAATTTCTGCAATAAAGCACTTCAATGCTATTGTGTTATAGAGGCTCTGCG,4
CTTTATCCGCAA,7,0,0
TATTTTCTGTTA,1,0,0
ATAAAACTGTTA,1,0,0
CTAGCCTTTTTT,3,0,0
RPS14B,57,variant,AACAACTCCCAGAAGACGAATAACAATTAAGAATGGCTAACGGTACGTGAAAGGGGTGATATCCTGTTTAAAACCATTTAGTTATTCTTTTTTTCAGCCCCAGACTGTGATCGGGTAGCGCATGATGTTATTATTGGAATTTTATTTTTTTTGCAACTTTGAAGCACTCCTAACTATATTGCAATAGTGTTATGAGATGCTACTTATGTTTGTAAGGCCATGAAATTCTGTAATACGGAGTTAAAATTTCTGCAATAAAGCACTTCAATGCTATTGTGTTATAGAGGCTCTGCG,6
CCTACGTGCTTC,1,0,0
TGTTGTTTATGC,1,0,0
CGCCTGTCACAT,39,0,0
TTTAACCATTGT,25,0,0
CGGAATGTGTCA,0,1,0
GTCATTCCCCCA,3,0,0
RPS14B,57,variant,AACAACTCCCAGAAGACGAATAACAATTAAGAATGGCTAACGGTACGTGAAAGGGGTGATATCCTGTTTAAAACCATTTAGTTATTCTTTTTTTCAGTACAAGACTGTGATCGGGTAGCGCATGATGTTATTATTGGAATTTTATTTTTTTTGCAACTTTGAAGCACTCCTAACTATATTGCAATAGTGTTATGAGATGCTACTTATGTTTGTAAGGCCATGAAATTCTGTAATACGGAGTTAAAATTTCTGCAATAAAGCACTTCAATGCTATTGTGTTATAGAGGCTCTGCG,4
TCAGGATTTCAT,1,0,0
GTCCTATGTCGT,1,0,0
ACCCTAATCCAT,31,0,0
CCTTTACACTTA,40,0,1
RPS14B,57,variant,AACAACTCCCAGAAGACGAATAACAATTAAGAATGGCTAACGGTACGTGAAAGGGGTGATATCCTGTTTAAAACCATTTAGTTATTCTTTTTTTCAGCACTAGACTGTGATCGGGTAGCGCATGATGTTATTATTGGAATTTTATTTTTTTTGCAACTTTGAAGCACTCCTAACTATATTGCAATAGTGTTATGAGATGCTACTTATGTTTGTAAGGCCATGAAATTCTGTAATACGGAGTTAAAATTTCTGCAATAAAGCACTTCAATGCTATTGTGTTATAGAGGCTCTGCG,8
GTTGTGTCCGTT,19,0,0
TTTCAATAAGCC,1,0,0
CTTGATTACTAA,2,0,0
AATTGTTTAACT,1,0,0
ACTGATCCTACA,40,0,1
TGATCTATTTTT,47,0,4
AGGAGTGTACTG,1,0,0
TTGGACGATCCT,41,0,1
RPS14B,57,variant,AACAACTCCCAGAAGACGAATAACAATTAAGAATGGCTAACGGTACGTGAAAGGGGTGATATCCTGTTTAAAACCATTTAGTTATTCTTTTTTTCAGTAATAGACTGTGATCGGGTAGCGCATGATGTTATTATTGGAATTTTATTTTTTTTGCAACTTTGAAGCACTCCTAACTATATTGCAATAGTGTTATGAGATGCTACTTATGTTTGTAAGGCCATGAAATTCTGTAATACGGAGTTAAAATTTCTGCAATAAAGCACTTCAATGCTATTGTGTTATAGAGGCTCTGCG,1
AGTGACGCGTTA,12,0,0
RPS14B,57,variant,AACAACTCCCAGAAGACGAATAACAATTAAGAATGGCTAACGGTACGTGAAAGGGGTGATATCCTGTTTAAAACCATTTAGTTATTCTTTTTTTCCTATTGAGACTGTGATCGGGTAGCGCATGATGTTATTATTGGAATTTTATTTTTTTTGCAACTTTGAAGCACTCCTAACTATATTGCAATAGTGTTATGAGATGCTACTTATGTTTGTAAGGCCATGAAATTCTGTAATACGGAGTTAAAATTTCTGCAATAAAGCACTTCAATGCTATTGTGTTATAGAGGCTCTGCG,1
TCGTGGCCTCCT,0,1,0
RPS14B,57,variant,AACAACTCCCAGAAGACGAATAACAATTAAGAATGGCTAACGGTACGTGAAAGGGGTGATATCCTGTTTAAAACCATTTAGTTATTCTTTTTTTCAGCTATAGACTGTGATCGGGTAGCGCATGATGTTATTATTGGAATTTTATTTTTTTTGCAACTTTGAAGCACTCCTAACTATATTGCAATAGTGTTATGAGATGCTACTTATGTTTGTAAGGCCATGAAATTCTGTAATACGGAGTTAAAATTTCTGCAATAAAGCACTTCAATGCTATTGTGTTATAGAGGCTCTGCG,2
AACTCGATCTTA,1,0,0
TTCAGTGGATTA,4,1,0
RPS14B,57,variant,AACAACTCCCAGAAGACGAATAACAATTAAGAATGGCTAACGGTACGTGAAAGGGGTGATATCCTGTTTAAAACCATTTAGTTATTCTTTTTTTCAGTTAAAGACTGTGATCGGGTAGCGCATGATGTTATTATTGGAATTTTATTTTTTTTGCAACTTTGAAGCACTCCTAACTATATTGCAATAGTGTTATGAGATGCTACTTATGTTTGTAAGGCCATGAAATTCTGTAATACGGAGTTAAAATTTCTGCAATAAAGCACTTCAATGCTATTGTGTTATAGAGGCTCTGCG,3
GACCTCCTACTC,34,0,0
GATTTGCTTTGC,36,0,1
CCCTTTAAGCCG,0,1,0
RPS14B,57,variant,AACAACTCCCAGAAGACGAATAACAATTAAGAATGGCTAACGGTACGTGAAAGGGGTGATATCCTGTTTAAAACCATTTAGTTATTCTTTTTTTCAGCTCAAGACTGTGATCGGGTAGCGCATGATGTTATTATTGGAATTTTATTTTTTTTGCAACTTTGAAGCACTCCTAACTATATTGCAATAGTGTTATGAGATGCTACTTATGTTTGTAAGGCCATGAAATTCTGTAATACGGAGTTAAAATTTCTGCAATAAAGCACTTCAATGCTATTGTGTTATAGAGGCTCTGCG,2
TCTACATTTTTA,96,0,3
CGGTCTGAGCCC,1,1,0
RPS14B,57,variant,AACAACTCCCAGAAGACGAATAACAATTAAGAATGGCTAACGGTACGTGAAAGGGGTGATATCCTGTTTAAAACCATTTAGTTATTCTTTTTTTCAGCTCCAGACTGTGATCGGGTAGCGCATGATGTTATTATTGGAATTTTATTTTTTTTGCAACTTTGAAGCACTCCTAACTATATTGCAATAGTGTTATGAGATGCTACTTATGTTTGTAAGGCCATGAAATTCTGTAATACGGAGTTAAAATTTCTGCAATAAAGCACTTCAATGCTATTGTGTTATAGAGGCTCTGCG,3
TGTACCTTAACT,68,0,1
TTGCCAATCCAT,0,0,30
CGTCGATCACCT,37,0,2
RPS14B,57,variant,AACAACTCCCAGAAGACGAATAACAATTAAGAATGGCTAACGGTACGTGAAAGGGGTGATATCCTGTTTAAAACCATTTAGTTATTCTTTTTTTCAGTTCCAGACTGTGATCGGGTAGCGCATGATGTTATTATTGGAATTTTATTTTTTTTGCAACTTTGAAGCACTCCTAACTATATTGCAATAGTGTTATGAGATGCTACTTATGTTTGTAAGGCCATGAAATTCTGTAATACGGAGTTAAAATTTCTGCAATAAAGCACTTCAATGCTATTGTGTTATAGAGGCTCTGCG,3
ATCTACCCTTTG,1,0,0
TTCCTTCTGAGG,1,0,0
CACGGCGAAAGT,59,0,3
RPS14B,57,variant,AACAACTCCCAGAAGACGAATAACAATTAAGAATGGCTAACGGTACGTGAAAGGGGTGATATCCTGTTTAAAACCATTTAGTTATTCTTTTTTTCAGCTTTAGACTGTGATCGGGTAGCGCATGATGTTATTATTGGAATTTTATTTTTTTTGCAACTTTGAAGCACTCCTAACTATATTGCAATAGTGTTATGAGATGCTACTTATGTTTGTAAGGCCATGAAATTCTGTAATACGGAGTTAAAATTTCTGCAATAAAGCACTTCAATGCTATTGTGTTATAGAGGCTCTGCG,5
TTCGCTCAGCTT,12,0,0
CACAAATCAATT,0,1,0
TCTGGTGTTGTT,2,0,0
TCGGCTTACCTT,0,2,0
AACTTATTATTG,1,0,0
RPS14B,57,variant,AACAACTCCCAGAAGACGAATAACAATTAAGAATGGCTAACGGTACGTGAAAGGGGTGATATCCTGTTTAAAACCATTTAGTTATTCTTTTTTTCAGCTAAAGACTGTGATCGGGTAGCGCATGATGTTATTATTGGAATTTTATTTTTTTTGCAACTTTGAAGCACTCCTAACTATATTGCAATAGTGTTATGAGATGCTACTTATGTTTGTAAGGCCATGAAATTCTGTAATACGGAGTTAAAATTTCTGCAATAAAGCACTTCAATGCTATTGTGTTATAGAGGCTCTGCG,6
TGTATTCCGCTA,1,0,0
TGCTGTAGCTAC,8,0,0
TAGCCGAAAGGA,25,0,0
TAATTTATGTCA,2,0,0
AGCTATCTTATA,32,0,0
CCGTTCTCAACG,2,0,0
RPS14B,71_77,variant,AACAACTCCCAGAAGACGAATAACAATTAAGAATGGCTAACGGTACGTGAAAGGGGTGATATCCTGTTTAAAACCATTTAGTTATTCTTTTTTTCAGATGGAGACTGTGATCGAATGGATAATGATGTTATTATTGGAATTTTATTTTTTTTGCAACTTTGAAGCACTCCTAACTATATTGCAATAGTGTTATGAGATGCTACTTATGTTTGTAAGGCCATGAAATTCTGTAATACGGAGTTAAAATTTCTGCAATAAAGCACTTCAATGCTATTGTGTTATAGAGGCTCTGCG,3
TTTAATAGCCGC,5,0,0
TGCTCTAACCAC,26,0,1
AGGATTGTTTAG,42,0,1
RPS14B,71_77,variant,AACAACTCCCAGAAGACGAATAACAATTAAGAATGGCTAACGGTACGTGAAAGGGGTGATATCCTGTTTAAAACCATTTAGTTATTCTTTTTTTCAGATGGAGACTGTGATCTTGGCCCATATGATGTTATTATTGGAATTTTATTTTTTTTGCAACTTTGAAGCACTCCTAACTATATTGCAATAGTGTTATGAGATGCTACTTATGTTTGTAAGGCCATGAAATTCTGTAATACGGAGTTAAAATTTCTGCAATAAAGCACTTCAATGCTATTGTGTTATAGAGGCTCTGCG,4
TTACTTTGTTAG,30,0,0
TAGGTCAGTGTA,1,0,0
CATTGTACTCAG,15,0,1
AACTCTGCCGGT,1,0,0
RPS14B,71_77,variant,AACAACTCCCAGAAGACGAATAACAATTAAGAATGGCTAACGGTACGTGAAAGGGGTGATATCCTGTTTAAAACCATTTAGTTATTCTTTTTTTCAGATGGAGACTGTGATCTAATGGAATATGATGTTATTATTGGAATTTTATTTTTTTTGCAACTTTGAAGCACTCCTAACTATATTGCAATAGTGTTATGAGATGCTACTTATGTTTGTAAGGCCATGAAATTCTGTAATACGGAGTTAAAATTTCTGCAATAAAGCACTTCAATGCTATTGTGTTATAGAGGCTCTGCG,5
GCTTGAACCTCT,2,0,0
TTGGTACGCACT,4,0,0
TGGAGCAGCAGT,11,0,0
TAGTGGTGATTC,62,0,0
GCTATTTGTGCA,37,0,0
RPS14B,71_77,variant,AACAACTCCCAGAAGACGAATAACAATTAAGAATGGCTAACGGTACGTGAAAGGGGTGATATCCTGTTTAAAACCATTTAGTTATTCTTTTTTTCAGATGGAGACTGTGATCGATATTTGTATGATGTTATTATTGGAATTTTATTTTTTTTGCAACTTTGAAGCACTCCTAACTATATTGCAATAGTGTTATGAGATGCTACTTATGTTTGTAAGGCCATGAAATTCTGTAATACGGAGTTAAAATTTCTGCAATAAAGCACTTCAATGCTATTGTGTTATAGAGGCTCTGCG,3
TGTCTTAGCAAA,59,0,3
TTCGCACACATT,22,0,1
TCCTTCTATTTA,1,1,0
RPS14B,71_77,variant,AACAACTCCCAGAAGACGAATAACAATTAAGAATGGCTAACGGTACGTGAAAGGGGTGATATCCTGTTTAAAACCATTTAGTTATTCTTTTTTTCAGATGGAGACTGTGATCCACCAAGTTATGATGTTATTATTGGAATTTTATTTTTTTTGCAACTTTGAAGCACTCCTAACTATATTGCAATAGTGTTATGAGATGCTACTTATGTTTGTAAGGCCATGAAATTCTGTAATACGGAGTTAAAATTTCTGCAATAAAGCACTTCAATGCTATTGTGTTATAGAGGCTCTGCG,8
CGTGATTGACGC,1,0,0
CTTCCATAATAG,42,0,0
TAATTTTCCATG,21,0,0
TGTGCTATTTGA,43,0,0
GTTCGCGCTTTT,10,0,0
TTGGTATTTGAA,79,0,5
TAGCGTTGATCA,30,0,0
CTTTATTATCTT,1,0,0
RPS14B,71_77,variant,AACAACTCCCAGAAGACGAATAACAATTAAGAATGGCTAACGGTACGTGAAAGGGGTGATATCCTGTTTAAAACCATTTAGTTATTCTTTTTTTCAGATGGAGACTGTGATCTGCACTAATATGATGTTATTATTGGAATTTTATTTTTTTTGCAACTTTGAAGCACTCCTAACTATATTGCAATAGTGTTATGAGATGCTACTTATGTTTGTAAGGCCATGAAATTCTGTAATACGGAGTTAAAATTTCTGCAATAAAGCACTTCAATGCTATTGTGTTATAGAGGCTCTGCG,4
CTGACTTGATCT,0,1,0
TAGTCAGAATTA,41,0,3
AGTTGTCTGCAT,21,0,0
TAGGTGACCAAA,2,0,0
RPS14B,71_77,variant,AACAACTCCCAGAAGACGAATAACAATTAAGAATGGCTAACGGTACGTGAAAGGGGTGATATCCTGTTTAAAACCATTTAGTTATTCTTTTTTTCAGATGGAGACTGTGATCCGATACCCCATGATGTTATTATTGGAATTTTATTTTTTTTGCAACTTTGAAGCACTCCTAACTATATTGCAATAGTGTTATGAGATGCTACTTATGTTTGTAAGGCCATGAAATTCTGTAATACGGAGTTAAAATTTCTGCAATAAAGCACTTCAATGCTATTGTGTTATAGAGGCTCTGCG,2
TATTGTTTAAAA,13,0,0
ATTTTTTATAAG,20,0,0
RPS14B,71_77,variant,AACAACTCCCAGAAGACGAATAACAATTAAGAATGGCTAACGGTACGTGAAAGGGGTGATATCCTGTTTAAAACCATTTAGTTATTCTTTTTTTCAGATGGAGACTGTGATCTAACCGCCCATGATGTTATTATTGGAATTTTATTTTTTTTGCAACTTTGAAGCACTCCTAACTATATTGCAATAGTGTTATGAGATGCTACTTATGTTTGTAAGGCCATGAAATTCTGTAATACGGAGTTAAAATTTCTGCAATAAAGCACTTCAATGCTATTGTGTTATAGAGGCTCTGCG,4
TACAGGGCTCTG,39,0,0
TGTCCGGTCGAT,1,0,0
TCCACATCTGCC,34,0,1
CCGGCTAGGGTC,1,0,0
RPS14B,57_71_77,variant,AACAACTCCCAGAAGACGAATAACAATTAAGAATGGCTAACGGTACGTGAAAGGGGTGATATCCTGTTTAAAACCATTTAGTTATTCTTTTTTTCAGTTTGAGACTGTGATCACGACTCCTATGATGTTATTATTGGAATTTTATTTTTTTTGCAACTTTGAAGCACTCCTAACTATATTGCAATAGTGTTATGAGATGCTACTTATGTTTGTAAGGCCATGAAATTCTGTAATACGGAGTTAAAATTTCTGCAATAAAGCACTTCAATGCTATTGTGTTATAGAGGCTCTGCG,2
TACCTAATAGTT,53,0,1
GGGCTCGCTTAA,1,0,0
RPS14B,57_71_77,variant,AACAACTCCCAGAAGACGAATAACAATTAAGAATGGCTAACGGTACGTGAAAGGGGTGATATCCTGTTTAAAACCATTTAGTTATTCTTTTTTTTCCGATGAGACTGTGATCATGCGCCTAATGATGTTATTATTGGAATTTTATTTTTTTTGCAACTTTGAAGCACTCCTAACTATATTGCAATAGTGTTATGAGATGCTACTTATGTTTGTAAGGCCATGAAATTCTGTAATACGGAGTTAAAATTTCTGCAATAAAGCACTTCAATGCTATTGTGTTATAGAGGCTCTGCG,4
GACCCACAAATT,37,0,0
AAAGCCAGGAAT,26,0,0
GTCGTGTGTTTT,1,1,0
GCAATAAACTAT,0,1,0
RPS14B,57_71_77,variant,AACAACTCCCAGAAGACGAATAACAATTAAGAATGGCTAACGGTACGTGAAAGGGGTGATATCCTGTTTAAAACCATTTAGTTATTCTTTTTTTCAGTTTGAGACTGTGATCTCTCCCGCAATGATGTTATTATTGGAATTTTATTTTTTTTGCAACTTTGAAGCACTCCTAACTATATTGCAATAGTGTTATGAGATGCTACTTATGTTTGTAAGGCCATGAAATTCTGTAATACGGAGTTAAAATTTCTGCAATAAAGCACTTCAATGCTATTGTGTTATAGAGGCTCTGCG,4
AGCCGTTTATAT,13,0,1
GCAATCCTGTTA,2,0,0
GTTCGCCTTTCC,1,0,0
TTCTTCTTCTGG,12,0,0
RPS14B,57_71_77,variant,AACAACTCCCAGAAGACGAATAACAATTAAGAATGGCTAACGGTACGTGAAAGGGGTGATATCCTGTTTAAAACCATTTAGTTATTCTTTTTTTCATGATGAGACTGTGATCACAATTGTTATGATGTTATTATTGGAATTTTATTTTTTTTGCAACTTTGAAGCACTCCTAACTATATTGCAATAGTGTTATGAGATGCTACTTATGTTTGTAAGGCCATGAAATTCTGTAATACGGAGTTAAAATTTCTGCAATAAAGCACTTCAATGCTATTGTGTTATAGAGGCTCTGCG,4
CTGCAGCTATTC,8,0,1
GCGTAACTGTCC,74,0,1
CGAATGCTTTTA,35,0,1
TCATACTTACTA,1,0,0
RPS14B,57_71_77,variant,AACAACTCCCAGAAGACGAATAACAATTAAGAATGGCTAACGGTACGTGAAAGGGGTGATATCCTGTTTAAAACCATTTAGTTATTCTTTTTTTCAGAATGAGACTGTGATCCACTCGCTTATGATGTTATTATTGGAATTTTATTTTTTTTGCAACTTTGAAGCACTCCTAACTATATTGCAATAGTGTTATGAGATGCTACTTATGTTTGTAAGGCCATGAAATTCTGTAATACGGAGTTAAAATTTCTGCAATAAAGCACTTCAATGCTATTGTGTTATAGAGGCTCTGCG,2
TCTCTCTGCCCG,3,0,0
CTGCCAAGCAAG,54,0,0
RPS14B,57_71_77,variant,AACAACTCCCAGAAGACGAATAACAATTAAGAATGGCTAACGGTACGTGAAAGGGGTGATATCCTGTTTAAAACCATTTAGTTATTCTTTTTTTGCAGAGGAGACTGTGATCATGCGTGCGATGATGTTATTATTGGAATTTTATTTTTTTTGCAACTTTGAAGCACTCCTAACTATATTGCAATAGTGTTATGAGATGCTACTTATGTTTGTAAGGCCATGAAATTCTGTAATACGGAGTTAAAATTTCTGCAATAAAGCACTTCAATGCTATTGTGTTATAGAGGCTCTGCG,2
ACTAATAAAACA,15,0,0
CCTAGTCATTAG,44,0,2
RPS14B,57_71_77,variant,AACAACTCCCAGAAGACGAATAACAATTAAGAATGGCTAACGGTACGTGAAAGGGGTGATATCCTGTTTAAAACCATTTAGTTATTCTTTTTTTTGGTGTCAGACTGTGATCTTTGCCCGTATGATGTTATTATTGGAATTTTATTTTTTTTGCAACTTTGAAGCACTCCTAACTATATTGCAATAGTGTTATGAGATGCTACTTATGTTTGTAAGGCCATGAAATTCTGTAATACGGAGTTAAAATTTCTGCAATAAAGCACTTCAATGCTATTGTGTTATAGAGGCTCTGCG,2
CACCTACTTCCC,2,0,0
TTTAATCCGCTT,37,0,1
RPS14B,57_71_77,variant,AACAACTCCCAGAAGACGAATAACAATTAAGAATGGCTAACGGTACGTGAAAGGGGTGATATCCTGTTTAAAACCATTTAGTTATTCTTTTTTTGGCATGGAGACTGTGATCTGACGACGTATGATGTTATTATTGGAATTTTATTTTTTTTGCAACTTTGAAGCACTCCTAACTATATTGCAATAGTGTTATGAGATGCTACTTATGTTTGTAAGGCCATGAAATTCTGTAATACGGAGTTAAAATTTCTGCAATAAAGCACTTCAATGCTATTGTGTTATAGAGGCTCTGCG,0
RPS14B,57_71_77,variant,AACAACTCCCAGAAGACGAATAACAATTAAGAATGGCTAACGGTACGTGAAAGGGGTGATATCCTGTTTAAAACCATTTAGTTATTCTTTTTTTCAGACGGAGACTGTGATCACCTATAATATGATGTTATTATTGGAATTTTATTTTTTTTGCAACTTTGAAGCACTCCTAACTATATTGCAATAGTGTTATGAGATGCTACTTATGTTTGTAAGGCCATGAAATTCTGTAATACGGAGTTAAAATTTCTGCAATAAAGCACTTCAATGCTATTGTGTTATAGAGGCTCTGCG,3
CCTAGCCAAGAC,51,0,1
GGACTTTGGTTG,1,0,0
TGTGTACGGCGG,39,0,0
RPS14B,57_71_77,variant,AACAACTCCCAGAAGACGAATAACAATTAAGAATGGCTAACGGTACGTGAAAGGGGTGATATCCTGTTTAAAACCATTTAGTTATTCTTTTTTTCAGACGGAGACTGTGATCCCAAAGCTAATGATGTTATTATTGGAATTTTATTTTTTTTGCAACTTTGAAGCACTCCTAACTATATTGCAATAGTGTTATGAGATGCTACTTATGTTTGTAAGGCCATGAAATTCTGTAATACGGAGTTAAAATTTCTGCAATAAAGCACTTCAATGCTATTGTGTTATAGAGGCTCTGCG,4
CCATTACTGACT,24,0,2
TTAATAGTTTGC,3,0,0
TTGGAAAATATT,1,0,0
ACTGTTCTATTG,12,0,0
RPS14B,57_71_77,variant,AACAACTCCCAGAAGACGAATAACAATTAAGAATGGCTAACGGTACGTGAAAGGGGTGATATCCTGTTTAAAACCATTTAGTTATTCTTTTTTTCAGCTTGAGACTGTGATCAAAAAGAGAATGATGTTATTATTGGAATTTTATTTTTTTTGCAACTTTGAAGCACTCCTAACTATATTGCAATAGTGTTATGAGATGCTACTTATGTTTGTAAGGCCATGAAATTCTGTAATACGGAGTTAAAATTTCTGCAATAAAGCACTTCAATGCTATTGTGTTATAGAGGCTCTGCG,2
ATACATCCGCAT,21,0,2
GTTCCTATAAAG,1,0,0
RPS14B,57_71_77,variant,AACAACTCCCAGAAGACGAATAACAATTAAGAATGGCTAACGGTACGTGAAAGGGGTGATATCCTGTTTAAAACCATTTAGTTATTCTTTTTTTCAGACTTAGACTGTGATCAAGGCTATCATGATGTTATTATTGGAATTTTATTTTTTTTGCAACTTTGAAGCACTCCTAACTATATTGCAATAGTGTTATGAGATGCTACTTATGTTTGTAAGGCCATGAAATTCTGTAATACGGAGTTAAAATTTCTGCAATAAAGCACTTCAATGCTATTGTGTTATAGAGGCTCTGCG,2
GAATAATATGGA,22,0,0
AAGTTCTTGAGG,2,0,0
RPS14B,57_71_77,variant,AACAACTCCCAGAAGACGAATAACAATTAAGAATGGCTAACGGTACGTGAAAGGGGTGATATCCTGTTTAAAACCATTTAGTTATTCTTTTTTTCAGATGTAGACTGTGATCTATTGGCAAATGATGTTATTATTGGAATTTTATTTTTTTTGCAACTTTGAAGCACTCCTAACTATATTGCAATAGTGTTATGAGATGCTACTTATGTTTGTAAGGCCATGAAATTCTGTAATACGGAGTTAAAATTTCTGCAATAAAGCACTTCAATGCTATTGTGTTATAGAGGCTCTGCG,2
TGAAGTATCGTG,35,1,0
CCCTAGGTTTTA,1,0,0
RPS14B,57_71_77,variant,AACAACTCCCAGAAGACGAATAACAATTAAGAATGGCTAACGGTACGTGAAAGGGGTGATATCCTGTTTAAAACCATTTAGTTATTCTTTTTTTCAGGTGTAGACTGTGATCGGCCAGGAGATGATGTTATTATTGGAATTTTATTTTTTTTGCAACTTTGAAGCACTCCTAACTATATTGCAATAGTGTTATGAGATGCTACTTATGTTTGTAAGGCCATGAAATTCTGTAATACGGAGTTAAAATTTCTGCAATAAAGCACTTCAATGCTATTGTGTTATAGAGGCTCTGCG,2
TTACCGTTATCA,12,0,2
CGAGCCTATGTT,38,0,1
RPS14B,57_71_77,variant,AACAACTCCCAGAAGACGAATAACAATTAAGAATGGCTAACGGTACGTGAAAGGGGTGATATCCTGTTTAAAACCATTTAGTTATTCTTTTTTTCAGATTGAGACTGTGATCTTCTCGACCATGATGTTATTATTGGAATTTTATTTTTTTTGCAACTTTGAAGCACTCCTAACTATATTGCAATAGTGTTATGAGATGCTACTTATGTTTGTAAGGCCATGAAATTCTGTAATACGGAGTTAAAATTTCTGCAATAAAGCACTTCAATGCTATTGTGTTATAGAGGCTCTGCG,2
TGTAGGACTGCG,10,0,0
GACAATTCGTAC,1,0,0
RPS14B,57_71_77,variant,AACAACTCCCAGAAGACGAATAACAATTAAGAATGGCTAACGGTACGTGAAAGGGGTGATATCCTGTTTAAAACCATTTAGTTATTCTTTTTTTCAGGATGAGACTGTGATCACCCAGCTAATGATGTTATTATTGGAATTTTATTTTTTTTGCAACTTTGAAGCACTCCTAACTATATTGCAATAGTGTTATGAGATGCTACTTATGTTTGTAAGGCCATGAAATTCTGTAATACGGAGTTAAAATTTCTGCAATAAAGCACTTCAATGCTATTGTGTTATAGAGGCTCTGCG,2
TTCCATTTTACT,17,0,2
ACACATAAGTGT,1,1,0
RPS14B,57_71_77,variant,AACAACTCCCAGAAGACGAATAACAATTAAGAATGGCTAACGGTACGTGAAAGGGGTGATATCCTGTTTAAAACCATTTAGTTATTCTTTTTTTCAGAACGAGACTGTGATCGACTGGCTTATGATGTTATTATTGGAATTTTATTTTTTTTGCAACTTTGAAGCACTCCTAACTATATTGCAATAGTGTTATGAGATGCTACTTATGTTTGTAAGGCCATGAAATTCTGTAATACGGAGTTAAAATTTCTGCAATAAAGCACTTCAATGCTATTGTGTTATAGAGGCTCTGCG,1
AAGGTCTAAGCT,19,0,0
RPS14B,57_71_77,variant,AACAACTCCCAGAAGACGAATAACAATTAAGAATGGCTAACGGTACGTGAAAGGGGTGATATCCTGTTTAAAACCATTTAGTTATTCTTTTTTTCAGATGTAGACTGTGATCACGAAGTACATGATGTTATTATTGGAATTTTATTTTTTTTGCAACTTTGAAGCACTCCTAACTATATTGCAATAGTGTTATGAGATGCTACTTATGTTTGTAAGGCCATGAAATTCTGTAATACGGAGTTAAAATTTCTGCAATAAAGCACTTCAATGCTATTGTGTTATAGAGGCTCTGCG,6
CACGCTAATGTT,45,7,3
CTGGTATTAAAA,38,0,1
TATATAAGCCAT,9,0,1
GCCGACCATTTT,32,0,0
TTTGTGTCGTAA,33,0,0
ATACCATCGAGT,25,0,2
RPS14B,57_71_77,variant,AACAACTCCCAGAAGACGAATAACAATTAAGAATGGCTAACGGTACGTGAAAGGGGTGATATCCTGTTTAAAACCATTTAGTTATTCTTTTTTTCAGCTTGAGACTGTGATCCGTTTGCCAATGATGTTATTATTGGAATTTTATTTTTTTTGCAACTTTGAAGCACTCCTAACTATATTGCAATAGTGTTATGAGATGCTACTTATGTTTGTAAGGCCATGAAATTCTGTAATACGGAGTTAAAATTTCTGCAATAAAGCACTTCAATGCTATTGTGTTATAGAGGCTCTGCG,2
GTTATTAGTGGT,2,0,0
GCTGCTCTTAAA,1,0,0
RPS14B,57_71_77,variant,AACAACTCCCAGAAGACGAATAACAATTAAGAATGGCTAACGGTACGTGAAAGGGGTGATATCCTGTTTAAAACCATTTAGTTATTCTTTTTTTCAGATGTAGACTGTGATCTAGTAGTACATGATGTTATTATTGGAATTTTATTTTTTTTGCAACTTTGAAGCACTCCTAACTATATTGCAATAGTGTTATGAGATGCTACTTATGTTTGTAAGGCCATGAAATTCTGTAATACGGAGTTAAAATTTCTGCAATAAAGCACTTCAATGCTATTGTGTTATAGAGGCTCTGCG,4
ATTAAGCTTATC,41,0,0
TATGATTCTTTT,1,0,0
CGTTATTTTCAG,62,0,0
TAGAGACATTCT,5,0,0
RPS14B,57_71_77,variant,AACAACTCCCAGAAGACGAATAACAATTAAGAATGGCTAACGGTACGTGAAAGGGGTGATATCCTGTTTAAAACCATTTAGTTATTCTTTTTTTCAGATGTAGACTGTGATCCGTTTATACATGATGTTATTATTGGAATTTTATTTTTTTTGCAACTTTGAAGCACTCCTAACTATATTGCAATAGTGTTATGAGATGCTACTTATGTTTGTAAGGCCATGAAATTCTGTAATACGGAGTTAAAATTTCTGCAATAAAGCACTTCAATGCTATTGTGTTATAGAGGCTCTGCG,2
GATTTCACTTAG,14,0,0
AGTTACGGGGTC,35,0,4
RPS14B,57_71_77,variant,AACAACTCCCAGAAGACGAATAACAATTAAGAATGGCTAACGGTACGTGAAAGGGGTGATATCCTGTTTAAAACCATTTAGTTATTCTTTTTTTCAGATGTAGACTGTGATCGATTGTCGTATGATGTTATTATTGGAATTTTATTTTTTTTGCAACTTTGAAGCACTCCTAACTATATTGCAATAGTGTTATGAGATGCTACTTATGTTTGTAAGGCCATGAAATTCTGTAATACGGAGTTAAAATTTCTGCAATAAAGCACTTCAATGCTATTGTGTTATAGAGGCTCTGCG,3
CGTACAAAGAGG,22,0,0
TGCGGCTATCGT,1,0,0
TTTAAATTCTTT,4,0,0
RPS14B,57_71_77,variant,AACAACTCCCAGAAGACGAATAACAATTAAGAATGGCTAACGGTACGTGAAAGGGGTGATATCCTGTTTAAAACCATTTAGTTATTCTTTTTTTCAGTTGGAGACTGTGATCGGCTTGACCATGATGTTATTATTGGAATTTTATTTTTTTTGCAACTTTGAAGCACTCCTAACTATATTGCAATAGTGTTATGAGATGCTACTTATGTTTGTAAGGCCATGAAATTCTGTAATACGGAGTTAAAATTTCTGCAATAAAGCACTTCAATGCTATTGTGTTATAGAGGCTCTGCG,0
RPS14B,57_71_77,variant,AACAACTCCCAGAAGACGAATAACAATTAAGAATGGCTAACGGTACGTGAAAGGGGTGATATCCTGTTTAAAACCATTTAGTTATTCTTTTTTTCAGACCTAGACTGTGATCATGTAGCCCATGATGTTATTATTGGAATTTTATTTTTTTTGCAACTTTGAAGCACTCCTAACTATATTGCAATAGTGTTATGAGATGCTACTTATGTTTGTAAGGCCATGAAATTCTGTAATACGGAGTTAAAATTTCTGCAATAAAGCACTTCAATGCTATTGTGTTATAGAGGCTCTGCG,2
AAGCTGTGCATT,32,0,1
AGAACGCGGGGG,14,0,0
RPS14B,88_99,variant,AACAACTCCCAGAAGACGAATAACAATTAAGAATGGCTAACGGTACGTGAAAGGGGTGATATCCTGTTTAAAACCATTTAGTTATTCTTTTTTTCAGATGGAGACTGTGATCGGGTAGCGCATGATGTAATACTTGGCTTTTCATTTTTTTTGCAACTTTGAAGCACTCCTAACTATATTGCAATAGTGTTATGAGATGCTACTTATGTTTGTAAGGCCATGAAATTCTGTAATACGGAGTTAAAATTTCTGCAATAAAGCACTTCAATGCTATTGTGTTATAGAGGCTCTGCG,6
CGTTGGGCAAGC,41,0,0
TCTAACGCAGTT,37,0,1
CTGATTGTCTAA,0,1,0
AGCGTTTTGTTC,1,0,0
CGGTACATAACT,15,0,0
AAATATTTCTCG,5,0,0
RPS14B,88_99,variant,AACAACTCCCAGAAGACGAATAACAATTAAGAATGGCTAACGGTACGTGAAAGGGGTGATATCCTGTTTAAAACCATTTAGTTATTCTTTTTTTCAGATGGAGACTGTGATCGGGTAGCGCATGATGTATTACTGCCCCTGACATTTTTTTTGCAACTTTGAAGCACTCCTAACTATATTGCAATAGTGTTATGAGATGCTACTTATGTTTGTAAGGCCATGAAATTCTGTAATACGGAGTTAAAATTTCTGCAATAAAGCACTTCAATGCTATTGTGTTATAGAGGCTCTGCG,13
CCTTTAAATTGT,0,2,0
CACTTGTTTTTC,0,1,0
ACCTACAAATTA,28,0,0
CATTGCTGATTA,9,0,0
TTTTGCCTTGGT,34,0,1
TACGTCATATAG,4,0,0
CCACACACGCAT,1,0,0
TTGGACTATTTG,22,0,0
TGTATTATAGCG,1,0,0
ATCATCATTTGT,9,0,1
CGCTTTTCTTAG,0,0,0
CATCCGTTCCTA,1,0,0
AAGTGAATCGGC,25,0,3
RPS14B,88_99,variant,AACAACTCCCAGAAGACGAATAACAATTAAGAATGGCTAACGGTACGTGAAAGGGGTGATATCCTGTTTAAAACCATTTAGTTATTCTTTTTTTCAGATGGAGACTGTGATCGGGTAGCGCATGATGTCGTATTACTAACCTTATTTTTTTTGCAACTTTGAAGCACTCCTAACTATATTGCAATAGTGTTATGAGATGCTACTTATGTTTGTAAGGCCATGAAATTCTGTAATACGGAGTTAAAATTTCTGCAATAAAGCACTTCAATGCTATTGTGTTATAGAGGCTCTGCG,5
GTTCTACAACAC,3,0,0
CCGGTTTTAGTC,3,0,0
TACGCCAATCCA,16,0,0
CGTCAACGCAAA,0,1,0
CTCTTTTATGTT,0,8,0
RPS14B,88_99,variant,AACAACTCCCAGAAGACGAATAACAATTAAGAATGGCTAACGGTACGTGAAAGGGGTGATATCCTGTTTAAAACCATTTAGTTATTCTTTTTTTCAGATGGAGACTGTGATCGGGTAGCGCATGATGTCTCCGTACTCCCTTTATTTTTTTTGCAACTTTGAAGCACTCCTAACTATATTGCAATAGTGTTATGAGATGCTACTTATGTTTGTAAGGCCATGAAATTCTGTAATACGGAGTTAAAATTTCTGCAATAAAGCACTTCAATGCTATTGTGTTATAGAGGCTCTGCG,9
GGCCTAAGTCAC,8,1,0
CCTTTCAAAAGT,1,0,0
AAACCTTCATCG,42,0,2
TTCTTATTAGGG,3,0,0
TATAGCTTTTTA,20,0,0
TGTCTACCAGGC,2,0,0
ATTAGTAGCTTA,32,0,2
CATTTGTCTCTA,38,0,0
TCAACTCCTCGC,5,0,0
RPS14B,88_99,variant,AACAACTCCCAGAAGACGAATAACAATTAAGAATGGCTAACGGTACGTGAAAGGGGTGATATCCTGTTTAAAACCATTTAGTTATTCTTTTTTTCAGATGGAGACTGTGATCGGGTAGCGCATGATGTTAATGTTCGAATTTCATTTTTTTTGCAACTTTGAAGCACTCCTAACTATATTGCAATAGTGTTATGAGATGCTACTTATGTTTGTAAGGCCATGAAATTCTGTAATACGGAGTTAAAATTTCTGCAATAAAGCACTTCAATGCTATTGTGTTATAGAGGCTCTGCG,6
TTCCGGAGGTCT,39,0,0
GACGTACGGTAC,26,0,0
GGTTATAACATT,1,0,0
GGACTCCCCAAG,26,0,2
AAAGGTATTATT,0,2,0
TCATACCTTGAC,2,0,0
RPS14B,88_99,variant,AACAACTCCCAGAAGACGAATAACAATTAAGAATGGCTAACGGTACGTGAAAGGGGTGATATCCTGTTTAAAACCATTTAGTTATTCTTTTTTTCAGATGGAGACTGTGATCGGGTAGCGCATGATGTTAGTATTACACTTATATTTTTTTTGCAACTTTGAAGCACTCCTAACTATATTGCAATAGTGTTATGAGATGCTACTTATGTTTGTAAGGCCATGAAATTCTGTAATACGGAGTTAAAATTTCTGCAATAAAGCACTTCAATGCTATTGTGTTATAGAGGCTCTGCG,11
CTTCACCACTCA,18,0,1
ATATGAGTGCCA,1,10,0
CACTACTTGTAC,50,0,0
TCGTCGGATCTT,14,0,1
TTTATACCAGCA,1,1,0
TTACCCAAATCA,0,1,0
CAGTCGTACAAG,28,0,0
TGTAGCCCTTCT,19,0,0
CCCTGCAACCAT,14,0,1
TTTGTTATCGGG,3,0,0
AGTGACGGGTGT,0,2,0
RPS14B,88_99,variant,AACAACTCCCAGAAGACGAATAACAATTAAGAATGGCTAACGGTACGTGAAAGGGGTGATATCCTGTTTAAAACCATTTAGTTATTCTTTTTTTCAGATGGAGACTGTGATCGGGTAGCGCATGATGTTATGATTTGAATTTTATTTTTTTTGCAACTTTGAAGCACTCCTAACTATATTGCAATAGTGTTATGAGATGCTACTTATGTTTGTAAGGCCATGAAATTCTGTAATACGGAGTTAAAATTTCTGCAATAAAGCACTTCAATGCTATTGTGTTATAGAGGCTCTGCG,5
TTTAGGGGGCCT,11,0,0
TGATTGCTAGGC,0,10,0
GACTTTTTTAGT,27,0,0
GATTATTTGAGT,1,0,0
ACGTATCATCTC,0,1,0
RPS14B,88_99,variant,AACAACTCCCAGAAGACGAATAACAATTAAGAATGGCTAACGGTACGTGAAAGGGGTGATATCCTGTTTAAAACCATTTAGTTATTCTTTTTTTCAGATGGAGACTGTGATCGGGTAGCGCATGATGTTTAGTTTAGAATTTTATTTTTTTTGCAACTTTGAAGCACTCCTAACTATATTGCAATAGTGTTATGAGATGCTACTTATGTTTGTAAGGCCATGAAATTCTGTAATACGGAGTTAAAATTTCTGCAATAAAGCACTTCAATGCTATTGTGTTATAGAGGCTCTGCG,5
AATAAAGGTTGG,27,0,1
CTAAGGTATTTG,2,0,0
GAAGGCGATTCC,40,0,1
TCCCCACATTTT,10,0,1
ATTTCATATTTG,0,1,0
RPS14B,88_99,compens,AACAACTCCCAGAAGACGAATAACAATTAAGAATGGCTAACGGTACGTGAAAGGGGTGATATCCTGTTTAAAACCATTTAGTTATTCTTTTTTTCAGATGGAGACTGTGATCGGGTAGCGCATGATGTAATACTTGGCTTTTCATTTTTTTTGCAACTTTGAAGCACTCCTAACTATATTGCAATAGTGTTATGAGATGCTACTTATGTTTGTAAGGCCATGAAAAGCCAGTATTCGGAGTTAAAATTTCTGCAATAAAGCACTTCAATGCTATTGTGTTATAGAGGCTCTGCG,1
TGAGGGGGGAGG,2,0,0
RPS14B,88_99,compens,AACAACTCCCAGAAGACGAATAACAATTAAGAATGGCTAACGGTACGTGAAAGGGGTGATATCCTGTTTAAAACCATTTAGTTATTCTTTTTTTCAGATGGAGACTGTGATCGGGTAGCGCATGATGTATTACTGCCCCTGACATTTTTTTTGCAACTTTGAAGCACTCCTAACTATATTGCAATAGTGTTATGAGATGCTACTTATGTTTGTAAGGCCATGTCAGGGGCGTAATCGGAGTTAAAATTTCTGCAATAAAGCACTTCAATGCTATTGTGTTATAGAGGCTCTGCG,5
TCCGACATTAGA,21,0,0
CTGAGACGCCTT,19,2,0
ACTTGTTGTAGG,0,2,0
ATTAAACGAACG,1,0,0
CTTAGGTCAACT,50,0,2
RPS14B,88_99,compens,AACAACTCCCAGAAGACGAATAACAATTAAGAATGGCTAACGGTACGTGAAAGGGGTGATATCCTGTTTAAAACCATTTAGTTATTCTTTTTTTCAGATGGAGACTGTGATCGGGTAGCGCATGATGTCGTATTACTAACCTTATTTTTTTTGCAACTTTGAAGCACTCCTAACTATATTGCAATAGTGTTATGAGATGCTACTTATGTTTGTAAGGCCATAAGGTTAGTATACGCGGAGTTAAAATTTCTGCAATAAAGCACTTCAATGCTATTGTGTTATAGAGGCTCTGCG,2
GACGGGCACAAT,0,1,0
GCCCCCACTATT,23,0,1
RPS14B,88_99,compens,AACAACTCCCAGAAGACGAATAACAATTAAGAATGGCTAACGGTACGTGAAAGGGGTGATATCCTGTTTAAAACCATTTAGTTATTCTTTTTTTCAGATGGAGACTGTGATCGGGTAGCGCATGATGTCTCCGTACTCCCTTTATTTTTTTTGCAACTTTGAAGCACTCCTAACTATATTGCAATAGTGTTATGAGATGCTACTTATGTTTGTAAGGCCATAAAGGGAGTCGGAGCGGAGTTAAAATTTCTGCAATAAAGCACTTCAATGCTATTGTGTTATAGAGGCTCTGCG,2
GCTAACATTATT,5,1,0
CTGTCCATCTAT,0,1,0
RPS14B,88_99,compens,AACAACTCCCAGAAGACGAATAACAATTAAGAATGGCTAACGGTACGTGAAAGGGGTGATATCCTGTTTAAAACCATTTAGTTATTCTTTTTTTCAGATGGAGACTGTGATCGGGTAGCGCATGATGTTAATGTTCGAATTTCATTTTTTTTGCAACTTTGAAGCACTCCTAACTATATTGCAATAGTGTTATGAGATGCTACTTATGTTTGTAAGGCCATGAAATTCGGCATTACGGAGTTAAAATTTCTGCAATAAAGCACTTCAATGCTATTGTGTTATAGAGGCTCTGCG,3
CCATATCACTAC,43,0,0
TTAGAAAGGCTC,15,0,1
TTCTTTATAATA,0,2,0
RPS14B,88_99,compens,AACAACTCCCAGAAGACGAATAACAATTAAGAATGGCTAACGGTACGTGAAAGGGGTGATATCCTGTTTAAAACCATTTAGTTATTCTTTTTTTCAGATGGAGACTGTGATCGGGTAGCGCATGATGTTAGTATTACACTTATATTTTTTTTGCAACTTTGAAGCACTCCTAACTATATTGCAATAGTGTTATGAGATGCTACTTATGTTTGTAAGGCCATGTAAGTGTGTACTACGGAGTTAAAATTTCTGCAATAAAGCACTTCAATGCTATTGTGTTATAGAGGCTCTGCG,5
GTGGACTTTAGC,15,0,1
CTTCGCATTAGG,1,0,0
AAGCAGATAATC,27,0,2
GGTTGGAGTTCC,1,0,0
GGACGCCAATAT,1,0,0
RPS14B,88_99,compens,AACAACTCCCAGAAGACGAATAACAATTAAGAATGGCTAACGGTACGTGAAAGGGGTGATATCCTGTTTAAAACCATTTAGTTATTCTTTTTTTCAGATGGAGACTGTGATCGGGTAGCGCATGATGTTATGATTTGAATTTTATTTTTTTTGCAACTTTGAAGCACTCCTAACTATATTGCAATAGTGTTATGAGATGCTACTTATGTTTGTAAGGCCATGAAATTCAGTCATACGGAGTTAAAATTTCTGCAATAAAGCACTTCAATGCTATTGTGTTATAGAGGCTCTGCG,4
TCTGCACACAAC,0,2,0
TGTACTCATTCT,0,3,0
TTTCTTAATTTT,6,0,0
CGATTTAACTAG,25,0,1
RPS14B,88_99,compens,AACAACTCCCAGAAGACGAATAACAATTAAGAATGGCTAACGGTACGTGAAAGGGGTGATATCCTGTTTAAAACCATTTAGTTATTCTTTTTTTCAGATGGAGACTGTGATCGGGTAGCGCATGATGTTTAGTTTAGAATTTTATTTTTTTTGCAACTTTGAAGCACTCCTAACTATATTGCAATAGTGTTATGAGATGCTACTTATGTTTGTAAGGCCATGAAATTCTGACTAACGGAGTTAAAATTTCTGCAATAAAGCACTTCAATGCTATTGTGTTATAGAGGCTCTGCG,1
AATGATGATGCC,45,0,2
RPS14B,99,variant,AACAACTCCCAGAAGACGAATAACAATTAAGAATGGCTAACGGTACGTGAAAGGGGTGATATCCTGTTTAAAACCATTTAGTTATTCTTTTTTTCAGATGGAGACTGTGATCGGGTAGCGCATGATGTTATTATAACCCTTTCATTTTTTTTGCAACTTTGAAGCACTCCTAACTATATTGCAATAGTGTTATGAGATGCTACTTATGTTTGTAAGGCCATGAAATTCTGTAATACGGAGTTAAAATTTCTGCAATAAAGCACTTCAATGCTATTGTGTTATAGAGGCTCTGCG,5
CCCTGAAAGTTT,1,0,0
TAACGGCGGTGC,3,0,0
GGTCACTTTTGT,0,1,0
TTTATACCTGTG,1,1,0
CGGTTTAGCAAT,52,0,1
RPS14B,99,variant,AACAACTCCCAGAAGACGAATAACAATTAAGAATGGCTAACGGTACGTGAAAGGGGTGATATCCTGTTTAAAACCATTTAGTTATTCTTTTTTTCAGATGGAGACTGTGATCGGGTAGCGCATGATGTTATTATAAATCTTTCATTTTTTTTGCAACTTTGAAGCACTCCTAACTATATTGCAATAGTGTTATGAGATGCTACTTATGTTTGTAAGGCCATGAAATTCTGTAATACGGAGTTAAAATTTCTGCAATAAAGCACTTCAATGCTATTGTGTTATAGAGGCTCTGCG,3
GTTGCCCAGTAA,4,0,0
TCCGGAGTCAAA,1,0,0
CCGTTTACTTAA,14,0,1
RPS14B,99,variant,AACAACTCCCAGAAGACGAATAACAATTAAGAATGGCTAACGGTACGTGAAAGGGGTGATATCCTGTTTAAAACCATTTAGTTATTCTTTTTTTCAGATGGAGACTGTGATCGGGTAGCGCATGATGTTATTATAGACCCCTCATTTTTTTTGCAACTTTGAAGCACTCCTAACTATATTGCAATAGTGTTATGAGATGCTACTTATGTTTGTAAGGCCATGAAATTCTGTAATACGGAGTTAAAATTTCTGCAATAAAGCACTTCAATGCTATTGTGTTATAGAGGCTCTGCG,6
TATCACGCGTAT,2,0,0
TGTTTTTAAGCG,1,0,0
CTCCTGTTTATG,2,0,0
TAAATACATTAA,6,0,1
ATGAGAAAAGTG,0,1,0
GATACTTTCTCA,51,0,2
RPS14B,99,variant,AACAACTCCCAGAAGACGAATAACAATTAAGAATGGCTAACGGTACGTGAAAGGGGTGATATCCTGTTTAAAACCATTTAGTTATTCTTTTTTTCAGATGGAGACTGTGATCGGGTAGCGCATGATGTTATTATAGAATATGAATTTTTTTTGCAACTTTGAAGCACTCCTAACTATATTGCAATAGTGTTATGAGATGCTACTTATGTTTGTAAGGCCATGAAATTCTGTAATACGGAGTTAAAATTTCTGCAATAAAGCACTTCAATGCTATTGTGTTATAGAGGCTCTGCG,1
ATATGTGACTTA,27,0,1
RPS14B,99,compens,AACAACTCCCAGAAGACGAATAACAATTAAGAATGGCTAACGGTACGTGAAAGGGGTGATATCCTGTTTAAAACCATTTAGTTATTCTTTTTTTCAGATGGAGACTGTGATCGGGTAGCGCATGATGTTATTATAACCCTTTCATTTTTTTTGCAACTTTGAAGCACTCCTAACTATATTGCAATAGTGTTATGAGATGCTACTTATGTTTGTAAGGCCATGAAAGGGTTTAATACGGAGTTAAAATTTCTGCAATAAAGCACTTCAATGCTATTGTGTTATAGAGGCTCTGCG,6
CCGGTTTTTTTA,38,0,1
GTCGACGCGTCC,2,0,0
ATATAATCGGCT,1,0,0
TGCGGCCGCTAT,31,0,0
TTCAAGGTTTAC,0,1,0
CCCCCTTACTAA,1,0,0
RPS14B,99,compens,AACAACTCCCAGAAGACGAATAACAATTAAGAATGGCTAACGGTACGTGAAAGGGGTGATATCCTGTTTAAAACCATTTAGTTATTCTTTTTTTCAGATGGAGACTGTGATCGGGTAGCGCATGATGTTATTATAAATCTTTCATTTTTTTTGCAACTTTGAAGCACTCCTAACTATATTGCAATAGTGTTATGAGATGCTACTTATGTTTGTAAGGCCATGAAAGATTTTAATACGGAGTTAAAATTTCTGCAATAAAGCACTTCAATGCTATTGTGTTATAGAGGCTCTGCG,5
CGTACAAGTAAT,28,0,1
TCGGCCTTTTCC,2,0,0
GACGGACCGTTA,0,1,0
TGTCTAATTTTT,2,0,0
ATTTTATAGTCG,2,0,0
RPS14B,99,compens,AACAACTCCCAGAAGACGAATAACAATTAAGAATGGCTAACGGTACGTGAAAGGGGTGATATCCTGTTTAAAACCATTTAGTTATTCTTTTTTTCAGATGGAGACTGTGATCGGGTAGCGCATGATGTTATTATAGACCCCTCATTTTTTTTGCAACTTTGAAGCACTCCTAACTATATTGCAATAGTGTTATGAGATGCTACTTATGTTTGTAAGGCCATGAGGGGTCTTAATACGGAGTTAAAATTTCTGCAATAAAGCACTTCAATGCTATTGTGTTATAGAGGCTCTGCG,4
TCATTTTCAAAC,2,3,0
CACCTACATTTA,0,1,0
TAACATGCTGTC,0,1,0
CTGCGGGTGAGG,0,1,0
RPS14B,99,compens,AACAACTCCCAGAAGACGAATAACAATTAAGAATGGCTAACGGTACGTGAAAGGGGTGATATCCTGTTTAAAACCATTTAGTTATTCTTTTTTTCAGATGGAGACTGTGATCGGGTAGCGCATGATGTTATTATAGAATATGAATTTTTTTTGCAACTTTGAAGCACTCCTAACTATATTGCAATAGTGTTATGAGATGCTACTTATGTTTGTAAGGCCATTCATATTCTTAATACGGAGTTAAAATTTCTGCAATAAAGCACTTCAATGCTATTGTGTTATAGAGGCTCTGCG,3
TGGTTTATGAAT,0,1,0
TCATTAAATTCT,2,0,0
CCGCTCTAAACG,25,0,0
RPS14B,113,variant,AACAACTCCCAGAAGACGAATAACAATTAAGAATGGCTAACGGTACGTGAAAGGGGTGATATCCTGTTTAAAACCATTTAGTTATTCTTTTTTTCAGATGGAGACTGTGATCGGGTAGCGCATGATGTTATTATTGGAATTTTATTTTGTTCGTCACTTTGAAGCACTCCTAACTATATTGCAATAGTGTTATGAGATGCTACTTATGTTTGTAAGGCCATGAAATTCTGTAATACGGAGTTAAAATTTCTGCAATAAAGCACTTCAATGCTATTGTGTTATAGAGGCTCTGCG,7
CGCGCTCACTTC,36,0,1
CCAATTTTTACA,15,2,1
GTATCTGGGTCC,0,3,0
AACGTGAACTAG,17,0,1
TCCGGCAGGCTA,37,0,0
GATCTGTGAATG,0,3,0
TTTGTATTTTAT,0,24,0
RPS14B,113,variant,AACAACTCCCAGAAGACGAATAACAATTAAGAATGGCTAACGGTACGTGAAAGGGGTGATATCCTGTTTAAAACCATTTAGTTATTCTTTTTTTCAGATGGAGACTGTGATCGGGTAGCGCATGATGTTATTATTGGAATTTTATTTTATTTGATACTTTGAAGCACTCCTAACTATATTGCAATAGTGTTATGAGATGCTACTTATGTTTGTAAGGCCATGAAATTCTGTAATACGGAGTTAAAATTTCTGCAATAAAGCACTTCAATGCTATTGTGTTATAGAGGCTCTGCG,6
TTTCAAACACCC,3,0,0
TTGGTTACTGGA,18,0,0
TCCGTAGGACAT,0,10,0
GAGGGTAGGTCG,33,0,0
AATTTTAGCTTA,1,0,0
CGTTTTTCGCTT,0,1,0
RPS14B,113,variant,AACAACTCCCAGAAGACGAATAACAATTAAGAATGGCTAACGGTACGTGAAAGGGGTGATATCCTGTTTAAAACCATTTAGTTATTCTTTTTTTCAGATGGAGACTGTGATCGGGTAGCGCATGATGTTATTATTGGAATTTTATTTTATTGTCTACTTTGAAGCACTCCTAACTATATTGCAATAGTGTTATGAGATGCTACTTATGTTTGTAAGGCCATGAAATTCTGTAATACGGAGTTAAAATTTCTGCAATAAAGCACTTCAATGCTATTGTGTTATAGAGGCTCTGCG,4
TTTTATAGCTTT,30,0,2
TGTTTTTCGTAA,18,0,1
GACTTCCAGTTC,14,0,0
ATAATCGATAAT,5,0,0
RPS14B,113,variant,AACAACTCCCAGAAGACGAATAACAATTAAGAATGGCTAACGGTACGTGAAAGGGGTGATATCCTGTTTAAAACCATTTAGTTATTCTTTTTTTCAGATGGAGACTGTGATCGGGTAGCGCATGATGTTATTATTGGAATTTTATTTTGTGTCCCACTTTGAAGCACTCCTAACTATATTGCAATAGTGTTATGAGATGCTACTTATGTTTGTAAGGCCATGAAATTCTGTAATACGGAGTTAAAATTTCTGCAATAAAGCACTTCAATGCTATTGTGTTATAGAGGCTCTGCG,6
AGGCAAGCGGAT,18,6,2
GCCTTTTGCTTT,3,11,1
ACCGCTAGGAAG,19,1,0
TTCTTTCTACAA,1,0,0
TAGCCTAATTTT,30,0,0
TAGGTTAGACAG,1,0,0
RPS14B,113,compens,AACAACTCCCAGAAGACGAATAACAATTAAGAATGGCTAACGGTACGTGAAAGGGGTGATATCCTGTTTAAAACCATTTAGTTATTCTTTTTTTCAGATGGAGACTGTGATCGGGTAGCGCATGATGTTATTATTGGAATTTTATTTTGTTCGTCACTTTGAAGCACTCCTAACTATATTGCAATAGTGTTATGAGATGCTACTTATGTTGACGAACCCATGAAATTCTGTAATACGGAGTTAAAATTTCTGCAATAAAGCACTTCAATGCTATTGTGTTATAGAGGCTCTGCG,6
TTGTGTTGCGAA,45,2,0
GTTTGCCGCATG,0,1,0
ATATCAACTCCA,19,0,1
AGATTAAACGGA,72,1,1
GATAGTCCAATT,33,0,1
AATTCCAAACGT,1,0,0
RPS14B,113,compens,AACAACTCCCAGAAGACGAATAACAATTAAGAATGGCTAACGGTACGTGAAAGGGGTGATATCCTGTTTAAAACCATTTAGTTATTCTTTTTTTCAGATGGAGACTGTGATCGGGTAGCGCATGATGTTATTATTGGAATTTTATTTTATTTGATACTTTGAAGCACTCCTAACTATATTGCAATAGTGTTATGAGATGCTACTTATGTTATCAAATCCATGAAATTCTGTAATACGGAGTTAAAATTTCTGCAATAAAGCACTTCAATGCTATTGTGTTATAGAGGCTCTGCG,5
ATCATATCCAGC,8,0,0
TATCCAAATATT,37,0,2
CTCTTACTGTAG,2,0,0
GGGATGAATGTG,0,1,0
GCCCGGGAGATA,0,49,1
RPS14B,113,compens,AACAACTCCCAGAAGACGAATAACAATTAAGAATGGCTAACGGTACGTGAAAGGGGTGATATCCTGTTTAAAACCATTTAGTTATTCTTTTTTTCAGATGGAGACTGTGATCGGGTAGCGCATGATGTTATTATTGGAATTTTATTTTATTGTCTACTTTGAAGCACTCCTAACTATATTGCAATAGTGTTATGAGATGCTACTTATGTTAGACAATCCATGAAATTCTGTAATACGGAGTTAAAATTTCTGCAATAAAGCACTTCAATGCTATTGTGTTATAGAGGCTCTGCG,2
ACTATGCTCTAA,0,2,0
TGTTTCTCTCCA,0,0,0
RPS14B,113,compens,AACAACTCCCAGAAGACGAATAACAATTAAGAATGGCTAACGGTACGTGAAAGGGGTGATATCCTGTTTAAAACCATTTAGTTATTCTTTTTTTCAGATGGAGACTGTGATCGGGTAGCGCATGATGTTATTATTGGAATTTTATTTTGTGTCCCACTTTGAAGCACTCCTAACTATATTGCAATAGTGTTATGAGATGCTACTTATGTTGGGACACCCATGAAATTCTGTAATACGGAGTTAAAATTTCTGCAATAAAGCACTTCAATGCTATTGTGTTATAGAGGCTCTGCG,4
TGTTATCAATTT,0,6,0
TACATGTTTTGC,5,0,0
CCAGTATTTTCA,48,0,3
TTACGCCAAACC,0,1,0
RPS14B,88_99_113,variant,AACAACTCCCAGAAGACGAATAACAATTAAGAATGGCTAACGGTACGTGAAAGGGGTGATATCCTGTTTAAAACCATTTAGTTATTCTTTTTTTCAGATGGAGACTGTGATCGGGTAGCGCATGATGTAACCGTCATTCCAGCATTTTGGCCCGGCCTTTGAAGCACTCCTAACTATATTGCAATAGTGTTATGAGATGCTACTTATGTTTGTAAGGCCATGAAATTCTGTAATACGGAGTTAAAATTTCTGCAATAAAGCACTTCAATGCTATTGTGTTATAGAGGCTCTGCG,3
GGGTAGACATTT,12,0,0
CACGAGCCCTAA,29,0,0
TTACCAGTGCTA,1,25,0
RPS14B,88_99_113,variant,AACAACTCCCAGAAGACGAATAACAATTAAGAATGGCTAACGGTACGTGAAAGGGGTGATATCCTGTTTAAAACCATTTAGTTATTCTTTTTTTCAGATGGAGACTGTGATCGGGTAGCGCATGATGTCACCGTCTGCACAGCATTTTCCGCCAAACTTTGAAGCACTCCTAACTATATTGCAATAGTGTTATGAGATGCTACTTATGTTTGTAAGGCCATGAAATTCTGTAATACGGAGTTAAAATTTCTGCAATAAAGCACTTCAATGCTATTGTGTTATAGAGGCTCTGCG,2
AAGTTAAGCGTG,59,0,1
AACCGCCTAGTA,2,0,0
RPS14B,88_99_113,variant,AACAACTCCCAGAAGACGAATAACAATTAAGAATGGCTAACGGTACGTGAAAGGGGTGATATCCTGTTTAAAACCATTTAGTTATTCTTTTTTTCAGATGGAGACTGTGATCGGGTAGCGCATGATGTGAACTTGTTCCGATAATTTTAACTCGGCCTTTGAAGCACTCCTAACTATATTGCAATAGTGTTATGAGATGCTACTTATGTTTGTAAGGCCATGAAATTCTGTAATACGGAGTTAAAATTTCTGCAATAAAGCACTTCAATGCTATTGTGTTATAGAGGCTCTGCG,2
CTGATTTAAAGG,16,1,1
AATTGCGCATAG,29,0,0
RPS14B,88_99_113,variant,AACAACTCCCAGAAGACGAATAACAATTAAGAATGGCTAACGGTACGTGAAAGGGGTGATATCCTGTTTAAAACCATTTAGTTATTCTTTTTTTCAGATGGAGACTGTGATCGGGTAGCGCATGATGTATACGTTTAATTTTTATTTTATTATGGTCTTTGAAGCACTCCTAACTATATTGCAATAGTGTTATGAGATGCTACTTATGTTTGTAAGGCCATGAAATTCTGTAATACGGAGTTAAAATTTCTGCAATAAAGCACTTCAATGCTATTGTGTTATAGAGGCTCTGCG,7
CCACACCGATGC,0,1,0
CAGGACACCAAT,1,0,0
TTATTATTAAAG,2,0,0
ATTTTCCTGACT,0,3,0
CTAAACTTACCA,0,1,0
TCTAATTCCTGG,0,30,0
ATTAGTATAGTC,40,0,0
RPS14B,88_99_113,compens,AACAACTCCCAGAAGACGAATAACAATTAAGAATGGCTAACGGTACGTGAAAGGGGTGATATCCTGTTTAAAACCATTTAGTTATTCTTTTTTTCAGATGGAGACTGTGATCGGGTAGCGCATGATGTAACCGTCATTCCAGCATTTTGGCCCGGCCTTTGAAGCACTCCTAACTATATTGCAATAGTGTTATGAGATGCTACTTATGTGCCGGGCCCCATGCTGGAATGCGGTTCGGAGTTAAAATTTCTGCAATAAAGCACTTCAATGCTATTGTGTTATAGAGGCTCTGCG,1
CCCCTTCTAATG,0,1,0
RPS14B,88_99_113,compens,AACAACTCCCAGAAGACGAATAACAATTAAGAATGGCTAACGGTACGTGAAAGGGGTGATATCCTGTTTAAAACCATTTAGTTATTCTTTTTTTCAGATGGAGACTGTGATCGGGTAGCGCATGATGTCACCGTCTGCACAGCATTTTCCGCCAAACTTTGAAGCACTCCTAACTATATTGCAATAGTGTTATGAGATGCTACTTATGTTTTGGCGGCCATGCTGTGCAGCGGTGCGGAGTTAAAATTTCTGCAATAAAGCACTTCAATGCTATTGTGTTATAGAGGCTCTGCG,1
TGTCCCTACTAC,12,0,0
RPS14B,88_99_113,compens,AACAACTCCCAGAAGACGAATAACAATTAAGAATGGCTAACGGTACGTGAAAGGGGTGATATCCTGTTTAAAACCATTTAGTTATTCTTTTTTTCAGATGGAGACTGTGATCGGGTAGCGCATGATGTGAACTTGTTCCGATAATTTTAACTCGGCCTTTGAAGCACTCCTAACTATATTGCAATAGTGTTATGAGATGCTACTTATGTGCCGAGTTCCATTATCGGAACAGTTCCGGAGTTAAAATTTCTGCAATAAAGCACTTCAATGCTATTGTGTTATAGAGGCTCTGCG,2
TGCTTACGCTAT,5,0,0
ACATGTGCTTCA,0,36,0
RPS14B,88_99_113,compens,AACAACTCCCAGAAGACGAATAACAATTAAGAATGGCTAACGGTACGTGAAAGGGGTGATATCCTGTTTAAAACCATTTAGTTATTCTTTTTTTCAGATGGAGACTGTGATCGGGTAGCGCATGATGTATACGTTTAATTTTTATTTTATTATGGTCTTTGAAGCACTCCTAACTATATTGCAATAGTGTTATGAGATGCTACTTATGTACCATAATCCATAAAAATTAACGTATCGGAGTTAAAATTTCTGCAATAAAGCACTTCAATGCTATTGTGTTATAGAGGCTCTGCG,5
TGAAAATTTCTT,90,0,2
GAGTGTTGAATA,23,0,0
CGTAAATATCCT,0,0,0
CAGACGGTCAGT,0,1,0
TTTTGATAAAGG,1,0,0
RPS14B,121_126_130,variant,AACAACTCCCAGAAGACGAATAACAATTAAGAATGGCTAACGGTACGTGAAAGGGGTGATATCCTGTTTAAAACCATTTAGTTATTCTTTTTTTCAGATGGAGACTGTGATCGGGTAGCGCATGATGTTATTATTGGAATTTTATTTTTTTTGCAACTTTGACCACGCTCAATATATATTGCAATAGTGTTATGAGATGCTACTTATGTTTGTAAGGCCATGAAATTCTGTAATACGGAGTTAAAATTTCTGCAATAAAGCACTTCAATGCTATTGTGTTATAGAGGCTCTGCG,4
GGTTACTGGCTA,4,5,0
TGTCGTTCACTC,35,0,0
GAGCGATCTAGC,0,26,1
TTGTAGTTCTCT,0,5,0
RPS14B,121_126_130,variant,AACAACTCCCAGAAGACGAATAACAATTAAGAATGGCTAACGGTACGTGAAAGGGGTGATATCCTGTTTAAAACCATTTAGTTATTCTTTTTTTCAGATGGAGACTGTGATCGGGTAGCGCATGATGTTATTATTGGAATTTTATTTTTTTTGCAACTTTGATCCCTCTCTGCGTATATTGCAATAGTGTTATGAGATGCTACTTATGTTTGTAAGGCCATGAAATTCTGTAATACGGAGTTAAAATTTCTGCAATAAAGCACTTCAATGCTATTGTGTTATAGAGGCTCTGCG,6
ACAGATCATCAG,0,6,0
GATTGGAAAGCC,87,2,1
GAATTATCGGCT,0,1,0
CTGATTGACTCT,38,8,4
ACCGATTCATTA,1,0,0
TTACTATTGACC,0,13,0
RPS14B,121_126_130,variant,AACAACTCCCAGAAGACGAATAACAATTAAGAATGGCTAACGGTACGTGAAAGGGGTGATATCCTGTTTAAAACCATTTAGTTATTCTTTTTTTCAGATGGAGACTGTGATCGGGTAGCGCATGATGTTATTATTGGAATTTTATTTTTTTTGCAACTTTGACCCTTCTCCTGTTATATTGCAATAGTGTTATGAGATGCTACTTATGTTTGTAAGGCCATGAAATTCTGTAATACGGAGTTAAAATTTCTGCAATAAAGCACTTCAATGCTATTGTGTTATAGAGGCTCTGCG,2
CGTTTGAATATT,5,0,0
TAAACTAGAAAA,0,43,1
RPS14B,121_126_130,variant,AACAACTCCCAGAAGACGAATAACAATTAAGAATGGCTAACGGTACGTGAAAGGGGTGATATCCTGTTTAAAACCATTTAGTTATTCTTTTTTTCAGATGGAGACTGTGATCGGGTAGCGCATGATGTTATTATTGGAATTTTATTTTTTTTGCAACTTTGATCCTTCTCTGCGTATATTGCAATAGTGTTATGAGATGCTACTTATGTTTGTAAGGCCATGAAATTCTGTAATACGGAGTTAAAATTTCTGCAATAAAGCACTTCAATGCTATTGTGTTATAGAGGCTCTGCG,4
CCAGGGTTAACC,39,3,1
CCTCGGAGGGGC,20,0,0
TGGTTACTTGAT,30,0,0
CCAGAAGGCCAA,0,15,1
RPS14B,121_126_130,compens,AACAACTCCCAGAAGACGAATAACAATTAAGAATGGCTAACGGTACGTGAAAGGGGTGATATCCTGTTTAAAACCATTTAGTTATTCTTTTTTTCAGATGGAGACTGTGATCGGGTAGCGCATGATGTTATTATTGGAATTTTATTTTTTTTGCAACTTTGACCACGCTCAATATATATTGCAATAGTTATTTAGCAGTGGACTTATGTTTGTAAGGCCATGAAATTCTGTAATACGGAGTTAAAATTTCTGCAATAAAGCACTTCAATGCTATTGTGTTATAGAGGCTCTGCG,6
GATAACTTTCTA,40,0,0
TTGTCCGCGGTC,0,52,0
CCCCTCTAGCGG,34,0,0
AAGTCAGATGCC,0,6,0
CTCATTGTAAGG,6,3,0
CAATATGCTATC,0,2,0
RPS14B,121_126_130,compens,AACAACTCCCAGAAGACGAATAACAATTAAGAATGGCTAACGGTACGTGAAAGGGGTGATATCCTGTTTAAAACCATTTAGTTATTCTTTTTTTCAGATGGAGACTGTGATCGGGTAGCGCATGATGTTATTATTGGAATTTTATTTTTTTTGCAACTTTGATCCCTCTCTGCGTATATTGCAATAGTCGCATAGAAGGGAACTTATGTTTGTAAGGCCATGAAATTCTGTAATACGGAGTTAAAATTTCTGCAATAAAGCACTTCAATGCTATTGTGTTATAGAGGCTCTGCG,0
RPS14B,121_126_130,compens,AACAACTCCCAGAAGACGAATAACAATTAAGAATGGCTAACGGTACGTGAAAGGGGTGATATCCTGTTTAAAACCATTTAGTTATTCTTTTTTTCAGATGGAGACTGTGATCGGGTAGCGCATGATGTTATTATTGGAATTTTATTTTTTTTGCAACTTTGACCCTTCTCCTGTTATATTGCAATAGTACAGTAGAAAGGGACTTATGTTTGTAAGGCCATGAAATTCTGTAATACGGAGTTAAAATTTCTGCAATAAAGCACTTCAATGCTATTGTGTTATAGAGGCTCTGCG,2
ACAAGCCGCTCA,36,0,0
TCAGCACGTATG,1,0,0
RPS14B,121_126_130,compens,AACAACTCCCAGAAGACGAATAACAATTAAGAATGGCTAACGGTACGTGAAAGGGGTGATATCCTGTTTAAAACCATTTAGTTATTCTTTTTTTCAGATGGAGACTGTGATCGGGTAGCGCATGATGTTATTATTGGAATTTTATTTTTTTTGCAACTTTGATCCTTCTCTGCGTATATTGCAATAGTCGCATAGAAAGGAACTTATGTTTGTAAGGCCATGAAATTCTGTAATACGGAGTTAAAATTTCTGCAATAAAGCACTTCAATGCTATTGTGTTATAGAGGCTCTGCG,5
CGTTGACTGTAT,3,0,0
TACGCTTAGAAT,16,39,2
TTTCTTCATTCC,2,0,0
ATGATGCAAATT,0,25,0
GCGTGCACGGCA,0,24,1
RPS14B,126_130_134,variant,AACAACTCCCAGAAGACGAATAACAATTAAGAATGGCTAACGGTACGTGAAAGGGGTGATATCCTGTTTAAAACCATTTAGTTATTCTTTTTTTCAGATGGAGACTGTGATCGGGTAGCGCATGATGTTATTATTGGAATTTTATTTTTTTTGCAACTTTGAAGCATCACAATTTAGATTGCAATAGTGTTATGAGATGCTACTTATGTTTGTAAGGCCATGAAATTCTGTAATACGGAGTTAAAATTTCTGCAATAAAGCACTTCAATGCTATTGTGTTATAGAGGCTCTGCG,6
TGACGAAATTTG,61,0,1
TTGGTTGCCGTG,5,0,0
TGTCGGAATCTT,2,0,0
CTCAGTATAGCC,4,0,0
AAGGCTTAATAC,1,0,0
GCAACTTTCTGC,0,2,0
RPS14B,126_130_134,variant,AACAACTCCCAGAAGACGAATAACAATTAAGAATGGCTAACGGTACGTGAAAGGGGTGATATCCTGTTTAAAACCATTTAGTTATTCTTTTTTTCAGATGGAGACTGTGATCGGGTAGCGCATGATGTTATTATTGGAATTTTATTTTTTTTGCAACTTTGAAGCATCACGGTTTAGATTGCAATAGTGTTATGAGATGCTACTTATGTTTGTAAGGCCATGAAATTCTGTAATACGGAGTTAAAATTTCTGCAATAAAGCACTTCAATGCTATTGTGTTATAGAGGCTCTGCG,5
CACCTCTATCAT,0,0,0
GTATTTTAGTTC,11,0,0
TTGGTTCCTTAG,0,0,1
AGTGCATGTTTC,0,3,0
CTTGCATTGTAG,1,0,0
RPS14B,126_130_134,variant,AACAACTCCCAGAAGACGAATAACAATTAAGAATGGCTAACGGTACGTGAAAGGGGTGATATCCTGTTTAAAACCATTTAGTTATTCTTTTTTTCAGATGGAGACTGTGATCGGGTAGCGCATGATGTTATTATTGGAATTTTATTTTTTTTGCAACTTTGAAGCATCCCGGTTTAGATTGCAATAGTGTTATGAGATGCTACTTATGTTTGTAAGGCCATGAAATTCTGTAATACGGAGTTAAAATTTCTGCAATAAAGCACTTCAATGCTATTGTGTTATAGAGGCTCTGCG,2
TATATAATTCAT,39,0,0
TCCATTGATTGG,2,0,0
RPS14B,126_130_134,variant,AACAACTCCCAGAAGACGAATAACAATTAAGAATGGCTAACGGTACGTGAAAGGGGTGATATCCTGTTTAAAACCATTTAGTTATTCTTTTTTTCAGATGGAGACTGTGATCGGGTAGCGCATGATGTTATTATTGGAATTTTATTTTTTTTGCAACTTTGAAGCATCTCTGTTTAAATTGCAATAGTGTTATGAGATGCTACTTATGTTTGTAAGGCCATGAAATTCTGTAATACGGAGTTAAAATTTCTGCAATAAAGCACTTCAATGCTATTGTGTTATAGAGGCTCTGCG,1
CTGGGTTTGGTT,34,0,0
RPS14B,126_130_134,compens,AACAACTCCCAGAAGACGAATAACAATTAAGAATGGCTAACGGTACGTGAAAGGGGTGATATCCTGTTTAAAACCATTTAGTTATTCTTTTTTTCAGATGGAGACTGTGATCGGGTAGCGCATGATGTTATTATTGGAATTTTATTTTTTTTGCAACTTTGAAGCATCACAATTTAGATTGCAATCGTAATTTTGAATGCTACTTATGTTTGTAAGGCCATGAAATTCTGTAATACGGAGTTAAAATTTCTGCAATAAAGCACTTCAATGCTATTGTGTTATAGAGGCTCTGCG,7
ACCACATGAGAT,0,3,0
ACTTCACGCTAC,32,2,0
CAACGTATTTAA,1,0,0
CAATCTCTTCGA,0,2,0
CGGCTAGATTAT,12,0,0
AGGTCCGGTTAC,0,1,0
TAGTCTCTTAAA,0,3,0
RPS14B,126_130_134,compens,AACAACTCCCAGAAGACGAATAACAATTAAGAATGGCTAACGGTACGTGAAAGGGGTGATATCCTGTTTAAAACCATTTAGTTATTCTTTTTTTCAGATGGAGACTGTGATCGGGTAGCGCATGATGTTATTATTGGAATTTTATTTTTTTTGCAACTTTGAAGCATCACGGTTTAGATTGCAATCGTAACCTTGAATGCTACTTATGTTTGTAAGGCCATGAAATTCTGTAATACGGAGTTAAAATTTCTGCAATAAAGCACTTCAATGCTATTGTGTTATAGAGGCTCTGCG,2
CTATTCATCTCG,0,11,0
GCCCTCATGAGG,1,0,0
RPS14B,126_130_134,compens,AACAACTCCCAGAAGACGAATAACAATTAAGAATGGCTAACGGTACGTGAAAGGGGTGATATCCTGTTTAAAACCATTTAGTTATTCTTTTTTTCAGATGGAGACTGTGATCGGGTAGCGCATGATGTTATTATTGGAATTTTATTTTTTTTGCAACTTTGAAGCATCCCGGTTTAGATTGCAATCGTAACCTGGAATGCTACTTATGTTTGTAAGGCCATGAAATTCTGTAATACGGAGTTAAAATTTCTGCAATAAAGCACTTCAATGCTATTGTGTTATAGAGGCTCTGCG,3
TGTAGTCGCTTC,36,0,2
ATGGTGATCCTG,0,0,0
TCGCAGCATCCA,32,0,0
RPS14B,126_130_134,compens,AACAACTCCCAGAAGACGAATAACAATTAAGAATGGCTAACGGTACGTGAAAGGGGTGATATCCTGTTTAAAACCATTTAGTTATTCTTTTTTTCAGATGGAGACTGTGATCGGGTAGCGCATGATGTTATTATTGGAATTTTATTTTTTTTGCAACTTTGAAGCATCTCTGTTTAAATTGCAATTGTAACATAGAATGCTACTTATGTTTGTAAGGCCATGAAATTCTGTAATACGGAGTTAAAATTTCTGCAATAAAGCACTTCAATGCTATTGTGTTATAGAGGCTCTGCG,5
ACTGCTTCAGGT,66,0,0
CCAAGTTCAAAG,3,0,0
TACATCACTACT,0,78,4
ATGGGTGATGTG,0,26,0
CTTTTCCGAGCA,0,2,0
RPS14B,113_121_126_130_134,variant,AACAACTCCCAGAAGACGAATAACAATTAAGAATGGCTAACGGTACGTGAAAGGGGTGATATCCTGTTTAAAACCATTTAGTTATTCTTTTTTTCAGATGGAGACTGTGATCGGGTAGCGCATGATGTTATTATTGGAATTTTATTTTACCACCTACTTTGATTGATCGCTTATTAAATTGCAATAGTGTTATGAGATGCTACTTATGTTTGTAAGGCCATGAAATTCTGTAATACGGAGTTAAAATTTCTGCAATAAAGCACTTCAATGCTATTGTGTTATAGAGGCTCTGCG,6
AGAATTTAGACC,2,3,0
CTTTGTTACTTT,0,1,0
ATCAAAATTGTA,84,0,0
CAAGCACGTTAG,51,0,0
TGTTGTTAATTT,0,2,0
CTTTTGGTTCCA,0,2,0
RPS14B,113_121_126_130_134,variant,AACAACTCCCAGAAGACGAATAACAATTAAGAATGGCTAACGGTACGTGAAAGGGGTGATATCCTGTTTAAAACCATTTAGTTATTCTTTTTTTCAGATGGAGACTGTGATCGGGTAGCGCATGATGTTATTATTGGAATTTTATTTTGCTCCTCCCTTTGAACACGCTCACCGTAAATTGCAATAGTGTTATGAGATGCTACTTATGTTTGTAAGGCCATGAAATTCTGTAATACGGAGTTAAAATTTCTGCAATAAAGCACTTCAATGCTATTGTGTTATAGAGGCTCTGCG,4
CCATACGCTGAT,6,0,0
ATACCTCGCGCC,30,3,1
TGTCTTTTAAGA,0,1,0
CGCTCGGCATGG,0,5,0
RPS14B,113_121_126_130_134,variant,AACAACTCCCAGAAGACGAATAACAATTAAGAATGGCTAACGGTACGTGAAAGGGGTGATATCCTGTTTAAAACCATTTAGTTATTCTTTTTTTCAGATGGAGACTGTGATCGGGTAGCGCATGATGTTATTATTGGAATTTTATTTTTAGTATACCTTTGATTCACTTCACGATACATTGCAATAGTGTTATGAGATGCTACTTATGTTTGTAAGGCCATGAAATTCTGTAATACGGAGTTAAAATTTCTGCAATAAAGCACTTCAATGCTATTGTGTTATAGAGGCTCTGCG,5
GGCCTCATCCCT,34,0,1
AATAGGCGAGCG,35,49,2
TGTCCGGAATTC,37,0,1
CATCTATCTAGG,0,36,0
CATGTCAGCGAT,55,0,0
RPS14B,113_121_126_130_134,variant,AACAACTCCCAGAAGACGAATAACAATTAAGAATGGCTAACGGTACGTGAAAGGGGTGATATCCTGTTTAAAACCATTTAGTTATTCTTTTTTTCAGATGGAGACTGTGATCGGGTAGCGCATGATGTTATTATTGGAATTTTATTTTACTGATCTCTTTGAATTACCTCAGATTACATTGCAATAGTGTTATGAGATGCTACTTATGTTTGTAAGGCCATGAAATTCTGTAATACGGAGTTAAAATTTCTGCAATAAAGCACTTCAATGCTATTGTGTTATAGAGGCTCTGCG,4
TTTATCGTGCCA,0,136,2
ACCTAGCCCCCA,25,0,1
TTACTTCTCTGT,0,6,1
TTCTTCATTTTT,15,0,0
RPS14B,113_121_126_130_134,compens,AACAACTCCCAGAAGACGAATAACAATTAAGAATGGCTAACGGTACGTGAAAGGGGTGATATCCTGTTTAAAACCATTTAGTTATTCTTTTTTTCAGATGGAGACTGTGATCGGGTAGCGCATGATGTTATTATTGGAATTTTATTTTACCACCTACTTTGATTGATCGCTTATTAAATTGCAATTGTATAATCGAATCAAACTTATGTTAGGTGGTCCATGAAATTCTGTAATACGGAGTTAAAATTTCTGCAATAAAGCACTTCAATGCTATTGTGTTATAGAGGCTCTGCG,7
CACGAGGTTCTT,52,0,0
ATCTTTAGTTAG,1,1,0
GCATCGTTTTTT,33,1,1
CCCATTGTCAAG,4,0,0
GTGACTCGAGCT,0,2,0
TTTTGGGTTTGG,41,0,0
ATTTAGACATGC,0,18,0
RPS14B,113_121_126_130_134,compens,AACAACTCCCAGAAGACGAATAACAATTAAGAATGGCTAACGGTACGTGAAAGGGGTGATATCCTGTTTAAAACCATTTAGTTATTCTTTTTTTCAGATGGAGACTGTGATCGGGTAGCGCATGATGTTATTATTGGAATTTTATTTTGCTCCTCCCTTTGAACACGCTCACCGTAAATTGCAATTGTCGGTTAGCAGTGTACTTATGTGGAGGAGCCCATGAAATTCTGTAATACGGAGTTAAAATTTCTGCAATAAAGCACTTCAATGCTATTGTGTTATAGAGGCTCTGCG,6
TTTCATGTCTCC,1,1,0
CTGTGGTGCTTA,24,0,1
TAAGTTGTACCG,1,0,0
CTTCAACTCTTT,0,23,1
GTGTGTTACGAT,0,34,1
TTGCCGGTGCAG,3,0,0
RPS14B,113_121_126_130_134,compens,AACAACTCCCAGAAGACGAATAACAATTAAGAATGGCTAACGGTACGTGAAAGGGGTGATATCCTGTTTAAAACCATTTAGTTATTCTTTTTTTCAGATGGAGACTGTGATCGGGTAGCGCATGATGTTATTATTGGAATTTTATTTTTAGTATACCTTTGATTCACTTCACGATACATTGCAATGGTTCGTTAAGATGAAACTTATGTGTATACTACCATGAAATTCTGTAATACGGAGTTAAAATTTCTGCAATAAAGCACTTCAATGCTATTGTGTTATAGAGGCTCTGCG,4
CTTAGACCGGTC,36,0,1
GTATCTCTATAT,45,0,1
GGTATATTACCT,0,5,0
CATTCTAAATCC,0,1,0
RPS14B,113_121_126_130_134,compens,AACAACTCCCAGAAGACGAATAACAATTAAGAATGGCTAACGGTACGTGAAAGGGGTGATATCCTGTTTAAAACCATTTAGTTATTCTTTTTTTCAGATGGAGACTGTGATCGGGTAGCGCATGATGTTATTATTGGAATTTTATTTTACTGATCTCTTTGAATTACCTCAGATTACATTGCAATGGTATCTTAGGATAATACTTATGTAGATCAGTCCATGAAATTCTGTAATACGGAGTTAAAATTTCTGCAATAAAGCACTTCAATGCTATTGTGTTATAGAGGCTCTGCG,3
CCAGTCCCGTGC,28,0,0
TCTAACTGTTAG,1,0,0
AATGTTAGCCTG,0,7,0
RPS14B,99_113_121_126_130_134,variant,AACAACTCCCAGAAGACGAATAACAATTAAGAATGGCTAACGGTACGTGAAAGGGGTGATATCCTGTTTAAAACCATTTAGTTATTCTTTTTTTCAGATGGAGACTGTGATCGGGTAGCGCATGATGTTATTATTTGAATTTTATTTTTATGTACTCTTTGACGCACTCCGAACTACATTGCAATAGTGTTATGAGATGCTACTTATGTTTGTAAGGCCATGAAATTCTGTAATACGGAGTTAAAATTTCTGCAATAAAGCACTTCAATGCTATTGTGTTATAGAGGCTCTGCG,5
CCACTTTGAAAT,0,3,0
CAAGTCTCTATT,0,2,0
GTTTTGGCCTGC,4,0,0
CACCAATTTACC,0,2,0
TTTACTGTTTAG,41,0,0
RPS14B,99_113_121_126_130_134,variant,AACAACTCCCAGAAGACGAATAACAATTAAGAATGGCTAACGGTACGTGAAAGGGGTGATATCCTGTTTAAAACCATTTAGTTATTCTTTTTTTCAGATGGAGACTGTGATCGGGTAGCGCATGATGTTATTATTTTCATTTCATTTTATTCGCATCTTTGACGTACTCCTCACTACATTGCAATAGTGTTATGAGATGCTACTTATGTTTGTAAGGCCATGAAATTCTGTAATACGGAGTTAAAATTTCTGCAATAAAGCACTTCAATGCTATTGTGTTATAGAGGCTCTGCG,6
CCAGTCGACACT,10,0,0
TGACCTATCACC,0,1,0
CCACATACTTTG,0,1,0
GAATAAGCCCGG,1,0,0
TTACAAGTTGAA,1,0,0
TCTATATTTTAG,2,0,0
RPS14B,99_113_121_126_130_134,variant,AACAACTCCCAGAAGACGAATAACAATTAAGAATGGCTAACGGTACGTGAAAGGGGTGATATCCTGTTTAAAACCATTTAGTTATTCTTTTTTTCAGATGGAGACTGTGATCGGGTAGCGCATGATGTTATTATAGAAATTCTATTTTTAATCCAACTTTGAAGCAAACCTGTCTACATTGCAATAGTGTTATGAGATGCTACTTATGTTTGTAAGGCCATGAAATTCTGTAATACGGAGTTAAAATTTCTGCAATAAAGCACTTCAATGCTATTGTGTTATAGAGGCTCTGCG,2
AGCCCTCAGTAG,2,0,0
CCTTTGTAACTT,0,6,0
RPS14B,99_113_121_126_130_134,variant,AACAACTCCCAGAAGACGAATAACAATTAAGAATGGCTAACGGTACGTGAAAGGGGTGATATCCTGTTTAAAACCATTTAGTTATTCTTTTTTTCAGATGGAGACTGTGATCGGGTAGCGCATGATGTTATTATAGGACTTGAATTTTGTAAGCAACTTTGAAGCAATCCAAAGTAGATTGCAATAGTGTTATGAGATGCTACTTATGTTTGTAAGGCCATGAAATTCTGTAATACGGAGTTAAAATTTCTGCAATAAAGCACTTCAATGCTATTGTGTTATAGAGGCTCTGCG,6
ACTCTTAGTCAT,3,0,0
TTACGCGATGCA,1,60,1
AAGGCAAGTACG,27,0,3
TCTGTGTATATC,0,2,0
AAGGTTTGTACC,48,0,1
CTGTACTATCTA,0,1,0
RPS14B,99_113_121_126_130_134,compens,AACAACTCCCAGAAGACGAATAACAATTAAGAATGGCTAACGGTACGTGAAAGGGGTGATATCCTGTTTAAAACCATTTAGTTATTCTTTTTTTCAGATGGAGACTGTGATCGGGTAGCGCATGATGTTATTATTTGAATTTTATTTTTATGTACTCTTTGACGCACTCCGAACTACATTGCAATGGTGTTCTGAGATGCGACTTATGTAGTACATGCCATGAAATTCAGTAATACGGAGTTAAAATTTCTGCAATAAAGCACTTCAATGCTATTGTGTTATAGAGGCTCTGCG,0
RPS14B,99_113_121_126_130_134,compens,AACAACTCCCAGAAGACGAATAACAATTAAGAATGGCTAACGGTACGTGAAAGGGGTGATATCCTGTTTAAAACCATTTAGTTATTCTTTTTTTCAGATGGAGACTGTGATCGGGTAGCGCATGATGTTATTATTTTCATTTCATTTTATTCGCATCTTTGACGTACTCCTCACTACATTGCAATGGTGTGATGAGATACGACTTATGTATGTGAGTCCATGAAATGAAGTAATACGGAGTTAAAATTTCTGCAATAAAGCACTTCAATGCTATTGTGTTATAGAGGCTCTGCG,5
CGTTAAATCTCT,30,0,0
TAGTGTTATTCC,28,0,2
TATAGTTCGCTT,2,0,0
TCTAATCGAATC,12,0,0
TAAGTCATCGGT,0,35,0
RPS14B,99_113_121_126_130_134,compens,AACAACTCCCAGAAGACGAATAACAATTAAGAATGGCTAACGGTACGTGAAAGGGGTGATATCCTGTTTAAAACCATTTAGTTATTCTTTTTTTCAGATGGAGACTGTGATCGGGTAGCGCATGATGTTATTATAGAAATTCTATTTTTAATCCAACTTTGAAGCAAACCTGTCTACATTGCAATGGTGACATGTTATGCTACTTATGTTTGGATTGCCATGGAATTTTTTAATACGGAGTTAAAATTTCTGCAATAAAGCACTTCAATGCTATTGTGTTATAGAGGCTCTGCG,0
RPS14B,99_113_121_126_130_134,compens,AACAACTCCCAGAAGACGAATAACAATTAAGAATGGCTAACGGTACGTGAAAGGGGTGATATCCTGTTTAAAACCATTTAGTTATTCTTTTTTTCAGATGGAGACTGTGATCGGGTAGCGCATGATGTTATTATAGGACTTGAATTTTGTAAGCAACTTTGAAGCAATCCAAAGTAGATTGCAATCGTCTTTTGATATGCTACTTATGTTTGTTTGCCCATTCAAGTCTTTAATACGGAGTTAAAATTTCTGCAATAAAGCACTTCAATGCTATTGTGTTATAGAGGCTCTGCG,4
AATCGCTATCGG,0,1,0
CCGCCGGCAATT,0,3,0
TCGTTTTACTGC,37,0,2
ACACTGATTCCG,1,0,0
RPS14B,199,variant,AACAACTCCCAGAAGACGAATAACAATTAAGAATGGCTAACGGTACGTGAAAGGGGTGATATCCTGTTTAAAACCATTTAGTTATTCTTTTTTTCAGATGGAGACTGTGATCGGGTAGCGCATGATGTTATTATTGGAATTTTATTTTTTTTGCAACTTTGAAGCACTCCTAACTATATTGCAATAGTGTTATGAGATGCTACTTATGTTTGTAAGGCCATGAAATTCTGTAATACACTGTGAAAATTTCTGCAATAAAGCACTTCAATGCTATTGTGTTATAGAGGCTCTGCG,4
AGGTTACAGTCG,1,0,0
TTCGGTACTATG,1,0,0
TATTTACGTGGG,17,0,1
CCTATAAAAGTT,1,0,0
RPS14B,199,variant,AACAACTCCCAGAAGACGAATAACAATTAAGAATGGCTAACGGTACGTGAAAGGGGTGATATCCTGTTTAAAACCATTTAGTTATTCTTTTTTTCAGATGGAGACTGTGATCGGGTAGCGCATGATGTTATTATTGGAATTTTATTTTTTTTGCAACTTTGAAGCACTCCTAACTATATTGCAATAGTGTTATGAGATGCTACTTATGTTTGTAAGGCCATGAAATTCTGTAATACAAAACTAAAATTTCTGCAATAAAGCACTTCAATGCTATTGTGTTATAGAGGCTCTGCG,3
CTTCTTTTGTGA,0,29,1
TAAGTGCGAATA,19,1,0
GCCATACTATTT,18,0,1
RPS14B,199,variant,AACAACTCCCAGAAGACGAATAACAATTAAGAATGGCTAACGGTACGTGAAAGGGGTGATATCCTGTTTAAAACCATTTAGTTATTCTTTTTTTCAGATGGAGACTGTGATCGGGTAGCGCATGATGTTATTATTGGAATTTTATTTTTTTTGCAACTTTGAAGCACTCCTAACTATATTGCAATAGTGTTATGAGATGCTACTTATGTTTGTAAGGCCATGAAATTCTGTAATACATACGTAAAATTTCTGCAATAAAGCACTTCAATGCTATTGTGTTATAGAGGCTCTGCG,5
TATCCGGGTTTA,66,2,4
CCGGCCCCAAGT,3,1,0
TGCGACCATGTA,0,2,0
GGGGAACTGTCT,1,0,0
CGGAGTGATCCC,13,0,0
RPS14B,199,variant,AACAACTCCCAGAAGACGAATAACAATTAAGAATGGCTAACGGTACGTGAAAGGGGTGATATCCTGTTTAAAACCATTTAGTTATTCTTTTTTTCAGATGGAGACTGTGATCGGGTAGCGCATGATGTTATTATTGGAATTTTATTTTTTTTGCAACTTTGAAGCACTCCTAACTATATTGCAATAGTGTTATGAGATGCTACTTATGTTTGTAAGGCCATGAAATTCTGTAATACGTACTGAAAATTTCTGCAATAAAGCACTTCAATGCTATTGTGTTATAGAGGCTCTGCG,5
TGAAGGAAAGGG,40,0,0
GGTAGAATTTGA,6,0,0
CTGTTGTAAAAA,34,0,1
TTCAATTTCTTC,1,1,0
GCATATACAATT,0,1,0
RPS14B,199,variant,AACAACTCCCAGAAGACGAATAACAATTAAGAATGGCTAACGGTACGTGAAAGGGGTGATATCCTGTTTAAAACCATTTAGTTATTCTTTTTTTCAGATGGAGACTGTGATCGGGTAGCGCATGATGTTATTATTGGAATTTTATTTTTTTTGCAACTTTGAAGCACTCCTAACTATATTGCAATAGTGTTATGAGATGCTACTTATGTTTGTAAGGCCATGAAATTCTGTAATACATGATTAAAATTTCTGCAATAAAGCACTTCAATGCTATTGTGTTATAGAGGCTCTGCG,7
GATCAGCTTCTG,0,4,0
GTGCTCAAAGCG,51,0,1
CGTCGCTGTGCA,9,0,1
TCACTATTAGCT,30,0,1
CGCACGATTAGG,3,0,0
TTGAGACTCGAC,1,0,0
CTGGGCTAATAC,0,38,0
RPS14B,199,variant,AACAACTCCCAGAAGACGAATAACAATTAAGAATGGCTAACGGTACGTGAAAGGGGTGATATCCTGTTTAAAACCATTTAGTTATTCTTTTTTTCAGATGGAGACTGTGATCGGGTAGCGCATGATGTTATTATTGGAATTTTATTTTTTTTGCAACTTTGAAGCACTCCTAACTATATTGCAATAGTGTTATGAGATGCTACTTATGTTTGTAAGGCCATGAAATTCTGTAATACGTGACGAAAATTTCTGCAATAAAGCACTTCAATGCTATTGTGTTATAGAGGCTCTGCG,5
ACCAGTGCCCAA,2,15,0
TTTATGCCCTGT,0,4,2
CAGGATCTTTAG,10,1,0
CACCTATTTGAG,1,0,0
CGCGGCTTATCG,7,0,1
RPS14B,199,variant,AACAACTCCCAGAAGACGAATAACAATTAAGAATGGCTAACGGTACGTGAAAGGGGTGATATCCTGTTTAAAACCATTTAGTTATTCTTTTTTTCAGATGGAGACTGTGATCGGGTAGCGCATGATGTTATTATTGGAATTTTATTTTTTTTGCAACTTTGAAGCACTCCTAACTATATTGCAATAGTGTTATGAGATGCTACTTATGTTTGTAAGGCCATGAAATTCTGTAATACATACTGAAAATTTCTGCAATAAAGCACTTCAATGCTATTGTGTTATAGAGGCTCTGCG,4
ATTCTGCGTACG,36,0,1
TTGAGTCAGATT,8,0,0
GTTGTCATCTTT,0,6,0
TTTCTATCCAAG,0,2,0
RPS14B,199,variant,AACAACTCCCAGAAGACGAATAACAATTAAGAATGGCTAACGGTACGTGAAAGGGGTGATATCCTGTTTAAAACCATTTAGTTATTCTTTTTTTCAGATGGAGACTGTGATCGGGTAGCGCATGATGTTATTATTGGAATTTTATTTTTTTTGCAACTTTGAAGCACTCCTAACTATATTGCAATAGTGTTATGAGATGCTACTTATGTTTGTAAGGCCATGAAATTCTGTAATACATAACTAAAATTTCTGCAATAAAGCACTTCAATGCTATTGTGTTATAGAGGCTCTGCG,3
CTCACTGTGCTT,1,0,0
GTCGGCGCAACT,4,2,0
ATATTGTTAAGT,1,0,0
RPS14B,199_211_217,variant,AACAACTCCCAGAAGACGAATAACAATTAAGAATGGCTAACGGTACGTGAAAGGGGTGATATCCTGTTTAAAACCATTTAGTTATTCTTTTTTTCAGATGGAGACTGTGATCGGGTAGCGCATGATGTTATTATTGGAATTTTATTTTTTTTGCAACTTTGAAGCACTCCTAACTATATTGCAATAGTGTTATGAGATGCTACTTATGTTTGTAAGGCCATGAAATTCTGTAATACACTAAGAAAATTTCCACACCAAAAAACTTCAATGCTATTGTGTTATAGAGGCTCTGCG,2
TCCGAGGGGGGT,0,1,0
TTCAGAGGGATG,7,0,0
RPS14B,199_211_217,variant,AACAACTCCCAGAAGACGAATAACAATTAAGAATGGCTAACGGTACGTGAAAGGGGTGATATCCTGTTTAAAACCATTTAGTTATTCTTTTTTTCAGATGGAGACTGTGATCGGGTAGCGCATGATGTTATTATTGGAATTTTATTTTTTTTGCAACTTTGAAGCACTCCTAACTATATTGCAATAGTGTTATGAGATGCTACTTATGTTTGTAAGGCCATGAAATTCTGTAATACCTAAATAAAATTTCAAACCAAAATGACTTCAATGCTATTGTGTTATAGAGGCTCTGCG,1
ACACGTGGATAT,3,0,0
RPS14B,199_211_217,variant,AACAACTCCCAGAAGACGAATAACAATTAAGAATGGCTAACGGTACGTGAAAGGGGTGATATCCTGTTTAAAACCATTTAGTTATTCTTTTTTTCAGATGGAGACTGTGATCGGGTAGCGCATGATGTTATTATTGGAATTTTATTTTTTTTGCAACTTTGAAGCACTCCTAACTATATTGCAATAGTGTTATGAGATGCTACTTATGTTTGTAAGGCCATGAAATTCTGTAATACAAAACGAAAATTTCCGGATAAATTAACTTCAATGCTATTGTGTTATAGAGGCTCTGCG,2
TTCGGACTATTA,25,0,1
TTCTTTGATTCG,47,0,0
RPS14B,199_211_217,variant,AACAACTCCCAGAAGACGAATAACAATTAAGAATGGCTAACGGTACGTGAAAGGGGTGATATCCTGTTTAAAACCATTTAGTTATTCTTTTTTTCAGATGGAGACTGTGATCGGGTAGCGCATGATGTTATTATTGGAATTTTATTTTTTTTGCAACTTTGAAGCACTCCTAACTATATTGCAATAGTGTTATGAGATGCTACTTATGTTTGTAAGGCCATGAAATTCTGTAATACGTGCGTAAAATTTCTGACTGAACTAACTTCAATGCTATTGTGTTATAGAGGCTCTGCG,4
TTCGCACAGAAA,0,1,0
GGTTTTGGCACT,0,1,0
TAAAGACCCAAG,32,0,2
AGATTTTTTATC,2,0,0
RPS14B,199_211_217,variant,AACAACTCCCAGAAGACGAATAACAATTAAGAATGGCTAACGGTACGTGAAAGGGGTGATATCCTGTTTAAAACCATTTAGTTATTCTTTTTTTCAGATGGAGACTGTGATCGGGTAGCGCATGATGTTATTATTGGAATTTTATTTTTTTTGCAACTTTGAAGCACTCCTAACTATATTGCAATAGTGTTATGAGATGCTACTTATGTTTGTAAGGCCATGAAATTCTGTAATACCAATGGAAAATTTCGGCGCGAATAAACTTCAATGCTATTGTGTTATAGAGGCTCTGCG,10
ATTTTAAGTTTT,0,0,18
CCCTAATTCCTT,3,0,0
TTCGGCGCAATT,0,0,0
CACGGGAGTTCT,0,0,0
CGTTCCATCGAC,0,4,0
CCGAACGCAGTT,21,0,2
AGTTTATGGAGC,25,0,0
CAGCTATTTTTA,1,0,0
AATAAATTTTGG,1,0,2
TGGTACATTTCA,0,0,0
RPS14B,199_211_217,variant,AACAACTCCCAGAAGACGAATAACAATTAAGAATGGCTAACGGTACGTGAAAGGGGTGATATCCTGTTTAAAACCATTTAGTTATTCTTTTTTTCAGATGGAGACTGTGATCGGGTAGCGCATGATGTTATTATTGGAATTTTATTTTTTTTGCAACTTTGAAGCACTCCTAACTATATTGCAATAGTGTTATGAGATGCTACTTATGTTTGTAAGGCCATGAAATTCTGTAATACTTCCGAAAAATTTCATCTGCAACTGACTTCAATGCTATTGTGTTATAGAGGCTCTGCG,1
AAGATTTGCTTA,5,0,0
RPS14B,199_211_217,variant,AACAACTCCCAGAAGACGAATAACAATTAAGAATGGCTAACGGTACGTGAAAGGGGTGATATCCTGTTTAAAACCATTTAGTTATTCTTTTTTTCAGATGGAGACTGTGATCGGGTAGCGCATGATGTTATTATTGGAATTTTATTTTTTTTGCAACTTTGAAGCACTCCTAACTATATTGCAATAGTGTTATGAGATGCTACTTATGTTTGTAAGGCCATGAAATTCTGTAATACGTACTAAAAATTTCCGGGATAAGTAACTTCAATGCTATTGTGTTATAGAGGCTCTGCG,2
GGCGGTAGTGTC,28,0,0
CATTAGTACTCC,0,1,0
RPS14B,199_211_217,variant,AACAACTCCCAGAAGACGAATAACAATTAAGAATGGCTAACGGTACGTGAAAGGGGTGATATCCTGTTTAAAACCATTTAGTTATTCTTTTTTTCAGATGGAGACTGTGATCGGGTAGCGCATGATGTTATTATTGGAATTTTATTTTTTTTGCAACTTTGAAGCACTCCTAACTATATTGCAATAGTGTTATGAGATGCTACTTATGTTTGTAAGGCCATGAAATTCTGTAATACAAATCAAAAATTTCACGAACAACTAACTTCAATGCTATTGTGTTATAGAGGCTCTGCG,3
CTAATTGATACT,0,3,0
CAAGTTCTTAAG,0,1,0
CCGCTAACTGCA,16,0,0
RPS14B,77_88_199,variant,AACAACTCCCAGAAGACGAATAACAATTAAGAATGGCTAACGGTACGTGAAAGGGGTGATATCCTGTTTAAAACCATTTAGTTATTCTTTTTTTCAGATGGAGACTGTGATCGGGTCGTTCATGATGTCGGACTTGGAATTTTATTTTTTTTGCAACTTTGAAGCACTCCTAACTATATTGCAATAGTGTTATGAGATGCTACTTATGTTTGTAAGGCCATGAAATTCTGTAATACCTTCTTAAAATTTCTGCAATAAAGCACTTCAATGCTATTGTGTTATAGAGGCTCTGCG,0
RPS14B,77_88_199,variant,AACAACTCCCAGAAGACGAATAACAATTAAGAATGGCTAACGGTACGTGAAAGGGGTGATATCCTGTTTAAAACCATTTAGTTATTCTTTTTTTCAGATGGAGACTGTGATCGGGTTCGACATGATGTGACGTTTGGAATTTTATTTTTTTTGCAACTTTGAAGCACTCCTAACTATATTGCAATAGTGTTATGAGATGCTACTTATGTTTGTAAGGCCATGAAATTCTGTAATACCCTGATAAAATTTCTGCAATAAAGCACTTCAATGCTATTGTGTTATAGAGGCTCTGCG,4
TTTGTATTACCT,34,1,1
TTCTTATTGCTA,7,0,0
AGGAATCGTTCC,0,1,0
TTTTGATTACTT,3,0,2
RPS14B,77_88_199,variant,AACAACTCCCAGAAGACGAATAACAATTAAGAATGGCTAACGGTACGTGAAAGGGGTGATATCCTGTTTAAAACCATTTAGTTATTCTTTTTTTCAGATGGAGACTGTGATCGGGTGTTAAATGATGTTATACTTGGAATTTTATTTTTTTTGCAACTTTGAAGCACTCCTAACTATATTGCAATAGTGTTATGAGATGCTACTTATGTTTGTAAGGCCATGAAATTCTGTAATACTCAAGGAAAATTTCTGCAATAAAGCACTTCAATGCTATTGTGTTATAGAGGCTCTGCG,0
RPS14B,77_88_199,variant,AACAACTCCCAGAAGACGAATAACAATTAAGAATGGCTAACGGTACGTGAAAGGGGTGATATCCTGTTTAAAACCATTTAGTTATTCTTTTTTTCAGATGGAGACTGTGATCGGGTCGTTGATGATGTAACTATTGGAATTTTATTTTTTTTGCAACTTTGAAGCACTCCTAACTATATTGCAATAGTGTTATGAGATGCTACTTATGTTTGTAAGGCCATGAAATTCTGTAATACTAATGAAAAATTTCTGCAATAAAGCACTTCAATGCTATTGTGTTATAGAGGCTCTGCG,3
CTTGTATTCTAC,42,0,1
GTAGCTTTCTTG,1,0,0
TATTTGGACAAT,52,0,0
RPS14B,77_88_199,variant,AACAACTCCCAGAAGACGAATAACAATTAAGAATGGCTAACGGTACGTGAAAGGGGTGATATCCTGTTTAAAACCATTTAGTTATTCTTTTTTTCAGATGGAGACTGTGATCGGGTATTATATGATGTTAACTTTGGAATTTTATTTTTTTTGCAACTTTGAAGCACTCCTAACTATATTGCAATAGTGTTATGAGATGCTACTTATGTTTGTAAGGCCATGAAATTCTGTAATACGGGGGCAAAATTTCTGCAATAAAGCACTTCAATGCTATTGTGTTATAGAGGCTCTGCG,0
RPS14B,77_88_199,variant,AACAACTCCCAGAAGACGAATAACAATTAAGAATGGCTAACGGTACGTGAAAGGGGTGATATCCTGTTTAAAACCATTTAGTTATTCTTTTTTTCAGATGGAGACTGTGATCGGGTGTTGGATGATGTGTACATTGGAATTTTATTTTTTTTGCAACTTTGAAGCACTCCTAACTATATTGCAATAGTGTTATGAGATGCTACTTATGTTTGTAAGGCCATGAAATTCTGTAATACCATGTAAAAATTTCTGCAATAAAGCACTTCAATGCTATTGTGTTATAGAGGCTCTGCG,0
RPS14B,77_88_199,variant,AACAACTCCCAGAAGACGAATAACAATTAAGAATGGCTAACGGTACGTGAAAGGGGTGATATCCTGTTTAAAACCATTTAGTTATTCTTTTTTTCAGATGGAGACTGTGATCGGGTTATTGATGATGTGTACATTGGAATTTTATTTTTTTTGCAACTTTGAAGCACTCCTAACTATATTGCAATAGTGTTATGAGATGCTACTTATGTTTGTAAGGCCATGAAATTCTGTAATACTCGAGGAAAATTTCTGCAATAAAGCACTTCAATGCTATTGTGTTATAGAGGCTCTGCG,0
RPS14B,77_88_199,variant,AACAACTCCCAGAAGACGAATAACAATTAAGAATGGCTAACGGTACGTGAAAGGGGTGATATCCTGTTTAAAACCATTTAGTTATTCTTTTTTTCAGATGGAGACTGTGATCGGGTTCACCATGATGTTTTTGTTGGAATTTTATTTTTTTTGCAACTTTGAAGCACTCCTAACTATATTGCAATAGTGTTATGAGATGCTACTTATGTTTGTAAGGCCATGAAATTCTGTAATACGCTTGAAAAATTTCTGCAATAAAGCACTTCAATGCTATTGTGTTATAGAGGCTCTGCG,0
RPS14B,81,variant,AACAACTCCCAGAAGACGAATAACAATTAAGAATGGCTAACGGTACGTGAAAGGGGTGATATCCTGTTTAAAACCATTTAGTTATTCTTTTTTTCAGATGGAGACTGTGATCGGGTAGCGCTTACGAGTATTATTGGAATTTTATTTTTTTTGCAACTTTGAAGCACTCCTAACTATATTGCAATAGTGTTATGAGATGCTACTTATGTTTGTAAGGCCATGAAATTCTGTAATAAGGAGTTAAAATTTCTGCAATAAAGCACTTCAATGCTATTGTGTTATAGAGGCTCTGCG,1
AACTACGTTTAG,38,0,0
RPS14B,81,variant,AACAACTCCCAGAAGACGAATAACAATTAAGAATGGCTAACGGTACGTGAAAGGGGTGATATCCTGTTTAAAACCATTTAGTTATTCTTTTTTTCAGATGGAGACTGTGATCGGGTAGCGCTGGAATTTATTATTGGAATTTTATTTTTTTTGCAACTTTGAAGCACTCCTAACTATATTGCAATAGTGTTATGAGATGCTACTTATGTTTGTAAGGCCATGAAATTCTGTAATACGGAGTTAAAATTTCTGCAATAAAGCACTTCAATGCTATTGTGTTATAGAGGCTCTGCG,1
GTTCTGAGGGAC,55,0,1
RPS14B,81,variant,AACAACTCCCAGAAGACGAATAACAATTAAGAATGGCTAACGGTACGTGAAAGGGGTGATATCCTGTTTAAAACCATTTAGTTATTCTTTTTTTCAGATGGAGACTGTGATCGGGTAGCGCTTATGCATATTATTGGAATTTTATTTTTTTTGCAACTTTGAAGCACTCCTAACTATATTGCAATAGTGTTATGAGATGCTACTTATGTTTGTAAGGCCATGAAATTCTGTAATAAGGAGTTAAAATTTCTGCAATAAAGCACTTCAATGCTATTGTGTTATAGAGGCTCTGCG,1
ATTTTAAAGTGC,3,0,0
RPS14B,81,variant,AACAACTCCCAGAAGACGAATAACAATTAAGAATGGCTAACGGTACGTGAAAGGGGTGATATCCTGTTTAAAACCATTTAGTTATTCTTTTTTTCAGATGGAGACTGTGATCGGGTAGCGCTATCCAATATTATTGGAATTTTATTTTTTTTGCAACTTTGAAGCACTCCTAACTATATTGCAATAGTGTTATGAGATGCTACTTATGTTTGTAAGGCCATGAAATTCTGTAATACGGAGTTAAAATTTCTGCAATAAAGCACTTCAATGCTATTGTGTTATAGAGGCTCTGCG,1
CAACCGCCTATT,33,0,0
RPS14B,81,variant,AACAACTCCCAGAAGACGAATAACAATTAAGAATGGCTAACGGTACGTGAAAGGGGTGATATCCTGTTTAAAACCATTTAGTTATTCTTTTTTTCAGATGGAGACTGTGATCGGGTAGCGCTGTAGACTATTATTGGAATTTTATTTTTTTTGCAACTTTGAAGCACTCCTAACTATATTGCAATAGTGTTATGAGATGCTACTTATGTTTGTAAGGCCATGAAATTCTGTAATATGGAGTTAAAATTTCTGCAATAAAGCACTTCAATGCTATTGTGTTATAGAGGCTCTGCG,0
RPS14B,81,variant,AACAACTCCCAGAAGACGAATAACAATTAAGAATGGCTAACGGTACGTGAAAGGGGTGATATCCTGTTTAAAACCATTTAGTTATTCTTTTTTTCAGATGGAGACTGTGATCGGGTAGCGCCGATATATATTATTGGAATTTTATTTTTTTTGCAACTTTGAAGCACTCCTAACTATATTGCAATAGTGTTATGAGATGCTACTTATGTTTGTAAGGCCATGAAATTCTGTAATAGGGAGTTAAAATTTCTGCAATAAAGCACTTCAATGCTATTGTGTTATAGAGGCTCTGCG,2
CCAAAGTCTATT,2,0,0
GAGATCAATCTT,4,0,0
RPS14B,81,variant,AACAACTCCCAGAAGACGAATAACAATTAAGAATGGCTAACGGTACGTGAAAGGGGTGATATCCTGTTTAAAACCATTTAGTTATTCTTTTTTTCAGATGGAGACTGTGATCGGGTAGCGCGTTAGATTATTATTGGAATTTTATTTTTTTTGCAACTTTGAAGCACTCCTAACTATATTGCAATAGTGTTATGAGATGCTACTTATGTTTGTAAGGCCATGAAATTCTGTAATACGGAGTTAAAATTTCTGCAATAAAGCACTTCAATGCTATTGTGTTATAGAGGCTCTGCG,0
RPS14B,81,variant,AACAACTCCCAGAAGACGAATAACAATTAAGAATGGCTAACGGTACGTGAAAGGGGTGATATCCTGTTTAAAACCATTTAGTTATTCTTTTTTTCAGATGGAGACTGTGATCGGGTAGCGCCTTAATGTATTATTGGAATTTTATTTTTTTTGCAACTTTGAAGCACTCCTAACTATATTGCAATAGTGTTATGAGATGCTACTTATGTTTGTAAGGCCATGAAATTCTGTAATAGGGAGTTAAAATTTCTGCAATAAAGCACTTCAATGCTATTGTGTTATAGAGGCTCTGCG,1
TTTCCCATTCTA,30,0,0
RPS14B,140,variant,AACAACTCCCAGAAGACGAATAACAATTAAGAATGGCTAACGGTACGTGAAAGGGGTGATATCCTGTTTAAAACCATTTAGTTATTCTTTTTTTCAGATGGAGACTGTGATCGGGTAGCGCATGATGTTATTATTGGAATTTTATTTTTTTTGCAACTTTGAAGCACTCCTAACTATGATCTATAAGTGTTATGAGATGCTACTTATGTTTGTAAGGCCATGAAATTCTGTAATACGGAGTTAAAATTTCTGCAATAAAGCACTTCAATGCTATTGTGTTATAGAGGCTCTGCG,4
GCATCATGCGAT,0,2,0
GCTATATTTATT,19,93,1
TTTGTGTTAACG,0,47,0
ACTGCCGGGAAA,13,0,2
RPS14B,140,variant,AACAACTCCCAGAAGACGAATAACAATTAAGAATGGCTAACGGTACGTGAAAGGGGTGATATCCTGTTTAAAACCATTTAGTTATTCTTTTTTTCAGATGGAGACTGTGATCGGGTAGCGCATGATGTTATTATTGGAATTTTATTTTTTTTGCAACTTTGAAGCACTCCTAACTATTCCGCTTAAGTGTTATGAGATGCTACTTATGTTTGTAAGGCCATGAAATTCTGTAATACGGAGTTAAAATTTCTGCAATAAAGCACTTCAATGCTATTGTGTTATAGAGGCTCTGCG,5
GCCTATCTGGGT,11,0,0
TAGATTTATCCA,4,2,0
GGCGGCGGGCGG,17,0,1
TATAAATCAAGT,0,0,0
CTTGTAGTTAAC,1,0,0
RPS14B,140,variant,AACAACTCCCAGAAGACGAATAACAATTAAGAATGGCTAACGGTACGTGAAAGGGGTGATATCCTGTTTAAAACCATTTAGTTATTCTTTTTTTCAGATGGAGACTGTGATCGGGTAGCGCATGATGTTATTATTGGAATTTTATTTTTTTTGCAACTTTGAAGCACTCCTAACTATTCAATGTAAGTGTTATGAGATGCTACTTATGTTTGTAAGGCCATGAAATTCTGTAATACGGAGTTAAAATTTCTGCAATAAAGCACTTCAATGCTATTGTGTTATAGAGGCTCTGCG,7
ACTTAATATTGA,0,122,1
CGCGTTCTAATT,0,78,1
TACTTGGCCTTA,38,0,0
CCAGTTTATTCT,35,0,0
ACTTCCAGCCAT,40,0,1
ATTTTTGTAATT,27,0,0
ATATAATTCACA,11,0,0
RPS14B,140,variant,AACAACTCCCAGAAGACGAATAACAATTAAGAATGGCTAACGGTACGTGAAAGGGGTGATATCCTGTTTAAAACCATTTAGTTATTCTTTTTTTCAGATGGAGACTGTGATCGGGTAGCGCATGATGTTATTATTGGAATTTTATTTTTTTTGCAACTTTGAAGCACTCCTAACTATTCATGTAAAGTGTTATGAGATGCTACTTATGTTTGTAAGGCCATGAAATTCTGTAATACGGAGTTAAAATTTCTGCAATAAAGCACTTCAATGCTATTGTGTTATAGAGGCTCTGCG,2
AATACTCACTAA,34,0,0
TCTTTTATCTAT,10,0,1
RPS14B,140,variant,AACAACTCCCAGAAGACGAATAACAATTAAGAATGGCTAACGGTACGTGAAAGGGGTGATATCCTGTTTAAAACCATTTAGTTATTCTTTTTTTCAGATGGAGACTGTGATCGGGTAGCGCATGATGTTATTATTGGAATTTTATTTTTTTTGCAACTTTGAAGCACTCCTAACTATTCAGATAAAGTGTTATGAGATGCTACTTATGTTTGTAAGGCCATGAAATTCTGTAATACGGAGTTAAAATTTCTGCAATAAAGCACTTCAATGCTATTGTGTTATAGAGGCTCTGCG,6
CCTTTGATGTTG,12,1,0
TCGGGGTATGTG,0,2,0
TAGACCTTCAAC,40,0,0
GTGGATTCTCAG,1,0,0
TTAGAACCCTTG,2,0,0
CATAGGTAGTTT,7,0,0
RPS14B,140,variant,AACAACTCCCAGAAGACGAATAACAATTAAGAATGGCTAACGGTACGTGAAAGGGGTGATATCCTGTTTAAAACCATTTAGTTATTCTTTTTTTCAGATGGAGACTGTGATCGGGTAGCGCATGATGTTATTATTGGAATTTTATTTTTTTTGCAACTTTGAAGCACTCCTAACTATGATATCTAAGTGTTATGAGATGCTACTTATGTTTGTAAGGCCATGAAATTCTGTAATACGGAGTTAAAATTTCTGCAATAAAGCACTTCAATGCTATTGTGTTATAGAGGCTCTGCG,0
RPS14B,140,variant,AACAACTCCCAGAAGACGAATAACAATTAAGAATGGCTAACGGTACGTGAAAGGGGTGATATCCTGTTTAAAACCATTTAGTTATTCTTTTTTTCAGATGGAGACTGTGATCGGGTAGCGCATGATGTTATTATTGGAATTTTATTTTTTTTGCAACTTTGAAGCACTCCTAACTATGTGACTGAAGTGTTATGAGATGCTACTTATGTTTGTAAGGCCATGAAATTCTGTAATACGGAGTTAAAATTTCTGCAATAAAGCACTTCAATGCTATTGTGTTATAGAGGCTCTGCG,3
GGCATCGTTATC,29,0,0
TCAAGATTATTT,1,0,0
TCCGCGATCTCA,0,4,0
RPS14B,140,variant,AACAACTCCCAGAAGACGAATAACAATTAAGAATGGCTAACGGTACGTGAAAGGGGTGATATCCTGTTTAAAACCATTTAGTTATTCTTTTTTTCAGATGGAGACTGTGATCGGGTAGCGCATGATGTTATTATTGGAATTTTATTTTTTTTGCAACTTTGAAGCACTCCTAACTATGTTCAAGAAGTGTTATGAGATGCTACTTATGTTTGTAAGGCCATGAAATTCTGTAATACGGAGTTAAAATTTCTGCAATAAAGCACTTCAATGCTATTGTGTTATAGAGGCTCTGCG,3
CGATTAACTCAA,1,80,1
TGCGACGGGGTT,43,0,1
CCAAACTATCTT,0,5,0
RPS14B,40_57_71_77,variant,AACAACTCCCAGAAGACGAATAACAATTAAGAATGGCTAACGGTACGTGAAAGGGGTGATATCCTGTTTAAAGTCAAATTCGTGTTCTTTTTTTGGCGTAAAGACTGTGATCGGACGACTTATGATGTTATTATTGGAATTTTATTTTTTTTGCAACTTTGAAGCACTCCTAACTATATTGCAATAGTGTTATGAGATGCTACTTATGTTTGTAAGGCCATGAAATTCTGTAATACGGAGTTAAAATTTCTGCAATAAAGCACTTCAATGCTATTGTGTTATAGAGGCTCTGCG,0
RPS14B,40_57_71_77,variant,AACAACTCCCAGAAGACGAATAACAATTAAGAATGGCTAACGGTACGTGAAAGGGGTGATATCCTGTTTAATTTCACCCACTGGTTCTTTTTTTGACCTTGAGACTGTGATCACGACTAACATGATGTTATTATTGGAATTTTATTTTTTTTGCAACTTTGAAGCACTCCTAACTATATTGCAATAGTGTTATGAGATGCTACTTATGTTTGTAAGGCCATGAAATTCTGTAATACGGAGTTAAAATTTCTGCAATAAAGCACTTCAATGCTATTGTGTTATAGAGGCTCTGCG,0
RPS14B,40_57_71_77,variant,AACAACTCCCAGAAGACGAATAACAATTAAGAATGGCTAACGGTACGTGAAAGGGGTGATATCCTGTTTAACAACCCTCCGACTTTCTTTTTTTGCGGTCCAGACTGTGATCAATCATTATATGATGTTATTATTGGAATTTTATTTTTTTTGCAACTTTGAAGCACTCCTAACTATATTGCAATAGTGTTATGAGATGCTACTTATGTTTGTAAGGCCATGAAATTCTGTAATACGGAGTTAAAATTTCTGCAATAAAGCACTTCAATGCTATTGTGTTATAGAGGCTCTGCG,1
CCTGTATATTCT,20,0,2
RPS14B,40_57_71_77,variant,AACAACTCCCAGAAGACGAATAACAATTAAGAATGGCTAACGGTACGTGAAAGGGGTGATATCCTGTTTAATCCCTGTCCGTGTATCTTTTTTTTGTTCGAAGACTGTGATCCTGCAACCCATGATGTTATTATTGGAATTTTATTTTTTTTGCAACTTTGAAGCACTCCTAACTATATTGCAATAGTGTTATGAGATGCTACTTATGTTTGTAAGGCCATGAAATTCTGTAATACGGAGTTAAAATTTCTGCAATAAAGCACTTCAATGCTATTGTGTTATAGAGGCTCTGCG,0
RPS14B,40_57_71_77,variant,AACAACTCCCAGAAGACGAATAACAATTAAGAATGGCTAACGGTACGTGAAAGGGGTGATATCCTGTTTAATGCTCGTCGCTATTTCTTTTTTTTCGATCCAGACTGTGATCAAAGGTAATATGATGTTATTATTGGAATTTTATTTTTTTTGCAACTTTGAAGCACTCCTAACTATATTGCAATAGTGTTATGAGATGCTACTTATGTTTGTAAGGCCATGAAATTCTGTAATACGGAGTTAAAATTTCTGCAATAAAGCACTTCAATGCTATTGTGTTATAGAGGCTCTGCG,0
RPS14B,40_57_71_77,variant,AACAACTCCCAGAAGACGAATAACAATTAAGAATGGCTAACGGTACGTGAAAGGGGTGATATCCTGTTTAATCCAGTACGGGTTTTCTTTTTTTCATGTGGAGACTGTGATCTTACGCTAAATGATGTTATTATTGGAATTTTATTTTTTTTGCAACTTTGAAGCACTCCTAACTATATTGCAATAGTGTTATGAGATGCTACTTATGTTTGTAAGGCCATGAAATTCTGTAATACGGAGTTAAAATTTCTGCAATAAAGCACTTCAATGCTATTGTGTTATAGAGGCTCTGCG,0
RPS14B,40_57_71_77,variant,AACAACTCCCAGAAGACGAATAACAATTAAGAATGGCTAACGGTACGTGAAAGGGGTGATATCCTGTTTAAACTCACACCCGCTTTCTTTTTTTTCCCACGAGACTGTGATCGACTACGTAATGATGTTATTATTGGAATTTTATTTTTTTTGCAACTTTGAAGCACTCCTAACTATATTGCAATAGTGTTATGAGATGCTACTTATGTTTGTAAGGCCATGAAATTCTGTAATACGGAGTTAAAATTTCTGCAATAAAGCACTTCAATGCTATTGTGTTATAGAGGCTCTGCG,0
RPS14B,40_57_71_77,variant,AACAACTCCCAGAAGACGAATAACAATTAAGAATGGCTAACGGTACGTGAAAGGGGTGATATCCTGTTTAACAATATAGGAGTTTTCTTTTTTTCGAGGTCAGACTGTGATCGTCCATGGAATGATGTTATTATTGGAATTTTATTTTTTTTGCAACTTTGAAGCACTCCTAACTATATTGCAATAGTGTTATGAGATGCTACTTATGTTTGTAAGGCCATGAAATTCTGTAATACGGAGTTAAAATTTCTGCAATAAAGCACTTCAATGCTATTGTGTTATAGAGGCTCTGCG,0
