RPS9A,13_20,variant,AATACAAAAGAGCGGACGTATACAACATGCCAAGTACGTCGTTAATTTTATGTCTTTAAGGGGTTGAGAATATTTTTATTAAAAAATCATACTTGCTATGATTTTGAGGATCGGGTCCTCATAAATATTTTGAAGAGCCTTTGTTGAATTTTTTTCTTTTCGTTTTGTTCAATAATGGACGGTTCTTCATAGAATACTTTTTTTTTCGGAGAAAACCTTTACACTGAACTCCCGACACTTCAGGTAAAGCGTTCCGAAGTAATTCAACATTAGAAGAGGAACATTTCCCCAGT,2
AATAATATTTGT,33,3,1
GTATTCATATAT,3,1,0
RPS9A,13_20,variant,AATACAAAAGAGCGGACGTATACAACATGCCAAGTACGTCGTTAATCTTGCGTCTTTAAGGGGTTGAGAATATTTTTATTAAAAAATCATACTTGCTATGATTTTGAGGATCGGGTCCTCATAAATATTTTGAAGAGCCTTTGTTGAATTTTTTTCTTTTCGTTTTGTTCAATAATGGACGGTTCTTCATAGAATACTTTTTTTTTCGGAGAAAACCTTTACACTGAACTCCCGACACTTCAGGTAAAGCGTTCCGAAGTAATTCAACATTAGAAGAGGAACATTTCCCCAGT,0
RPS9A,13_20,variant,AATACAAAAGAGCGGACGTATACAACATGCCAAGTACGTCGTTAATCTTAGACATTTAAGGGGTTGAGAATATTTTTATTAAAAAATCATACTTGCTATGATTTTGAGGATCGGGTCCTCATAAATATTTTGAAGAGCCTTTGTTGAATTTTTTTCTTTTCGTTTTGTTCAATAATGGACGGTTCTTCATAGAATACTTTTTTTTTCGGAGAAAACCTTTACACTGAACTCCCGACACTTCAGGTAAAGCGTTCCGAAGTAATTCAACATTAGAAGAGGAACATTTCCCCAGT,0
RPS9A,13_20,variant,AATACAAAAGAGCGGACGTATACAACATGCCAAGTACGTCGTTAATCTTCACGGTTTAAGGGGTTGAGAATATTTTTATTAAAAAATCATACTTGCTATGATTTTGAGGATCGGGTCCTCATAAATATTTTGAAGAGCCTTTGTTGAATTTTTTTCTTTTCGTTTTGTTCAATAATGGACGGTTCTTCATAGAATACTTTTTTTTTCGGAGAAAACCTTTACACTGAACTCCCGACACTTCAGGTAAAGCGTTCCGAAGTAATTCAACATTAGAAGAGGAACATTTCCCCAGT,2
GGACTCAACTTC,0,2,0
TCTCCTGATTAG,145,2,6
RPS9A,13_20,compens,AATACAAAAGAGCGGACGTATACAACATGCCAAGTACGTCGTTAATTTTATGTCTTTAGACATTTAAGAATATTTTTATTAAAAAATCATACTTGCTATGATTTTGAGGATCGGGTCCTCATAAATATTTTGAAGAGCCTTTGTTGAATTTTTTTCTTTTCGTTTTGTTCAATAATGGACGGTTCTTCATAGAATACTTTTTTTTTCGGAGAAAACCTTTACACTGAACTCCCGACACTTCAGGTAAAGCGTTCCGAAGTAATTCAACATTAGAAGAGGAACATTTCCCCAGT,1
GTCTGCCTTCTA,8,0,1
RPS9A,13_20,compens,AATACAAAAGAGCGGACGTATACAACATGCCAAGTACGTCGTTAATCTTGCGTCTTTAGACGCTTGAGAATATTTTTATTAAAAAATCATACTTGCTATGATTTTGAGGATCGGGTCCTCATAAATATTTTGAAGAGCCTTTGTTGAATTTTTTTCTTTTCGTTTTGTTCAATAATGGACGGTTCTTCATAGAATACTTTTTTTTTCGGAGAAAACCTTTACACTGAACTCCCGACACTTCAGGTAAAGCGTTCCGAAGTAATTCAACATTAGAAGAGGAACATTTCCCCAGT,1
GGTTATCTATTG,2,0,0
RPS9A,13_20,compens,AATACAAAAGAGCGGACGTATACAACATGCCAAGTACGTCGTTAATCTTAGACATTTATGTCTTTGAGAATATTTTTATTAAAAAATCATACTTGCTATGATTTTGAGGATCGGGTCCTCATAAATATTTTGAAGAGCCTTTGTTGAATTTTTTTCTTTTCGTTTTGTTCAATAATGGACGGTTCTTCATAGAATACTTTTTTTTTCGGAGAAAACCTTTACACTGAACTCCCGACACTTCAGGTAAAGCGTTCCGAAGTAATTCAACATTAGAAGAGGAACATTTCCCCAGT,0
RPS9A,13_20,compens,AATACAAAAGAGCGGACGTATACAACATGCCAAGTACGTCGTTAATCTTCACGGTTTACCGTGTTGAGAATATTTTTATTAAAAAATCATACTTGCTATGATTTTGAGGATCGGGTCCTCATAAATATTTTGAAGAGCCTTTGTTGAATTTTTTTCTTTTCGTTTTGTTCAATAATGGACGGTTCTTCATAGAATACTTTTTTTTTCGGAGAAAACCTTTACACTGAACTCCCGACACTTCAGGTAAAGCGTTCCGAAGTAATTCAACATTAGAAGAGGAACATTTCCCCAGT,2
TTGGGAAAGCCT,2,1,0
GTGATCACCTGC,14,0,0
RPS9A,55,variant,AATACAAAAGAGCGGACGTATACAACATGCCAAGTACGTCGTTAATCTTCTCCTTTTAAGGGGTTGAGAATATTTTTATTAAAACACACTGCTTGCTATGATTTTGAGGATCGGGTCCTCATAAATATTTTGAAGAGCCTTTGTTGAATTTTTTTCTTTTCGTTTTGTTCAATAATGGACGGTTCTTCATAGAATACTTTTTTTTTCGGAGAAAACCTTTACACTGAACTCCCGACACTTCAGGTAAAGCGTTCCGAAGTAATTCAACATTAGAAGAGGAACATTTCCCCAGT,3
GTCTCATCGTCG,2,2,0
AGAGTATTTCAT,42,0,0
GCAAATAGTCCT,80,0,3
RPS9A,55,variant,AATACAAAAGAGCGGACGTATACAACATGCCAAGTACGTCGTTAATCTTCTCCTTTTAAGGGGTTGAGAATATTTTTATTAAAAGTGGACCCTTGCTATGATTTTGAGGATCGGGTCCTCATAAATATTTTGAAGAGCCTTTGTTGAATTTTTTTCTTTTCGTTTTGTTCAATAATGGACGGTTCTTCATAGAATACTTTTTTTTTCGGAGAAAACCTTTACACTGAACTCCCGACACTTCAGGTAAAGCGTTCCGAAGTAATTCAACATTAGAAGAGGAACATTTCCCCAGT,8
CGGAGATTTACG,67,0,0
ACCCGTAGAGTC,63,1,3
TAGTATAGGGAC,86,0,1
GTTCGCTTATTG,121,0,2
TCGTCTACTATT,184,1,0
AACTAGAATTTT,44,0,0
TTTACGCACAGA,19,0,1
TAAAAATAGTTC,42,1,0
RPS9A,55,variant,AATACAAAAGAGCGGACGTATACAACATGCCAAGTACGTCGTTAATCTTCTCCTTTTAAGGGGTTGAGAATATTTTTATTAAAAAGAACTGCTTGCTATGATTTTGAGGATCGGGTCCTCATAAATATTTTGAAGAGCCTTTGTTGAATTTTTTTCTTTTCGTTTTGTTCAATAATGGACGGTTCTTCATAGAATACTTTTTTTTTCGGAGAAAACCTTTACACTGAACTCCCGACACTTCAGGTAAAGCGTTCCGAAGTAATTCAACATTAGAAGAGGAACATTTCCCCAGT,0
RPS9A,55,variant,AATACAAAAGAGCGGACGTATACAACATGCCAAGTACGTCGTTAATCTTCTCCTTTTAAGGGGTTGAGAATATTTTTATTAAATTGTGACACTTGCTATGATTTTGAGGATCGGGTCCTCATAAATATTTTGAAGAGCCTTTGTTGAATTTTTTTCTTTTCGTTTTGTTCAATAATGGACGGTTCTTCATAGAATACTTTTTTTTTCGGAGAAAACCTTTACACTGAACTCCCGACACTTCAGGTAAAGCGTTCCGAAGTAATTCAACATTAGAAGAGGAACATTTCCCCAGT,2
AGTTTAATATTC,219,0,2
GGATAAACCGAG,157,1,0
RPS9A,55,compens,AATACAAAAGAGCGGACGTATACAACATGCCAAGTACGTCGTTAATCTTCTCCTTTTAAGGGGTTGAGAATATTTTTATTAAAACACACTGCTTGCCAGTGTGTTGAGGATCGGGTCCTCATAAATATTTTGAAGAGCCTTTGTTGAATTTTTTTCTTTTCGTTTTGTTCAATAATGGACGGTTCTTCATAGAATACTTTTTTTTTCGGAGAAAACCTTTACACTGAACTCCCGACACTTCAGGTAAAGCGTTCCGAAGTAATTCAACATTAGAAGAGGAACATTTCCCCAGT,2
CGAGACTTCGAC,155,0,2
CTTTTTTATTAC,2,0,0
RPS9A,55,compens,AATACAAAAGAGCGGACGTATACAACATGCCAAGTACGTCGTTAATCTTCTCCTTTTAAGGGGTTGAGAATATTTTTATTAAAAGTGGACCCTTGCGGTCCACTTGAGGATCGGGTCCTCATAAATATTTTGAAGAGCCTTTGTTGAATTTTTTTCTTTTCGTTTTGTTCAATAATGGACGGTTCTTCATAGAATACTTTTTTTTTCGGAGAAAACCTTTACACTGAACTCCCGACACTTCAGGTAAAGCGTTCCGAAGTAATTCAACATTAGAAGAGGAACATTTCCCCAGT,1
GTAAAGAGTTAG,283,0,2
RPS9A,55,compens,AATACAAAAGAGCGGACGTATACAACATGCCAAGTACGTCGTTAATCTTCTCCTTTTAAGGGGTTGAGAATATTTTTATTAAAAAGAACTGCTTGCCAGTTCTTTGAGGATCGGGTCCTCATAAATATTTTGAAGAGCCTTTGTTGAATTTTTTTCTTTTCGTTTTGTTCAATAATGGACGGTTCTTCATAGAATACTTTTTTTTTCGGAGAAAACCTTTACACTGAACTCCCGACACTTCAGGTAAAGCGTTCCGAAGTAATTCAACATTAGAAGAGGAACATTTCCCCAGT,1
GCGTAGCGCTCC,9,0,0
RPS9A,55,compens,AATACAAAAGAGCGGACGTATACAACATGCCAAGTACGTCGTTAATCTTCTCCTTTTAAGGGGTTGAGAATATTTTTATTAAATTGTGACACTTGCTGTCACAATGAGGATCGGGTCCTCATAAATATTTTGAAGAGCCTTTGTTGAATTTTTTTCTTTTCGTTTTGTTCAATAATGGACGGTTCTTCATAGAATACTTTTTTTTTCGGAGAAAACCTTTACACTGAACTCCCGACACTTCAGGTAAAGCGTTCCGAAGTAATTCAACATTAGAAGAGGAACATTTCCCCAGT,5
GATGCCAGTGTT,4,1,0
GGCAATAGATTG,22,0,1
CATCCTGGTTGG,217,2,5
TGGTGTAGGTTT,3,0,0
TACAGAGCCTAA,3,5,0
RPS9A,77_80_86_88,variant,AATACAAAAGAGCGGACGTATACAACATGCCAAGTACGTCGTTAATCTTCTCCTTTTAAGGGGTTGAGAATATTTTTATTAAAAAATCATACTTGCTATGATTTTGAGAATTGGGTCCTAGTCAAACTTTTGAAGAGCCTTTGTTGAATTTTTTTCTTTTCGTTTTGTTCAATAATGGACGGTTCTTCATAGAATACTTTTTTTTTCGGAGAAAACCTTTACACTGAACTCCCGACACTTCAGGTAAAGCGTTCCGAAGTAATTCAACATTAGAAGAGGAACATTTCCCCAGT,5
GGTGTACATTGG,2,1,0
AATTGCTACTGA,0,4,0
CTTTACCCGCAT,32,3,0
GGCATATTTATC,28,1,0
GTTTTTAAAATT,184,0,3
RPS9A,77_80_86_88,variant,AATACAAAAGAGCGGACGTATACAACATGCCAAGTACGTCGTTAATCTTCTCCTTTTAAGGGGTTGAGAATATTTTTATTAAAAAATCATACTTGCTATGATTTTGGGAATCTGATACTTATGAAAAACTTGAAGAGCCTTTGTTGAATTTTTTTCTTTTCGTTTTGTTCAATAATGGACGGTTCTTCATAGAATACTTTTTTTTTCGGAGAAAACCTTTACACTGAACTCCCGACACTTCAGGTAAAGCGTTCCGAAGTAATTCAACATTAGAAGAGGAACATTTCCCCAGT,2
GTACTCATCTCA,160,1,3
GCGGCCGCTAAC,124,0,2
RPS9A,77_80_86_88,variant,AATACAAAAGAGCGGACGTATACAACATGCCAAGTACGTCGTTAATCTTCTCCTTTTAAGGGGTTGAGAATATTTTTATTAAAAAATCATACTTGCTATGATTTTGCCGATCGCGTCCTCCCCACTAATTTGAAGAGCCTTTGTTGAATTTTTTTCTTTTCGTTTTGTTCAATAATGGACGGTTCTTCATAGAATACTTTTTTTTTCGGAGAAAACCTTTACACTGAACTCCCGACACTTCAGGTAAAGCGTTCCGAAGTAATTCAACATTAGAAGAGGAACATTTCCCCAGT,7
CTCACTCACGGT,37,0,1
TGCGTCTCCATT,26,1,0
ATTAAACAGTTT,155,2,0
GTGTCATTTAAT,1,2,0
TTATTGTTCTTA,73,1,2
TTAGCTGCGCCG,69,2,0
TTGTTACCTGTC,26,0,0
RPS9A,77_80_86_88,variant,AATACAAAAGAGCGGACGTATACAACATGCCAAGTACGTCGTTAATCTTCTCCTTTTAAGGGGTTGAGAATATTTTTATTAAAAAATCATACTTGCTATGATTTTGAGAATCGGGTCCTCGGTAGTTACTTGAAGAGCCTTTGTTGAATTTTTTTCTTTTCGTTTTGTTCAATAATGGACGGTTCTTCATAGAATACTTTTTTTTTCGGAGAAAACCTTTACACTGAACTCCCGACACTTCAGGTAAAGCGTTCCGAAGTAATTCAACATTAGAAGAGGAACATTTCCCCAGT,2
AATCTATACACT,0,7,0
TGGCGCACTATA,1,1,0
RPS9A,77_80_86_88,variant,AATACAAAAGAGCGGACGTATACAACATGCCAAGTACGTCGTTAATCTTCTCCTTTTAAGGGGTTGAGAATATTTTTATTAAAAAATCATACTTGCTATGATTTTGTGGAACGAGTCCTAAGAAATCGATTGAAGAGCCTTTGTTGAATTTTTTTCTTTTCGTTTTGTTCAATAATGGACGGTTCTTCATAGAATACTTTTTTTTTCGGAGAAAACCTTTACACTGAACTCCCGACACTTCAGGTAAAGCGTTCCGAAGTAATTCAACATTAGAAGAGGAACATTTCCCCAGT,6
GTGCATCTATGC,4,0,0
CGTAGCCGTTGA,8,0,0
AGGAAGCACAGA,154,2,0
CAAGTACAAACC,325,0,15
ATTCTAAGGTTT,25,1,0
TTCGCCTGTATC,84,0,2
RPS9A,77_80_86_88,variant,AATACAAAAGAGCGGACGTATACAACATGCCAAGTACGTCGTTAATCTTCTCCTTTTAAGGGGTTGAGAATATTTTTATTAAAAAATCATACTTGCTATGATTTTGTAGAGCCGGTCCTAATAGTTAATTTGAAGAGCCTTTGTTGAATTTTTTTCTTTTCGTTTTGTTCAATAATGGACGGTTCTTCATAGAATACTTTTTTTTTCGGAGAAAACCTTTACACTGAACTCCCGACACTTCAGGTAAAGCGTTCCGAAGTAATTCAACATTAGAAGAGGAACATTTCCCCAGT,1
GGTTGCTCATGT,12,0,0
RPS9A,77_80_86_88,variant,AATACAAAAGAGCGGACGTATACAACATGCCAAGTACGTCGTTAATCTTCTCCTTTTAAGGGGTTGAGAATATTTTTATTAAAAAATCATACTTGCTATGATTTTCAGATGCGTGTGCTCAAAATTAGTTTGAAGAGCCTTTGTTGAATTTTTTTCTTTTCGTTTTGTTCAATAATGGACGGTTCTTCATAGAATACTTTTTTTTTCGGAGAAAACCTTTACACTGAACTCCCGACACTTCAGGTAAAGCGTTCCGAAGTAATTCAACATTAGAAGAGGAACATTTCCCCAGT,8
GCGTAACTTCAA,7,7,0
CGTGTCCGGCTG,75,0,2
ATGTAGAGCCGA,2,3,0
CAGCTGTTTTTA,45,1,0
ATATTCATGTCC,42,0,1
GGTGATTTTCCT,66,1,0
TCCAAAATATTA,33,0,0
ATAAATTTTTTT,1,0,0
RPS9A,77_80_86_88,variant,AATACAAAAGAGCGGACGTATACAACATGCCAAGTACGTCGTTAATCTTCTCCTTTTAAGGGGTTGAGAATATTTTTATTAAAAAATCATACTTGCTATGATTTTTATTACCGGATCCTGAGAAATGGTTTGAAGAGCCTTTGTTGAATTTTTTTCTTTTCGTTTTGTTCAATAATGGACGGTTCTTCATAGAATACTTTTTTTTTCGGAGAAAACCTTTACACTGAACTCCCGACACTTCAGGTAAAGCGTTCCGAAGTAATTCAACATTAGAAGAGGAACATTTCCCCAGT,8
TGGTTGGTCGAA,98,0,1
TGCAATGTCCCT,4,0,0
TGTTTATAAAAT,34,2,0
AAAAACTCTTCC,6,0,0
TCTCCCCTTTGT,234,2,2
CCATTAATTTAT,25,2,0
TATGTATTGAAG,46,3,0
CTGACGCTATAG,7,1,0
RPS9A,77_80_86_88,variant,AATACAAAAGAGCGGACGTATACAACATGCCAAGTACGTCGTTAATCTTCTCCTTTTAAGGGGTTGAGAATATTTTTATTAAAAAATCATACTTGCTATGATTTTCGAATCGAGTTTCTAATAGTCAGGTTGAAGAGCCTTTGTTGAATTTTTTTCTTTTCGTTTTGTTCAATAATGGACGGTTCTTCATAGAATACTTTTTTTTTCGGAGAAAACCTTTACACTGAACTCCCGACACTTCAGGTAAAGCGTTCCGAAGTAATTCAACATTAGAAGAGGAACATTTCCCCAGT,2
CTCACCAAGTAA,352,0,6
ACCTATCTCCCA,6,0,0
RPS9A,77_80_86_88,variant,AATACAAAAGAGCGGACGTATACAACATGCCAAGTACGTCGTTAATCTTCTCCTTTTAAGGGGTTGAGAATATTTTTATTAAAAAATCATACTTGCTATGATTTTCCAGATGTCAAGCTAGGGTTAATTTTGAAGAGCCTTTGTTGAATTTTTTTCTTTTCGTTTTGTTCAATAATGGACGGTTCTTCATAGAATACTTTTTTTTTCGGAGAAAACCTTTACACTGAACTCCCGACACTTCAGGTAAAGCGTTCCGAAGTAATTCAACATTAGAAGAGGAACATTTCCCCAGT,7
ATCAACACTAAC,121,1,3
TGCGATCTTTAA,4,0,0
GGGTTCCATTGA,26,0,0
AAACTGATCCCG,12,0,0
CGGTGTAATCCA,63,1,1
TGTTGTCTTCTT,231,0,3
AATTTTAAACGG,15,0,1
RPS9A,77_80_86_88,variant,AATACAAAAGAGCGGACGTATACAACATGCCAAGTACGTCGTTAATCTTCTCCTTTTAAGGGGTTGAGAATATTTTTATTAAAAAATCATACTTGCTATGATTTTATGAGGAGCTGGCTTAATATACTCTTGAAGAGCCTTTGTTGAATTTTTTTCTTTTCGTTTTGTTCAATAATGGACGGTTCTTCATAGAATACTTTTTTTTTCGGAGAAAACCTTTACACTGAACTCCCGACACTTCAGGTAAAGCGTTCCGAAGTAATTCAACATTAGAAGAGGAACATTTCCCCAGT,0
RPS9A,77_80_86_88,variant,AATACAAAAGAGCGGACGTATACAACATGCCAAGTACGTCGTTAATCTTCTCCTTTTAAGGGGTTGAGAATATTTTTATTAAAAAATCATACTTGCTATGATTTTGTGTCTACGGTACTAAGGATAAGGTTGAAGAGCCTTTGTTGAATTTTTTTCTTTTCGTTTTGTTCAATAATGGACGGTTCTTCATAGAATACTTTTTTTTTCGGAGAAAACCTTTACACTGAACTCCCGACACTTCAGGTAAAGCGTTCCGAAGTAATTCAACATTAGAAGAGGAACATTTCCCCAGT,2
CCAGGTCGTTAT,27,0,0
GTTTAGCTCCAA,44,0,1
RPS9A,77_80_86_88,variant,AATACAAAAGAGCGGACGTATACAACATGCCAAGTACGTCGTTAATCTTCTCCTTTTAAGGGGTTGAGAATATTTTTATTAAAAAATCATACTTGCTATGATTTTGCCTGAATGGATCTTGAATCAAGTTTGAAGAGCCTTTGTTGAATTTTTTTCTTTTCGTTTTGTTCAATAATGGACGGTTCTTCATAGAATACTTTTTTTTTCGGAGAAAACCTTTACACTGAACTCCCGACACTTCAGGTAAAGCGTTCCGAAGTAATTCAACATTAGAAGAGGAACATTTCCCCAGT,2
TTGGTAATACTC,1,4,0
TTTCGTTGTTCT,2,2,0
RPS9A,77_80_86_88,variant,AATACAAAAGAGCGGACGTATACAACATGCCAAGTACGTCGTTAATCTTCTCCTTTTAAGGGGTTGAGAATATTTTTATTAAAAAATCATACTTGCTATGATTTTGAAGGGGAGAAACTAATTGATCATTTGAAGAGCCTTTGTTGAATTTTTTTCTTTTCGTTTTGTTCAATAATGGACGGTTCTTCATAGAATACTTTTTTTTTCGGAGAAAACCTTTACACTGAACTCCCGACACTTCAGGTAAAGCGTTCCGAAGTAATTCAACATTAGAAGAGGAACATTTCCCCAGT,2
TCGTATTGTCCC,115,1,1
CAATTATATTTT,157,0,4
RPS9A,77_80_86_88,variant,AATACAAAAGAGCGGACGTATACAACATGCCAAGTACGTCGTTAATCTTCTCCTTTTAAGGGGTTGAGAATATTTTTATTAAAAAATCATACTTGCTATGATTTTGTCTAAGTAAGTCTCATGGTCAAGTTGAAGAGCCTTTGTTGAATTTTTTTCTTTTCGTTTTGTTCAATAATGGACGGTTCTTCATAGAATACTTTTTTTTTCGGAGAAAACCTTTACACTGAACTCCCGACACTTCAGGTAAAGCGTTCCGAAGTAATTCAACATTAGAAGAGGAACATTTCCCCAGT,1
CGACTGATAATT,163,1,5
RPS9A,77_80_86_88,variant,AATACAAAAGAGCGGACGTATACAACATGCCAAGTACGTCGTTAATCTTCTCCTTTTAAGGGGTTGAGAATATTTTTATTAAAAAATCATACTTGCTATGATTTTTTGTTCCACTCACTAATGCCACGCTTGAAGAGCCTTTGTTGAATTTTTTTCTTTTCGTTTTGTTCAATAATGGACGGTTCTTCATAGAATACTTTTTTTTTCGGAGAAAACCTTTACACTGAACTCCCGACACTTCAGGTAAAGCGTTCCGAAGTAATTCAACATTAGAAGAGGAACATTTCCCCAGT,0
RPS9A,77,variant,AATACAAAAGAGCGGACGTATACAACATGCCAAGTACGTCGTTAATCTTCTCCTTTTAAGGGGTTGAGAATATTTTTATTAAAAAATCATACTTGCTATGATTTTGCACGCTGGGTCCTCATAAATATTTTGAAGAGCCTTTGTTGAATTTTTTTCTTTTCGTTTTGTTCAATAATGGACGGTTCTTCATAGAATACTTTTTTTTTCGGAGAAAACCTTTACACTGAACTCCCGACACTTCAGGTAAAGCGTTCCGAAGTAATTCAACATTAGAAGAGGAACATTTCCCCAGT,8
CCTGCAACCGTC,380,2,7
TGTTGAACATAT,75,1,0
ACTCCAGCACCG,41,1,0
GACGCATATGCA,149,1,1
TTACCAATTAGC,11,0,0
GGCTGCGGGTGT,180,0,0
CACAGTTCTTTA,38,0,2
CTCTCCCCCACA,99,4,3
RPS9A,77,variant,AATACAAAAGAGCGGACGTATACAACATGCCAAGTACGTCGTTAATCTTCTCCTTTTAAGGGGTTGAGAATATTTTTATTAAAAAATCATACTTGCTATGATTTTCTATCGCGGGTCCTCATAAATATTTTGAAGAGCCTTTGTTGAATTTTTTTCTTTTCGTTTTGTTCAATAATGGACGGTTCTTCATAGAATACTTTTTTTTTCGGAGAAAACCTTTACACTGAACTCCCGACACTTCAGGTAAAGCGTTCCGAAGTAATTCAACATTAGAAGAGGAACATTTCCCCAGT,11
TGCATAAGTAAC,48,0,0
GTCTTGCACTGT,18,0,0
CGTTCACTTTTC,155,1,2
GTGGTCCTAACA,172,2,0
TGATCATCTAAT,207,0,2
TTACCGTAGACA,296,3,4
CCTAAGACGCCT,170,2,0
TCGCCCAATGAA,128,2,3
TTGCCTCCCTTG,483,4,13
GTTAGGTTCGAC,108,1,1
TTTTTCTAGTGC,277,2,4
RPS9A,77,variant,AATACAAAAGAGCGGACGTATACAACATGCCAAGTACGTCGTTAATCTTCTCCTTTTAAGGGGTTGAGAATATTTTTATTAAAAAATCATACTTGCTATGATTTTCTGTCGCGGGTCCTCATAAATATTTTGAAGAGCCTTTGTTGAATTTTTTTCTTTTCGTTTTGTTCAATAATGGACGGTTCTTCATAGAATACTTTTTTTTTCGGAGAAAACCTTTACACTGAACTCCCGACACTTCAGGTAAAGCGTTCCGAAGTAATTCAACATTAGAAGAGGAACATTTCCCCAGT,14
CGCAATAAGCGT,877,1,21
TCATAGTTGGTT,13,1,0
TCTAAACATACT,31,0,1
CCTATGTAGCTT,2,4,0
ACTTTAGATTCG,84,0,0
TGTCTAGTTGCT,346,2,5
AGCATGGGTCTG,104,0,6
CCAGTTCGAAGC,194,1,0
TTAGAGAAGCCA,149,1,2
TTATATCTTGGG,1,0,1
CGGCGCTAATTG,215,1,2
CAAAAACCTCTA,42,1,0
AGCAGGCAGTCA,8,1,1
TTTCCAACGAGG,32,1,0
RPS9A,77,variant,AATACAAAAGAGCGGACGTATACAACATGCCAAGTACGTCGTTAATCTTCTCCTTTTAAGGGGTTGAGAATATTTTTATTAAAAAATCATACTTGCTATGATTTTAAGTCGCGGGTCCTCATAAATATTTTGAAGAGCCTTTGTTGAATTTTTTTCTTTTCGTTTTGTTCAATAATGGACGGTTCTTCATAGAATACTTTTTTTTTCGGAGAAAACCTTTACACTGAACTCCCGACACTTCAGGTAAAGCGTTCCGAAGTAATTCAACATTAGAAGAGGAACATTTCCCCAGT,11
TTGGTACGTGTA,99,5,2
GAATAGACATCA,79,0,1
CGCGTGTTGAAC,232,3,6
GTTGCGGATGGT,323,2,3
ATTGAGCAGACG,48,0,3
TATGGAGTCAAG,113,0,1
AAAGTTTTGCTC,179,1,0
CATTGTATTTCT,115,3,0
TGTTTGTAGTAT,339,4,4
CTTTCGCAATGC,164,0,4
TGAAATATATTT,34,5,0
RPS9A,77,variant,AATACAAAAGAGCGGACGTATACAACATGCCAAGTACGTCGTTAATCTTCTCCTTTTAAGGGGTTGAGAATATTTTTATTAAAAAATCATACTTGCTATGATTTTCCGTCGCGGGTCCTCATAAATATTTTGAAGAGCCTTTGTTGAATTTTTTTCTTTTCGTTTTGTTCAATAATGGACGGTTCTTCATAGAATACTTTTTTTTTCGGAGAAAACCTTTACACTGAACTCCCGACACTTCAGGTAAAGCGTTCCGAAGTAATTCAACATTAGAAGAGGAACATTTCCCCAGT,16
GGGAGCGGTGCG,256,1,3
TGCCGTTTAACA,379,4,4
CCGTTTTGGTGC,134,1,4
GCCGAACCACTA,174,0,0
CCATAAGTACAA,196,2,1
ATGGTGGTTTTA,71,1,0
AGGTTTCATAGG,641,3,14
CTCATCGAGGTC,24,1,0
TTCAAGGTTTGC,282,0,5
CAGTCCTATGAA,77,0,1
GTTTCAAGCGAT,118,0,2
TTATCGAAATAA,187,1,2
TCGCACAACTTT,187,0,2
GTGGAGTGATTT,36,2,0
CCCGCTCACTGT,15,0,0
CATAAGTGTGCG,13,0,0
RPS9A,77,variant,AATACAAAAGAGCGGACGTATACAACATGCCAAGTACGTCGTTAATCTTCTCCTTTTAAGGGGTTGAGAATATTTTTATTAAAAAATCATACTTGCTATGATTTTGGCACGCGGGTCCTCATAAATATTTTGAAGAGCCTTTGTTGAATTTTTTTCTTTTCGTTTTGTTCAATAATGGACGGTTCTTCATAGAATACTTTTTTTTTCGGAGAAAACCTTTACACTGAACTCCCGACACTTCAGGTAAAGCGTTCCGAAGTAATTCAACATTAGAAGAGGAACATTTCCCCAGT,5
GTTTGGCGTTCT,17,1,0
TGCCGACATCGG,46,4,0
GGGGGTTTCGTA,33,2,1
AGTTAAGTTGTA,488,1,2
TTATCTTATGTA,41,0,0
RPS9A,77,variant,AATACAAAAGAGCGGACGTATACAACATGCCAAGTACGTCGTTAATCTTCTCCTTTTAAGGGGTTGAGAATATTTTTATTAAAAAATCATACTTGCTATGATTTTATTTCGCGGGTCCTCATAAATATTTTGAAGAGCCTTTGTTGAATTTTTTTCTTTTCGTTTTGTTCAATAATGGACGGTTCTTCATAGAATACTTTTTTTTTCGGAGAAAACCTTTACACTGAACTCCCGACACTTCAGGTAAAGCGTTCCGAAGTAATTCAACATTAGAAGAGGAACATTTCCCCAGT,12
GAAGCAAGTAAG,311,3,4
TCACACATTAAT,370,2,5
TATCTTTCGCTA,348,1,2
CCTAACCTTTAC,92,0,1
GGGCAGGATACC,67,0,1
TATAAGTTTTGT,150,1,3
ATAGCAAACCTC,5,0,1
CCTTGCCCGGTC,39,1,0
CCCTTGCTTGAC,20,0,0
ATTCTGATTTAA,153,0,1
GTTCAAGCCAGC,2,0,0
CAATTATTGTAT,1,0,0
RPS9A,77,variant,AATACAAAAGAGCGGACGTATACAACATGCCAAGTACGTCGTTAATCTTCTCCTTTTAAGGGGTTGAGAATATTTTTATTAAAAAATCATACTTGCTATGATTTTCTGCAGCGGGTCCTCATAAATATTTTGAAGAGCCTTTGTTGAATTTTTTTCTTTTCGTTTTGTTCAATAATGGACGGTTCTTCATAGAATACTTTTTTTTTCGGAGAAAACCTTTACACTGAACTCCCGACACTTCAGGTAAAGCGTTCCGAAGTAATTCAACATTAGAAGAGGAACATTTCCCCAGT,4
AATAGGGGTTAC,284,2,8
TACTCCTAAAGG,24,0,0
TCTTTGTCATTG,164,0,3
GTGTATTATAAG,14,1,0
RPS9A,77_80,variant,AATACAAAAGAGCGGACGTATACAACATGCCAAGTACGTCGTTAATCTTCTCCTTTTAAGGGGTTGAGAATATTTTTATTAAAAAATCATACTTGCTATGATTTTGCAACGAATACACTCATAAATATTTTGAAGAGCCTTTGTTGAATTTTTTTCTTTTCGTTTTGTTCAATAATGGACGGTTCTTCATAGAATACTTTTTTTTTCGGAGAAAACCTTTACACTGAACTCCCGACACTTCAGGTAAAGCGTTCCGAAGTAATTCAACATTAGAAGAGGAACATTTCCCCAGT,7
CGTGTTCCATCC,489,2,12
AGTATTCCGCTT,137,0,0
TGGTCGCAGCAG,84,2,1
TAAATCCTACTT,26,1,0
ATTATTAATAAA,107,2,2
GCAATCTCTATC,4,0,0
TTATTTACATAT,5,0,0
RPS9A,77_80,variant,AATACAAAAGAGCGGACGTATACAACATGCCAAGTACGTCGTTAATCTTCTCCTTTTAAGGGGTTGAGAATATTTTTATTAAAAAATCATACTTGCTATGATTTTAGGCTACACATACTCATAAATATTTTGAAGAGCCTTTGTTGAATTTTTTTCTTTTCGTTTTGTTCAATAATGGACGGTTCTTCATAGAATACTTTTTTTTTCGGAGAAAACCTTTACACTGAACTCCCGACACTTCAGGTAAAGCGTTCCGAAGTAATTCAACATTAGAAGAGGAACATTTCCCCAGT,10
CAGTCACACTCT,98,1,0
CAAGTTGTTGAA,295,1,5
ACCTTTTTGTTT,304,0,9
ACGCCTGCCCCA,17,0,0
ACCTTTTTTAAG,53,1,1
TCACTTCCCAGC,30,0,0
GAGTCCGATCTT,131,1,0
GTGTATTACCAG,11,0,0
GGTCCGTGACGT,48,0,0
GAGAATTACAAA,231,1,4
RPS9A,77_80,variant,AATACAAAAGAGCGGACGTATACAACATGCCAAGTACGTCGTTAATCTTCTCCTTTTAAGGGGTTGAGAATATTTTTATTAAAAAATCATACTTGCTATGATTTTCACTTATATAGGCTCATAAATATTTTGAAGAGCCTTTGTTGAATTTTTTTCTTTTCGTTTTGTTCAATAATGGACGGTTCTTCATAGAATACTTTTTTTTTCGGAGAAAACCTTTACACTGAACTCCCGACACTTCAGGTAAAGCGTTCCGAAGTAATTCAACATTAGAAGAGGAACATTTCCCCAGT,1
ACTCCGCGAAAC,1,0,0
RPS9A,77_80,variant,AATACAAAAGAGCGGACGTATACAACATGCCAAGTACGTCGTTAATCTTCTCCTTTTAAGGGGTTGAGAATATTTTTATTAAAAAATCATACTTGCTATGATTTTGTACGGGCATGGCTCATAAATATTTTGAAGAGCCTTTGTTGAATTTTTTTCTTTTCGTTTTGTTCAATAATGGACGGTTCTTCATAGAATACTTTTTTTTTCGGAGAAAACCTTTACACTGAACTCCCGACACTTCAGGTAAAGCGTTCCGAAGTAATTCAACATTAGAAGAGGAACATTTCCCCAGT,3
TAGCTTTCCACA,2,3,0
TAATCTTATAAA,177,2,0
TTGGTATTTCCT,18,0,0
RPS9A,77_80,variant,AATACAAAAGAGCGGACGTATACAACATGCCAAGTACGTCGTTAATCTTCTCCTTTTAAGGGGTTGAGAATATTTTTATTAAAAAATCATACTTGCTATGATTTTACTGACCTGAAACTCATAAATATTTTGAAGAGCCTTTGTTGAATTTTTTTCTTTTCGTTTTGTTCAATAATGGACGGTTCTTCATAGAATACTTTTTTTTTCGGAGAAAACCTTTACACTGAACTCCCGACACTTCAGGTAAAGCGTTCCGAAGTAATTCAACATTAGAAGAGGAACATTTCCCCAGT,8
AGCGCATGAAGA,226,1,3
CTACACGCCGTC,282,4,2
TGGTACTAAAAA,179,1,4
GGTACTACTCGT,145,1,2
CACTACAGCCCC,101,0,1
GTGCCCATCCTA,24,0,0
CCTGGCCGACTT,3,0,0
TTATCTTCAAGA,5,0,0
RPS9A,77_80,variant,AATACAAAAGAGCGGACGTATACAACATGCCAAGTACGTCGTTAATCTTCTCCTTTTAAGGGGTTGAGAATATTTTTATTAAAAAATCATACTTGCTATGATTTTGAGACTCCATAGCTCATAAATATTTTGAAGAGCCTTTGTTGAATTTTTTTCTTTTCGTTTTGTTCAATAATGGACGGTTCTTCATAGAATACTTTTTTTTTCGGAGAAAACCTTTACACTGAACTCCCGACACTTCAGGTAAAGCGTTCCGAAGTAATTCAACATTAGAAGAGGAACATTTCCCCAGT,9
TCGTATTCCGCG,114,1,2
AATTGACTAACT,10,0,0
CTTAATTGTTCT,184,2,2
GTTGGTAATTCA,117,3,2
GCGTTCATTGCC,51,0,0
GACTGTCGGGGA,214,1,0
TTTATTGCAGTT,0,1,0
ACTGTTTCCTTT,263,1,7
CGGCTAGCCGTG,2,5,0
RPS9A,77_80,variant,AATACAAAAGAGCGGACGTATACAACATGCCAAGTACGTCGTTAATCTTCTCCTTTTAAGGGGTTGAGAATATTTTTATTAAAAAATCATACTTGCTATGATTTTGTTCACACTGGACTCATAAATATTTTGAAGAGCCTTTGTTGAATTTTTTTCTTTTCGTTTTGTTCAATAATGGACGGTTCTTCATAGAATACTTTTTTTTTCGGAGAAAACCTTTACACTGAACTCCCGACACTTCAGGTAAAGCGTTCCGAAGTAATTCAACATTAGAAGAGGAACATTTCCCCAGT,11
TTTTCCCGAATT,115,2,0
GGGTCTGATACA,164,1,1
TTGATGAATTCT,43,6,0
ATCTTTAACAAG,181,3,0
AAACTAGTGCTA,1,0,0
TTCATTTCTCAA,32,0,0
CACTGTTCCGAA,37,0,0
TAACGTTGCGAT,30,3,0
TCTTTATTTTTT,106,0,1
GTTTTGCGATAT,70,0,1
AGTGTTCACCCT,217,0,12
RPS9A,77_80,variant,AATACAAAAGAGCGGACGTATACAACATGCCAAGTACGTCGTTAATCTTCTCCTTTTAAGGGGTTGAGAATATTTTTATTAAAAAATCATACTTGCTATGATTTTGTTTCTTCCTGACTCATAAATATTTTGAAGAGCCTTTGTTGAATTTTTTTCTTTTCGTTTTGTTCAATAATGGACGGTTCTTCATAGAATACTTTTTTTTTCGGAGAAAACCTTTACACTGAACTCCCGACACTTCAGGTAAAGCGTTCCGAAGTAATTCAACATTAGAAGAGGAACATTTCCCCAGT,2
CTGAAGAGGCCC,39,0,1
TTTGATTTTCCA,0,0,1
RPS9A,77_80,variant,AATACAAAAGAGCGGACGTATACAACATGCCAAGTACGTCGTTAATCTTCTCCTTTTAAGGGGTTGAGAATATTTTTATTAAAAAATCATACTTGCTATGATTTTGCCGAGCTGTTCCTCATAAATATTTTGAAGAGCCTTTGTTGAATTTTTTTCTTTTCGTTTTGTTCAATAATGGACGGTTCTTCATAGAATACTTTTTTTTTCGGAGAAAACCTTTACACTGAACTCCCGACACTTCAGGTAAAGCGTTCCGAAGTAATTCAACATTAGAAGAGGAACATTTCCCCAGT,20
CATTCTCGTGGT,804,4,16
GGTCAATTCACC,494,0,11
TCCTCAACCTTT,62,0,1
CCCGGACAGCCG,48,3,0
TGGAACTATTTT,562,4,7
TACGTGACATTC,126,0,0
AAGCGTGCCGGG,17,2,0
AAAATCATATTT,488,2,5
TCTGATTTGCGT,217,3,3
ATTTTCTGCAAC,569,1,9
GCTGAGAGTCCA,71,1,3
ATTTTTCCGTTT,227,0,6
TACGCTTCCTCT,219,2,9
ATATTGCTCATT,222,1,3
CAAGGTGCTTTA,7,0,1
TTCTTGCTTTAT,249,2,5
ATAGTATTTTCA,1,0,0
GGTGTTTGCACG,138,0,2
CCATTCATGATT,215,2,7
TTTAATTATCTA,33,0,0
RPS9A,77_80,variant,AATACAAAAGAGCGGACGTATACAACATGCCAAGTACGTCGTTAATCTTCTCCTTTTAAGGGGTTGAGAATATTTTTATTAAAAAATCATACTTGCTATGATTTTGGCAATCGGCTGCTCATAAATATTTTGAAGAGCCTTTGTTGAATTTTTTTCTTTTCGTTTTGTTCAATAATGGACGGTTCTTCATAGAATACTTTTTTTTTCGGAGAAAACCTTTACACTGAACTCCCGACACTTCAGGTAAAGCGTTCCGAAGTAATTCAACATTAGAAGAGGAACATTTCCCCAGT,6
CAGGAGATTCGT,358,2,3
GCCGCCCGGGCA,5,0,0
AATCGGTATAAG,234,0,6
AGTCCTTCATAG,235,1,5
TGTGATGATGAA,34,1,0
TTCCAAGTTACT,5,0,0
RPS9A,77_80,variant,AATACAAAAGAGCGGACGTATACAACATGCCAAGTACGTCGTTAATCTTCTCCTTTTAAGGGGTTGAGAATATTTTTATTAAAAAATCATACTTGCTATGATTTTGAACACCGCCTGCTCATAAATATTTTGAAGAGCCTTTGTTGAATTTTTTTCTTTTCGTTTTGTTCAATAATGGACGGTTCTTCATAGAATACTTTTTTTTTCGGAGAAAACCTTTACACTGAACTCCCGACACTTCAGGTAAAGCGTTCCGAAGTAATTCAACATTAGAAGAGGAACATTTCCCCAGT,11
CAAGATCAATAC,99,1,4
TACGTATTGTGG,112,1,3
CTGACAGTTTAG,83,0,0
GTTTTAAGTTTT,182,0,2
GACCGATTCTTT,64,2,1
TTCTAGCCCACC,3,0,0
TTTTGCGTTCCC,44,1,1
TGTTCTGTGCGT,177,0,2
AGATCATATTTA,98,1,5
GGGGACCCCATT,1,0,0
GCGTTCTCTCTT,193,0,3
RPS9A,77_80,variant,AATACAAAAGAGCGGACGTATACAACATGCCAAGTACGTCGTTAATCTTCTCCTTTTAAGGGGTTGAGAATATTTTTATTAAAAAATCATACTTGCTATGATTTTGACCAACGCCTACTCATAAATATTTTGAAGAGCCTTTGTTGAATTTTTTTCTTTTCGTTTTGTTCAATAATGGACGGTTCTTCATAGAATACTTTTTTTTTCGGAGAAAACCTTTACACTGAACTCCCGACACTTCAGGTAAAGCGTTCCGAAGTAATTCAACATTAGAAGAGGAACATTTCCCCAGT,1
TTACTTTTCTAG,4,0,0
RPS9A,77_80,variant,AATACAAAAGAGCGGACGTATACAACATGCCAAGTACGTCGTTAATCTTCTCCTTTTAAGGGGTTGAGAATATTTTTATTAAAAAATCATACTTGCTATGATTTTGACTATCTTCTGCTCATAAATATTTTGAAGAGCCTTTGTTGAATTTTTTTCTTTTCGTTTTGTTCAATAATGGACGGTTCTTCATAGAATACTTTTTTTTTCGGAGAAAACCTTTACACTGAACTCCCGACACTTCAGGTAAAGCGTTCCGAAGTAATTCAACATTAGAAGAGGAACATTTCCCCAGT,8
AGTTAAACTTTC,365,0,8
ATTTAGCCGCTA,102,1,1
ATTTGAAAATTT,223,1,9
GAGCACTTATTC,225,1,2
TGTTGAAGTTCC,464,1,12
CAAATCAAAAGA,87,1,0
TCCTTAATTATC,20,0,0
ATATCTCTCTTT,1,0,1
RPS9A,77_80,variant,AATACAAAAGAGCGGACGTATACAACATGCCAAGTACGTCGTTAATCTTCTCCTTTTAAGGGGTTGAGAATATTTTTATTAAAAAATCATACTTGCTATGATTTTGTGCATCGGCTGCTCATAAATATTTTGAAGAGCCTTTGTTGAATTTTTTTCTTTTCGTTTTGTTCAATAATGGACGGTTCTTCATAGAATACTTTTTTTTTCGGAGAAAACCTTTACACTGAACTCCCGACACTTCAGGTAAAGCGTTCCGAAGTAATTCAACATTAGAAGAGGAACATTTCCCCAGT,14
GAGAGTACGCAT,459,5,14
TGAAGGTTAATC,92,0,1
AGGGGGCTGTGG,77,0,1
AATAAATCAATT,399,2,5
CATTCCGAATGT,10,6,0
TGTGTTATTATG,5,1,0
ATAGGACCGGTA,191,0,2
TACATTTAAACT,182,1,7
AGACTAACTCGG,1,6,0
TTGTTTGTAGAA,33,1,1
TTTAGTTACTAT,69,0,3
CTTGAAAAGTGA,40,0,0
CACCCTTCATCA,32,0,0
ACATTCAACGGT,27,0,0
RPS9A,77_80,variant,AATACAAAAGAGCGGACGTATACAACATGCCAAGTACGTCGTTAATCTTCTCCTTTTAAGGGGTTGAGAATATTTTTATTAAAAAATCATACTTGCTATGATTTTGTGGCTGGGCTCCTCATAAATATTTTGAAGAGCCTTTGTTGAATTTTTTTCTTTTCGTTTTGTTCAATAATGGACGGTTCTTCATAGAATACTTTTTTTTTCGGAGAAAACCTTTACACTGAACTCCCGACACTTCAGGTAAAGCGTTCCGAAGTAATTCAACATTAGAAGAGGAACATTTCCCCAGT,12
ACACTATTAATT,3,1,0
GATTGTATATAG,361,3,7
TCCCATTCCGTA,122,0,1
GTGAAGTGAAAC,103,1,2
TAATTCTTAGCT,173,0,3
GTTACCAGTGGA,8,1,0
AAGAATCAGTGG,287,2,7
GTTAAACTTCAA,233,2,1
TATTAGTTATGT,2,1,0
ACTCTTCAGTTA,141,1,3
ATTAAACTTTCG,41,0,0
TTATATTCTAAC,67,0,4
RPS9A,77_80,variant,AATACAAAAGAGCGGACGTATACAACATGCCAAGTACGTCGTTAATCTTCTCCTTTTAAGGGGTTGAGAATATTTTTATTAAAAAATCATACTTGCTATGATTTTGAGAACCCTGTACTCATAAATATTTTGAAGAGCCTTTGTTGAATTTTTTTCTTTTCGTTTTGTTCAATAATGGACGGTTCTTCATAGAATACTTTTTTTTTCGGAGAAAACCTTTACACTGAACTCCCGACACTTCAGGTAAAGCGTTCCGAAGTAATTCAACATTAGAAGAGGAACATTTCCCCAGT,13
GGTCGTGTTTTG,138,2,6
CATATGAGCTCA,129,1,1
ATGTAATGATGA,312,1,5
TTTTGCATGGGA,216,1,3
CACAGTCTTCTT,176,1,5
TTGCCCAAGATT,88,2,1
GTACCCCGCTTT,21,0,0
AGTTAGTAGAGA,277,0,3
AATATTGTCCAT,191,1,4
GCCAGACAAGGT,50,0,1
CGACTCCACTAT,96,1,0
AAGCGGTTTTAG,59,1,0
CTTATTTTCTGA,31,0,1
RPS9A,88,variant,AATACAAAAGAGCGGACGTATACAACATGCCAAGTACGTCGTTAATCTTCTCCTTTTAAGGGGTTGAGAATATTTTTATTAAAAAATCATACTTGCTATGATTTTGAGGATCGGGTCCTTTTTCCACTCTTGAAGAGCCTTTGTTGAATTTTTTTCTTTTCGTTTTGTTCAATAATGGACGGTTCTTCATAGAATACTTTTTTTTTCGGAGAAAACCTTTACACTGAACTCCCGACACTTCAGGTAAAGCGTTCCGAAGTAATTCAACATTAGAAGAGGAACATTTCCCCAGT,3
AGAGGATACTTC,1,1,0
ATCCCCAGGGAC,2,0,0
TTCATCAGGGTG,0,4,0
RPS9A,88,variant,AATACAAAAGAGCGGACGTATACAACATGCCAAGTACGTCGTTAATCTTCTCCTTTTAAGGGGTTGAGAATATTTTTATTAAAAAATCATACTTGCTATGATTTTGAGGATCGGGTCCTTGGGAACAGCTTGAAGAGCCTTTGTTGAATTTTTTTCTTTTCGTTTTGTTCAATAATGGACGGTTCTTCATAGAATACTTTTTTTTTCGGAGAAAACCTTTACACTGAACTCCCGACACTTCAGGTAAAGCGTTCCGAAGTAATTCAACATTAGAAGAGGAACATTTCCCCAGT,4
CCGCAATAGTGT,27,0,1
ACCTTCCTCTTG,184,2,1
ATTCTGATTTTA,1,0,0
GTGAGATAATTC,10,1,0
RPS9A,88,variant,AATACAAAAGAGCGGACGTATACAACATGCCAAGTACGTCGTTAATCTTCTCCTTTTAAGGGGTTGAGAATATTTTTATTAAAAAATCATACTTGCTATGATTTTGAGGATCGGGTCCTTGTCTAGCACTTGAAGAGCCTTTGTTGAATTTTTTTCTTTTCGTTTTGTTCAATAATGGACGGTTCTTCATAGAATACTTTTTTTTTCGGAGAAAACCTTTACACTGAACTCCCGACACTTCAGGTAAAGCGTTCCGAAGTAATTCAACATTAGAAGAGGAACATTTCCCCAGT,0
RPS9A,88,variant,AATACAAAAGAGCGGACGTATACAACATGCCAAGTACGTCGTTAATCTTCTCCTTTTAAGGGGTTGAGAATATTTTTATTAAAAAATCATACTTGCTATGATTTTGAGGATCGGGTCCTTGAAACAAGCTTGAAGAGCCTTTGTTGAATTTTTTTCTTTTCGTTTTGTTCAATAATGGACGGTTCTTCATAGAATACTTTTTTTTTCGGAGAAAACCTTTACACTGAACTCCCGACACTTCAGGTAAAGCGTTCCGAAGTAATTCAACATTAGAAGAGGAACATTTCCCCAGT,0
RPS9A,88,variant,AATACAAAAGAGCGGACGTATACAACATGCCAAGTACGTCGTTAATCTTCTCCTTTTAAGGGGTTGAGAATATTTTTATTAAAAAATCATACTTGCTATGATTTTGAGGATCGGGTCCTTGTTGAGACTTTGAAGAGCCTTTGTTGAATTTTTTTCTTTTCGTTTTGTTCAATAATGGACGGTTCTTCATAGAATACTTTTTTTTTCGGAGAAAACCTTTACACTGAACTCCCGACACTTCAGGTAAAGCGTTCCGAAGTAATTCAACATTAGAAGAGGAACATTTCCCCAGT,2
ATTCCTGGAATA,53,3,0
TTGATGGTACTT,17,1,0
RPS9A,88,variant,AATACAAAAGAGCGGACGTATACAACATGCCAAGTACGTCGTTAATCTTCTCCTTTTAAGGGGTTGAGAATATTTTTATTAAAAAATCATACTTGCTATGATTTTGAGGATCGGGTCCTTGTTGCTTCTTTGAAGAGCCTTTGTTGAATTTTTTTCTTTTCGTTTTGTTCAATAATGGACGGTTCTTCATAGAATACTTTTTTTTTCGGAGAAAACCTTTACACTGAACTCCCGACACTTCAGGTAAAGCGTTCCGAAGTAATTCAACATTAGAAGAGGAACATTTCCCCAGT,1
GAGCTAGGGCCC,41,0,0
RPS9A,88,variant,AATACAAAAGAGCGGACGTATACAACATGCCAAGTACGTCGTTAATCTTCTCCTTTTAAGGGGTTGAGAATATTTTTATTAAAAAATCATACTTGCTATGATTTTGAGGATCGGGTCCTTTGTCTCACTTTGAAGAGCCTTTGTTGAATTTTTTTCTTTTCGTTTTGTTCAATAATGGACGGTTCTTCATAGAATACTTTTTTTTTCGGAGAAAACCTTTACACTGAACTCCCGACACTTCAGGTAAAGCGTTCCGAAGTAATTCAACATTAGAAGAGGAACATTTCCCCAGT,3
TGCTCACACGGA,50,0,0
TTCTTTTAGTTG,61,0,1
TTCGATTCGTCC,10,1,0
RPS9A,88,variant,AATACAAAAGAGCGGACGTATACAACATGCCAAGTACGTCGTTAATCTTCTCCTTTTAAGGGGTTGAGAATATTTTTATTAAAAAATCATACTTGCTATGATTTTGAGGATCGGGTCCTTGTTAGCAGCTTGAAGAGCCTTTGTTGAATTTTTTTCTTTTCGTTTTGTTCAATAATGGACGGTTCTTCATAGAATACTTTTTTTTTCGGAGAAAACCTTTACACTGAACTCCCGACACTTCAGGTAAAGCGTTCCGAAGTAATTCAACATTAGAAGAGGAACATTTCCCCAGT,2
GTGATTGTGAAG,1,0,0
AAAGGTTCAAAG,5,5,1
RPS9A,103,variant,AATACAAAAGAGCGGACGTATACAACATGCCAAGTACGTCGTTAATCTTCTCCTTTTAAGGGGTTGAGAATATTTTTATTAAAAAATCATACTTGCTATGATTTTGAGGATCGGGTCCTCATAAATATTTTGAAAATTCTTTGTTGAATTTTTTTCTTTTCGTTTTGTTCAATAATGGACGGTTCTTCATAGAATACTTTTTTTTTCGGAGAAAACCTTTACACTGAACTCCCGACACTTCAGGTAAAGCGTTCCGAAGTAATTCAACATTAGAAGAGGAACATTTCCCCAGT,1
GGACATATCGAC,0,1,0
RPS9A,103,variant,AATACAAAAGAGCGGACGTATACAACATGCCAAGTACGTCGTTAATCTTCTCCTTTTAAGGGGTTGAGAATATTTTTATTAAAAAATCATACTTGCTATGATTTTGAGGATCGGGTCCTCATAAATATTTTGAACCCCCTTTGTTGAATTTTTTTCTTTTCGTTTTGTTCAATAATGGACGGTTCTTCATAGAATACTTTTTTTTTCGGAGAAAACCTTTACACTGAACTCCCGACACTTCAGGTAAAGCGTTCCGAAGTAATTCAACATTAGAAGAGGAACATTTCCCCAGT,2
TGTGCTTGATAT,11,14,1
GATCTTTAGGTC,4,0,0
RPS9A,103,variant,AATACAAAAGAGCGGACGTATACAACATGCCAAGTACGTCGTTAATCTTCTCCTTTTAAGGGGTTGAGAATATTTTTATTAAAAAATCATACTTGCTATGATTTTGAGGATCGGGTCCTCATAAATATTTTGAACTTACTTTGTTGAATTTTTTTCTTTTCGTTTTGTTCAATAATGGACGGTTCTTCATAGAATACTTTTTTTTTCGGAGAAAACCTTTACACTGAACTCCCGACACTTCAGGTAAAGCGTTCCGAAGTAATTCAACATTAGAAGAGGAACATTTCCCCAGT,3
TCGTTTGGCTGA,154,0,1
CAACAATTTCTG,9,0,0
CCGCTATGTTCA,0,1,0
RPS9A,103,variant,AATACAAAAGAGCGGACGTATACAACATGCCAAGTACGTCGTTAATCTTCTCCTTTTAAGGGGTTGAGAATATTTTTATTAAAAAATCATACTTGCTATGATTTTGAGGATCGGGTCCTCATAAATATTTTGAACTATCTTTGTTGAATTTTTTTCTTTTCGTTTTGTTCAATAATGGACGGTTCTTCATAGAATACTTTTTTTTTCGGAGAAAACCTTTACACTGAACTCCCGACACTTCAGGTAAAGCGTTCCGAAGTAATTCAACATTAGAAGAGGAACATTTCCCCAGT,3
GTCATGCGTTTG,0,1,0
CAATCATACCTA,18,0,0
GCCATTCTTCGT,172,0,2
RPS9A,103,variant,AATACAAAAGAGCGGACGTATACAACATGCCAAGTACGTCGTTAATCTTCTCCTTTTAAGGGGTTGAGAATATTTTTATTAAAAAATCATACTTGCTATGATTTTGAGGATCGGGTCCTCATAAATATTTTGAAACTACTTTGTTGAATTTTTTTCTTTTCGTTTTGTTCAATAATGGACGGTTCTTCATAGAATACTTTTTTTTTCGGAGAAAACCTTTACACTGAACTCCCGACACTTCAGGTAAAGCGTTCCGAAGTAATTCAACATTAGAAGAGGAACATTTCCCCAGT,2
TTTCGTAACCAT,35,0,1
GTTGGGCTTGCT,3,150,0
RPS9A,103,variant,AATACAAAAGAGCGGACGTATACAACATGCCAAGTACGTCGTTAATCTTCTCCTTTTAAGGGGTTGAGAATATTTTTATTAAAAAATCATACTTGCTATGATTTTGAGGATCGGGTCCTCATAAATATTTTGAACTCTCTTTGTTGAATTTTTTTCTTTTCGTTTTGTTCAATAATGGACGGTTCTTCATAGAATACTTTTTTTTTCGGAGAAAACCTTTACACTGAACTCCCGACACTTCAGGTAAAGCGTTCCGAAGTAATTCAACATTAGAAGAGGAACATTTCCCCAGT,4
TGACTTACGTAA,0,1,0
GCTGGCGGGACC,74,0,0
TAAAAGATCGCT,32,0,1
TACGAGTAACTC,0,1,0
RPS9A,103,variant,AATACAAAAGAGCGGACGTATACAACATGCCAAGTACGTCGTTAATCTTCTCCTTTTAAGGGGTTGAGAATATTTTTATTAAAAAATCATACTTGCTATGATTTTGAGGATCGGGTCCTCATAAATATTTTGAAACTCCTTTGTTGAATTTTTTTCTTTTCGTTTTGTTCAATAATGGACGGTTCTTCATAGAATACTTTTTTTTTCGGAGAAAACCTTTACACTGAACTCCCGACACTTCAGGTAAAGCGTTCCGAAGTAATTCAACATTAGAAGAGGAACATTTCCCCAGT,5
TCGCACGAGCCT,1,25,0
TGTTATCTAATC,0,1,0
AAAATCATGTTT,4,11,1
ACGGGGCACAAT,0,1,0
CTAATATTTGTT,0,1,0
RPS9A,103,variant,AATACAAAAGAGCGGACGTATACAACATGCCAAGTACGTCGTTAATCTTCTCCTTTTAAGGGGTTGAGAATATTTTTATTAAAAAATCATACTTGCTATGATTTTGAGGATCGGGTCCTCATAAATATTTTGAAATGACTTTGTTGAATTTTTTTCTTTTCGTTTTGTTCAATAATGGACGGTTCTTCATAGAATACTTTTTTTTTCGGAGAAAACCTTTACACTGAACTCCCGACACTTCAGGTAAAGCGTTCCGAAGTAATTCAACATTAGAAGAGGAACATTTCCCCAGT,0
RPS9A,112,variant,AATACAAAAGAGCGGACGTATACAACATGCCAAGTACGTCGTTAATCTTCTCCTTTTAAGGGGTTGAGAATATTTTTATTAAAAAATCATACTTGCTATGATTTTGAGGATCGGGTCCTCATAAATATTTTGAAGAGCCTCCTTAAAATTTTTTTCTTTTCGTTTTGTTCAATAATGGACGGTTCTTCATAGAATACTTTTTTTTTCGGAGAAAACCTTTACACTGAACTCCCGACACTTCAGGTAAAGCGTTCCGAAGTAATTCAACATTAGAAGAGGAACATTTCCCCAGT,3
ATGATGACGTTA,0,4,0
ATTTTCCCACAC,29,5,0
GGTACCTTGATT,5,271,3
RPS9A,112,variant,AATACAAAAGAGCGGACGTATACAACATGCCAAGTACGTCGTTAATCTTCTCCTTTTAAGGGGTTGAGAATATTTTTATTAAAAAATCATACTTGCTATGATTTTGAGGATCGGGTCCTCATAAATATTTTGAAGAGCCTCTAATAAATTTTTTTCTTTTCGTTTTGTTCAATAATGGACGGTTCTTCATAGAATACTTTTTTTTTCGGAGAAAACCTTTACACTGAACTCCCGACACTTCAGGTAAAGCGTTCCGAAGTAATTCAACATTAGAAGAGGAACATTTCCCCAGT,2
CAAGTTATTGCA,180,0,1
TTACATGACTGT,0,3,0
RPS9A,112,variant,AATACAAAAGAGCGGACGTATACAACATGCCAAGTACGTCGTTAATCTTCTCCTTTTAAGGGGTTGAGAATATTTTTATTAAAAAATCATACTTGCTATGATTTTGAGGATCGGGTCCTCATAAATATTTTGAAGAGCCTTTCATAAATTTTTTTCTTTTCGTTTTGTTCAATAATGGACGGTTCTTCATAGAATACTTTTTTTTTCGGAGAAAACCTTTACACTGAACTCCCGACACTTCAGGTAAAGCGTTCCGAAGTAATTCAACATTAGAAGAGGAACATTTCCCCAGT,4
TTCGACAGTTCG,1,14,0
TTAGGCCCTCCA,118,2,1
TTGCCGAATCAT,0,1,0
GCTTAATTAGAT,0,4,1
RPS9A,112,variant,AATACAAAAGAGCGGACGTATACAACATGCCAAGTACGTCGTTAATCTTCTCCTTTTAAGGGGTTGAGAATATTTTTATTAAAAAATCATACTTGCTATGATTTTGAGGATCGGGTCCTCATAAATATTTTGAAGAGCCTTCTTAAAATTTTTTTCTTTTCGTTTTGTTCAATAATGGACGGTTCTTCATAGAATACTTTTTTTTTCGGAGAAAACCTTTACACTGAACTCCCGACACTTCAGGTAAAGCGTTCCGAAGTAATTCAACATTAGAAGAGGAACATTTCCCCAGT,1
GCTGTTATCGTT,298,9,3
RPS9A,112,variant,AATACAAAAGAGCGGACGTATACAACATGCCAAGTACGTCGTTAATCTTCTCCTTTTAAGGGGTTGAGAATATTTTTATTAAAAAATCATACTTGCTATGATTTTGAGGATCGGGTCCTCATAAATATTTTGAAGAGCCTCGATAAAATTTTTTTCTTTTCGTTTTGTTCAATAATGGACGGTTCTTCATAGAATACTTTTTTTTTCGGAGAAAACCTTTACACTGAACTCCCGACACTTCAGGTAAAGCGTTCCGAAGTAATTCAACATTAGAAGAGGAACATTTCCCCAGT,4
TGGGTACAGTAC,0,1,0
TCTCTCTTGGTG,0,8,0
GCTACTTATTTG,0,4,0
CCTGTTTTCCTT,0,1,0
RPS9A,112,variant,AATACAAAAGAGCGGACGTATACAACATGCCAAGTACGTCGTTAATCTTCTCCTTTTAAGGGGTTGAGAATATTTTTATTAAAAAATCATACTTGCTATGATTTTGAGGATCGGGTCCTCATAAATATTTTGAAGAGCCTGTAAATAATTTTTTTCTTTTCGTTTTGTTCAATAATGGACGGTTCTTCATAGAATACTTTTTTTTTCGGAGAAAACCTTTACACTGAACTCCCGACACTTCAGGTAAAGCGTTCCGAAGTAATTCAACATTAGAAGAGGAACATTTCCCCAGT,5
TGTAATCATAAA,0,0,0
TTGTGATTCTGT,0,38,0
TCTTAACCCCTA,146,0,4
ACGGGTTTTAAT,0,4,0
TGAAATGTTTCT,0,2,0
RPS9A,112,variant,AATACAAAAGAGCGGACGTATACAACATGCCAAGTACGTCGTTAATCTTCTCCTTTTAAGGGGTTGAGAATATTTTTATTAAAAAATCATACTTGCTATGATTTTGAGGATCGGGTCCTCATAAATATTTTGAAGAGCCTACTACACATTTTTTTCTTTTCGTTTTGTTCAATAATGGACGGTTCTTCATAGAATACTTTTTTTTTCGGAGAAAACCTTTACACTGAACTCCCGACACTTCAGGTAAAGCGTTCCGAAGTAATTCAACATTAGAAGAGGAACATTTCCCCAGT,0
RPS9A,112,variant,AATACAAAAGAGCGGACGTATACAACATGCCAAGTACGTCGTTAATCTTCTCCTTTTAAGGGGTTGAGAATATTTTTATTAAAAAATCATACTTGCTATGATTTTGAGGATCGGGTCCTCATAAATATTTTGAAGAGCCTCCCCAACATTTTTTTCTTTTCGTTTTGTTCAATAATGGACGGTTCTTCATAGAATACTTTTTTTTTCGGAGAAAACCTTTACACTGAACTCCCGACACTTCAGGTAAAGCGTTCCGAAGTAATTCAACATTAGAAGAGGAACATTTCCCCAGT,4
ATTAGGGTTCAC,0,1,0
GCTTGCTTAGGA,0,1,0
ACTTGAGACTCG,0,1,0
GAAAGGTCCTTA,0,5,0
RPS9A,103_112,variant,AATACAAAAGAGCGGACGTATACAACATGCCAAGTACGTCGTTAATCTTCTCCTTTTAAGGGGTTGAGAATATTTTTATTAAAAAATCATACTTGCTATGATTTTGAGGATCGGGTCCTCATAAATATTTTGAACTTACTTTTCTACATTTTTTTCTTTTCGTTTTGTTCAATAATGGACGGTTCTTCATAGAATACTTTTTTTTTCGGAGAAAACCTTTACACTGAACTCCCGACACTTCAGGTAAAGCGTTCCGAAGTAATTCAACATTAGAAGAGGAACATTTCCCCAGT,1
GTAGCATCATTT,0,8,0
RPS9A,103_112,variant,AATACAAAAGAGCGGACGTATACAACATGCCAAGTACGTCGTTAATCTTCTCCTTTTAAGGGGTTGAGAATATTTTTATTAAAAAATCATACTTGCTATGATTTTGAGGATCGGGTCCTCATAAATATTTTGAATCCTCTGTGTCCGATTTTTTTCTTTTCGTTTTGTTCAATAATGGACGGTTCTTCATAGAATACTTTTTTTTTCGGAGAAAACCTTTACACTGAACTCCCGACACTTCAGGTAAAGCGTTCCGAAGTAATTCAACATTAGAAGAGGAACATTTCCCCAGT,4
AATTTATATTGT,28,0,0
AGCTGGTATAAT,0,1,0
ATGGGTGATTCT,0,1,0
CACTCTCAAATT,0,16,0
RPS9A,103_112,variant,AATACAAAAGAGCGGACGTATACAACATGCCAAGTACGTCGTTAATCTTCTCCTTTTAAGGGGTTGAGAATATTTTTATTAAAAAATCATACTTGCTATGATTTTGAGGATCGGGTCCTCATAAATATTTTGAACTCTCTCACTTTAATTTTTTTCTTTTCGTTTTGTTCAATAATGGACGGTTCTTCATAGAATACTTTTTTTTTCGGAGAAAACCTTTACACTGAACTCCCGACACTTCAGGTAAAGCGTTCCGAAGTAATTCAACATTAGAAGAGGAACATTTCCCCAGT,2
TGGGGTCTCCAT,1,0,1
GAACTTAAAACA,0,1,0
RPS9A,103_112,variant,AATACAAAAGAGCGGACGTATACAACATGCCAAGTACGTCGTTAATCTTCTCCTTTTAAGGGGTTGAGAATATTTTTATTAAAAAATCATACTTGCTATGATTTTGAGGATCGGGTCCTCATAAATATTTTGAAAACCCTGTGTATCATTTTTTTCTTTTCGTTTTGTTCAATAATGGACGGTTCTTCATAGAATACTTTTTTTTTCGGAGAAAACCTTTACACTGAACTCCCGACACTTCAGGTAAAGCGTTCCGAAGTAATTCAACATTAGAAGAGGAACATTTCCCCAGT,6
GACGGAACTTTA,0,2,0
GCCTTCTAGGTT,0,3,0
TAAACACATTGT,29,1,2
ACAAGATACAAA,0,2,0
GTTTAGTCGTAC,1,13,0
TGTCTGCGCCCT,0,4,0
RPS9A,103_112,variant,AATACAAAAGAGCGGACGTATACAACATGCCAAGTACGTCGTTAATCTTCTCCTTTTAAGGGGTTGAGAATATTTTTATTAAAAAATCATACTTGCTATGATTTTGAGGATCGGGTCCTCATAAATATTTTGAACTAACTTTTCACCATTTTTTTCTTTTCGTTTTGTTCAATAATGGACGGTTCTTCATAGAATACTTTTTTTTTCGGAGAAAACCTTTACACTGAACTCCCGACACTTCAGGTAAAGCGTTCCGAAGTAATTCAACATTAGAAGAGGAACATTTCCCCAGT,1
ATAAATTATTTT,312,1,7
RPS9A,103_112,variant,AATACAAAAGAGCGGACGTATACAACATGCCAAGTACGTCGTTAATCTTCTCCTTTTAAGGGGTTGAGAATATTTTTATTAAAAAATCATACTTGCTATGATTTTGAGGATCGGGTCCTCATAAATATTTTGAACTACCTTGCCACTATTTTTTTCTTTTCGTTTTGTTCAATAATGGACGGTTCTTCATAGAATACTTTTTTTTTCGGAGAAAACCTTTACACTGAACTCCCGACACTTCAGGTAAAGCGTTCCGAAGTAATTCAACATTAGAAGAGGAACATTTCCCCAGT,3
GAATGGTCTCTT,0,1,0
GAACTTCTGTAT,1,1,0
GTCTACGCGGCC,0,1,0
RPS9A,103_112,variant,AATACAAAAGAGCGGACGTATACAACATGCCAAGTACGTCGTTAATCTTCTCCTTTTAAGGGGTTGAGAATATTTTTATTAAAAAATCATACTTGCTATGATTTTGAGGATCGGGTCCTCATAAATATTTTGAAATAACTCTTTACTATTTTTTTCTTTTCGTTTTGTTCAATAATGGACGGTTCTTCATAGAATACTTTTTTTTTCGGAGAAAACCTTTACACTGAACTCCCGACACTTCAGGTAAAGCGTTCCGAAGTAATTCAACATTAGAAGAGGAACATTTCCCCAGT,1
AATGAAGATATT,4,5,0
RPS9A,103_112,variant,AATACAAAAGAGCGGACGTATACAACATGCCAAGTACGTCGTTAATCTTCTCCTTTTAAGGGGTTGAGAATATTTTTATTAAAAAATCATACTTGCTATGATTTTGAGGATCGGGTCCTCATAAATATTTTGAATATCCTTGCTTTAATTTTTTTCTTTTCGTTTTGTTCAATAATGGACGGTTCTTCATAGAATACTTTTTTTTTCGGAGAAAACCTTTACACTGAACTCCCGACACTTCAGGTAAAGCGTTCCGAAGTAATTCAACATTAGAAGAGGAACATTTCCCCAGT,3
ATGTGCTTTGAG,0,1,0
GAGATTGTATTA,0,1,0
GCTCCTACATCC,0,2,0
RPS9A,103_112,variant,AATACAAAAGAGCGGACGTATACAACATGCCAAGTACGTCGTTAATCTTCTCCTTTTAAGGGGTTGAGAATATTTTTATTAAAAAATCATACTTGCTATGATTTTGAGGATCGGGTCCTCATAAATATTTTGAATGACCTTTCTTTAATTTTTTTCTTTTCGTTTTGTTCAATAATGGACGGTTCTTCATAGAATACTTTTTTTTTCGGAGAAAACCTTTACACTGAACTCCCGACACTTCAGGTAAAGCGTTCCGAAGTAATTCAACATTAGAAGAGGAACATTTCCCCAGT,1
CTTCCGATTCCG,0,6,0
RPS9A,103_112,variant,AATACAAAAGAGCGGACGTATACAACATGCCAAGTACGTCGTTAATCTTCTCCTTTTAAGGGGTTGAGAATATTTTTATTAAAAAATCATACTTGCTATGATTTTGAGGATCGGGTCCTCATAAATATTTTGAAAATCCTTGCTTTAATTTTTTTCTTTTCGTTTTGTTCAATAATGGACGGTTCTTCATAGAATACTTTTTTTTTCGGAGAAAACCTTTACACTGAACTCCCGACACTTCAGGTAAAGCGTTCCGAAGTAATTCAACATTAGAAGAGGAACATTTCCCCAGT,6
CACGTATTCTTT,1,41,0
GAAGTTTAGTTG,0,223,1
TTTGGTAATATT,0,9,0
CAATTTAAAATG,3,0,0
CTTGTTTTTTTC,0,8,0
CTGATGTCGTTG,5,4,0
RPS9A,103_112,variant,AATACAAAAGAGCGGACGTATACAACATGCCAAGTACGTCGTTAATCTTCTCCTTTTAAGGGGTTGAGAATATTTTTATTAAAAAATCATACTTGCTATGATTTTGAGGATCGGGTCCTCATAAATATTTTGAATCCCCTTTCTTTAATTTTTTTCTTTTCGTTTTGTTCAATAATGGACGGTTCTTCATAGAATACTTTTTTTTTCGGAGAAAACCTTTACACTGAACTCCCGACACTTCAGGTAAAGCGTTCCGAAGTAATTCAACATTAGAAGAGGAACATTTCCCCAGT,2
TCTAGTTTTGAG,0,2,0
TTTCCTCCAGAT,0,1,0
RPS9A,103_112,variant,AATACAAAAGAGCGGACGTATACAACATGCCAAGTACGTCGTTAATCTTCTCCTTTTAAGGGGTTGAGAATATTTTTATTAAAAAATCATACTTGCTATGATTTTGAGGATCGGGTCCTCATAAATATTTTGAACACCCTTTCTCTAATTTTTTTCTTTTCGTTTTGTTCAATAATGGACGGTTCTTCATAGAATACTTTTTTTTTCGGAGAAAACCTTTACACTGAACTCCCGACACTTCAGGTAAAGCGTTCCGAAGTAATTCAACATTAGAAGAGGAACATTTCCCCAGT,3
AATACCTGAGCC,0,4,0
TCCGGTTCACGG,0,4,0
TTGCGTCTTAAT,0,2,0
RPS9A,103_112,variant,AATACAAAAGAGCGGACGTATACAACATGCCAAGTACGTCGTTAATCTTCTCCTTTTAAGGGGTTGAGAATATTTTTATTAAAAAATCATACTTGCTATGATTTTGAGGATCGGGTCCTCATAAATATTTTGAACACCCTTCCTTTAATTTTTTTCTTTTCGTTTTGTTCAATAATGGACGGTTCTTCATAGAATACTTTTTTTTTCGGAGAAAACCTTTACACTGAACTCCCGACACTTCAGGTAAAGCGTTCCGAAGTAATTCAACATTAGAAGAGGAACATTTCCCCAGT,4
CCGGCTTAGACC,0,2,0
GTTTTGTTTCTA,0,87,0
TACATATCGCCA,0,3,0
ATACATTATTTT,2,0,0
RPS9A,103_112,variant,AATACAAAAGAGCGGACGTATACAACATGCCAAGTACGTCGTTAATCTTCTCCTTTTAAGGGGTTGAGAATATTTTTATTAAAAAATCATACTTGCTATGATTTTGAGGATCGGGTCCTCATAAATATTTTGAAGATTCTCTTTTAAATTTTTTTCTTTTCGTTTTGTTCAATAATGGACGGTTCTTCATAGAATACTTTTTTTTTCGGAGAAAACCTTTACACTGAACTCCCGACACTTCAGGTAAAGCGTTCCGAAGTAATTCAACATTAGAAGAGGAACATTTCCCCAGT,2
AATATAGTAAAT,0,3,0
ATGTATCTTTAG,0,6,0
RPS9A,103_112,variant,AATACAAAAGAGCGGACGTATACAACATGCCAAGTACGTCGTTAATCTTCTCCTTTTAAGGGGTTGAGAATATTTTTATTAAAAAATCATACTTGCTATGATTTTGAGGATCGGGTCCTCATAAATATTTTGAAGATCCTTGCATTAATTTTTTTCTTTTCGTTTTGTTCAATAATGGACGGTTCTTCATAGAATACTTTTTTTTTCGGAGAAAACCTTTACACTGAACTCCCGACACTTCAGGTAAAGCGTTCCGAAGTAATTCAACATTAGAAGAGGAACATTTCCCCAGT,2
GTGCTCGTAGCC,1,5,0
GAACGTAATGCG,0,5,0
RPS9A,103_112,variant,AATACAAAAGAGCGGACGTATACAACATGCCAAGTACGTCGTTAATCTTCTCCTTTTAAGGGGTTGAGAATATTTTTATTAAAAAATCATACTTGCTATGATTTTGAGGATCGGGTCCTCATAAATATTTTGAATAGACTTTCTTTAATTTTTTTCTTTTCGTTTTGTTCAATAATGGACGGTTCTTCATAGAATACTTTTTTTTTCGGAGAAAACCTTTACACTGAACTCCCGACACTTCAGGTAAAGCGTTCCGAAGTAATTCAACATTAGAAGAGGAACATTTCCCCAGT,2
GGAATATTAAAC,0,220,0
GTCGCATTAACA,4,148,1
RPS9A,174,variant,AATACAAAAGAGCGGACGTATACAACATGCCAAGTACGTCGTTAATCTTCTCCTTTTAAGGGGTTGAGAATATTTTTATTAAAAAATCATACTTGCTATGATTTTGAGGATCGGGTCCTCATAAATATTTTGAAGAGCCTTTGTTGAATTTTTTTCTTTTCGTTTTGTTCAATAATGGACGGTTCTTCATAGAATACTTTTTTTTGCAGTGAAAACCTTTACACTGAACTCCCGACACTTCAGGTAAAGCGTTCCGAAGTAATTCAACATTAGAAGAGGAACATTTCCCCAGT,9
CTGCTTCAAGCT,45,4,1
CATTCCGAATTC,0,1,0
GAGTGACTGTTA,4,1,0
GCTGGGAGTCAG,50,0,0
CGGCGGGTTCGA,20,2,0
TGTCACTACTCT,187,0,1
TTTTTCATCTCT,26,0,0
GGAAGCCCCCAT,0,1,0
TTTCTGGGATAT,20,0,1
RPS9A,174,variant,AATACAAAAGAGCGGACGTATACAACATGCCAAGTACGTCGTTAATCTTCTCCTTTTAAGGGGTTGAGAATATTTTTATTAAAAAATCATACTTGCTATGATTTTGAGGATCGGGTCCTCATAAATATTTTGAAGAGCCTTTGTTGAATTTTTTTCTTTTCGTTTTGTTCAATAATGGACGGTTCTTCATAGAATACTTTTTTAAGGTGTGAAAACCTTTACACTGAACTCCCGACACTTCAGGTAAAGCGTTCCGAAGTAATTCAACATTAGAAGAGGAACATTTCCCCAGT,12
TTCGCCAGATCA,0,1,0
TGCTTTCCGGTA,1,1,0
AATGATCCTATT,0,0,0
GAGCCGGCGCTT,3,0,1
GCATCTATGGAG,0,1,0
TCATTGTTTTTT,246,1,1
ACGACATCAATT,4,1,0
TTCTATCGGCAT,0,1,0
GCAAACCAGGTA,0,1,0
ACAGGAACTCAA,8,4,0
AGTAGTATCGCA,2,0,0
TTCTTTTAATGC,0,2,0
RPS9A,174,variant,AATACAAAAGAGCGGACGTATACAACATGCCAAGTACGTCGTTAATCTTCTCCTTTTAAGGGGTTGAGAATATTTTTATTAAAAAATCATACTTGCTATGATTTTGAGGATCGGGTCCTCATAAATATTTTGAAGAGCCTTTGTTGAATTTTTTTCTTTTCGTTTTGTTCAATAATGGACGGTTCTTCATAGAATACTTTTTTGACCAGTGAAAACCTTTACACTGAACTCCCGACACTTCAGGTAAAGCGTTCCGAAGTAATTCAACATTAGAAGAGGAACATTTCCCCAGT,12
GTCTTGATTGAT,135,1,6
CTTAGGTTTCTA,74,1,0
TATCGTAAGCTA,21,18,0
CTATTATTCGGC,1,0,0
ATCTGTCCAGTT,43,0,1
GTAGTCTCACCT,0,3,0
GGATTCAGAGTT,8,0,0
CGTCTATGGATA,0,1,0
AAAACTATTGCT,220,1,0
TAGTATGGCTTT,0,0,0
GCGAGCATTACA,0,0,0
TTTAACGCTATC,0,2,0
RPS9A,174,variant,AATACAAAAGAGCGGACGTATACAACATGCCAAGTACGTCGTTAATCTTCTCCTTTTAAGGGGTTGAGAATATTTTTATTAAAAAATCATACTTGCTATGATTTTGAGGATCGGGTCCTCATAAATATTTTGAAGAGCCTTTGTTGAATTTTTTTCTTTTCGTTTTGTTCAATAATGGACGGTTCTTCATAGAATACTTTTTTGCGCGTTGAAAACCTTTACACTGAACTCCCGACACTTCAGGTAAAGCGTTCCGAAGTAATTCAACATTAGAAGAGGAACATTTCCCCAGT,5
GCATGCCAGTGG,0,2,0
GCCTTTACAACA,17,0,0
GATCGTATGTTC,2,0,0
TAACCAGTGGGC,0,1,0
ACGGTCTTAGGC,0,1,0
RPS9A,174,compens,AATACAAAAGAGCGGACGTATACAACATGCCAAGTACGTCGTTAATCTTCTCCTTTTAAGGGGTTGAGAATATTTTTATTAAAAAATCATACTTGCTATGATTTTGAGGATCGGGTCCTCATAAATATTTTGAAGAGCCTTTGTTGAATTTTTTTCTTTTCGTTTTGTTCAATAATGGACGGTTCTTCATAGAATACTTTTTTTTGCAGTGAAAACCTTTACACTGAACTCCCGACACTTCAGGTAAAGCGTACTGCAATAATTCAACATTAGAAGAGGAACATTTCCCCAGT,3
CTGAGATGCTAG,39,46,1
TTAAAATGCTTC,224,3,0
ATGGGTGACCTC,5,0,1
RPS9A,174,compens,AATACAAAAGAGCGGACGTATACAACATGCCAAGTACGTCGTTAATCTTCTCCTTTTAAGGGGTTGAGAATATTTTTATTAAAAAATCATACTTGCTATGATTTTGAGGATCGGGTCCTCATAAATATTTTGAAGAGCCTTTGTTGAATTTTTTTCTTTTCGTTTTGTTCAATAATGGACGGTTCTTCATAGAATACTTTTTTAAGGTGTGAAAACCTTTACACTGAACTCCCGACACTTCAGGTAAAGCGTACACCTTTAATTCAACATTAGAAGAGGAACATTTCCCCAGT,10
TCGGCCCAAAAC,140,2,2
CGGATGGGACGT,23,2,0
GTCATATTGGAG,0,4,0
TCGATTTTTTCC,32,0,0
CTCCAAACATCG,0,1,0
TTTGCCGGATCT,167,2,1
CGGTCTTTCCTA,74,0,0
GGGGGTTAATAG,0,0,0
ACATCCCAGTAG,11,1,0
ATTTAGTGATGG,0,2,0
RPS9A,174,compens,AATACAAAAGAGCGGACGTATACAACATGCCAAGTACGTCGTTAATCTTCTCCTTTTAAGGGGTTGAGAATATTTTTATTAAAAAATCATACTTGCTATGATTTTGAGGATCGGGTCCTCATAAATATTTTGAAGAGCCTTTGTTGAATTTTTTTCTTTTCGTTTTGTTCAATAATGGACGGTTCTTCATAGAATACTTTTTTGACCAGTGAAAACCTTTACACTGAACTCCCGACACTTCAGGTAAAGCGTACTGGTCTAATTCAACATTAGAAGAGGAACATTTCCCCAGT,2
AACGATTGCTTG,0,3,0
AACCAAGCTTTT,12,0,0
RPS9A,174,compens,AATACAAAAGAGCGGACGTATACAACATGCCAAGTACGTCGTTAATCTTCTCCTTTTAAGGGGTTGAGAATATTTTTATTAAAAAATCATACTTGCTATGATTTTGAGGATCGGGTCCTCATAAATATTTTGAAGAGCCTTTGTTGAATTTTTTTCTTTTCGTTTTGTTCAATAATGGACGGTTCTTCATAGAATACTTTTTTGCGCGTTGAAAACCTTTACACTGAACTCCCGACACTTCAGGTAAAGCGTAACGCGCTAATTCAACATTAGAAGAGGAACATTTCCCCAGT,3
CAGTTAAAGGTA,35,1,0
TTTAGTTGTCAT,5,0,1
ATCCCGCCGTGA,0,1,0
RPS9A,185,variant,AATACAAAAGAGCGGACGTATACAACATGCCAAGTACGTCGTTAATCTTCTCCTTTTAAGGGGTTGAGAATATTTTTATTAAAAAATCATACTTGCTATGATTTTGAGGATCGGGTCCTCATAAATATTTTGAAGAGCCTTTGTTGAATTTTTTTCTTTTCGTTTTGTTCAATAATGGACGGTTCTTCATAGAATACTTTTTTTTTCGGAGAAAACATGGTGACTGAACTCCCGACACTTCAGGTAAAGCGTTCCGAAGTAATTCAACATTAGAAGAGGAACATTTCCCCAGT,8
GTGGTATCCATG,166,0,2
TGGGATCGAAGT,0,3,0
CAGCTGGTAATT,0,2,0
AACCTGTCTCAT,21,0,0
ATTATTTACTCC,294,1,9
ATCGCGAGTCGT,46,0,1
CTTCGCCAAATG,32,1,1
TGTCATAGATTT,0,1,0
RPS9A,185,variant,AATACAAAAGAGCGGACGTATACAACATGCCAAGTACGTCGTTAATCTTCTCCTTTTAAGGGGTTGAGAATATTTTTATTAAAAAATCATACTTGCTATGATTTTGAGGATCGGGTCCTCATAAATATTTTGAAGAGCCTTTGTTGAATTTTTTTCTTTTCGTTTTGTTCAATAATGGACGGTTCTTCATAGAATACTTTTTTTTTCGGAGAAAACAATCATACTGAACTCCCGACACTTCAGGTAAAGCGTTCCGAAGTAATTCAACATTAGAAGAGGAACATTTCCCCAGT,0
RPS9A,185,variant,AATACAAAAGAGCGGACGTATACAACATGCCAAGTACGTCGTTAATCTTCTCCTTTTAAGGGGTTGAGAATATTTTTATTAAAAAATCATACTTGCTATGATTTTGAGGATCGGGTCCTCATAAATATTTTGAAGAGCCTTTGTTGAATTTTTTTCTTTTCGTTTTGTTCAATAATGGACGGTTCTTCATAGAATACTTTTTTTTTCGGAGAAAACAACAATACTGAACTCCCGACACTTCAGGTAAAGCGTTCCGAAGTAATTCAACATTAGAAGAGGAACATTTCCCCAGT,8
TGTTCAATCGAA,403,4,7
GACTGTTATGCA,9,2,0
TTGCACATAAGC,0,1,0
TTTCATCCGAGG,49,3,0
GATAGACTGGTT,29,0,0
AAGTTGAATGGA,0,1,0
GTGTGATGTTGT,0,1,0
GTGCGTAATCCG,1,1,0
RPS9A,185,variant,AATACAAAAGAGCGGACGTATACAACATGCCAAGTACGTCGTTAATCTTCTCCTTTTAAGGGGTTGAGAATATTTTTATTAAAAAATCATACTTGCTATGATTTTGAGGATCGGGTCCTCATAAATATTTTGAAGAGCCTTTGTTGAATTTTTTTCTTTTCGTTTTGTTCAATAATGGACGGTTCTTCATAGAATACTTTTTTTTTCGGAGAAAACAAATAGACTGAACTCCCGACACTTCAGGTAAAGCGTTCCGAAGTAATTCAACATTAGAAGAGGAACATTTCCCCAGT,4
CAGTTGTAAAAC,20,47,2
TAGGAATTACTA,7,0,0
TGTACGCCAAAT,7,46,0
GAAACAAATCAT,37,0,1
RPS9A,185,compens,AATACAAAAGAGCGGACGTATACAACATGCCAAGTACGTCGTTAATCTTCTCCTTTTAAGGGGTTGAGAATATTTTTATTAAAAAATCATACTTGCTATGATTTTGAGGATCGGGTCCTCATAAATATTTTGAAGAGCCTTTGTTGAATTTTTTTCTTTTCGTTTTGTTCAATAATGGACGGTTCTTCATAGAATACTTTTTTTTTCGGAGAAAACATGGTGACTGAACTCCCGACACTTCAGCACCATCGTTCCGAAGTAATTCAACATTAGAAGAGGAACATTTCCCCAGT,4
ATATGCCAAGTG,46,0,3
AAGTCTGTCAAT,16,4,0
TTTCGAAGTAGT,214,0,7
ATGCGAGTCTTG,0,1,0
RPS9A,185,compens,AATACAAAAGAGCGGACGTATACAACATGCCAAGTACGTCGTTAATCTTCTCCTTTTAAGGGGTTGAGAATATTTTTATTAAAAAATCATACTTGCTATGATTTTGAGGATCGGGTCCTCATAAATATTTTGAAGAGCCTTTGTTGAATTTTTTTCTTTTCGTTTTGTTCAATAATGGACGGTTCTTCATAGAATACTTTTTTTTTCGGAGAAAACAATCATACTGAACTCCCGACACTTCAGATGATTCGTTCCGAAGTAATTCAACATTAGAAGAGGAACATTTCCCCAGT,1
CACCTACATATC,0,2,0
RPS9A,185,compens,AATACAAAAGAGCGGACGTATACAACATGCCAAGTACGTCGTTAATCTTCTCCTTTTAAGGGGTTGAGAATATTTTTATTAAAAAATCATACTTGCTATGATTTTGAGGATCGGGTCCTCATAAATATTTTGAAGAGCCTTTGTTGAATTTTTTTCTTTTCGTTTTGTTCAATAATGGACGGTTCTTCATAGAATACTTTTTTTTTCGGAGAAAACAACAATACTGAACTCCCGACACTTCAGATTGTTCGTTCCGAAGTAATTCAACATTAGAAGAGGAACATTTCCCCAGT,0
RPS9A,185,compens,AATACAAAAGAGCGGACGTATACAACATGCCAAGTACGTCGTTAATCTTCTCCTTTTAAGGGGTTGAGAATATTTTTATTAAAAAATCATACTTGCTATGATTTTGAGGATCGGGTCCTCATAAATATTTTGAAGAGCCTTTGTTGAATTTTTTTCTTTTCGTTTTGTTCAATAATGGACGGTTCTTCATAGAATACTTTTTTTTTCGGAGAAAACAAATAGACTGAACTCCCGACACTTCAGCTATTTCGTTCCGAAGTAATTCAACATTAGAAGAGGAACATTTCCCCAGT,3
CTAAGTGCGGGT,54,0,3
GTTGGTCGTTTC,0,2,0
TGGGACTGCTTG,0,1,0
RPS9A,193,variant,AATACAAAAGAGCGGACGTATACAACATGCCAAGTACGTCGTTAATCTTCTCCTTTTAAGGGGTTGAGAATATTTTTATTAAAAAATCATACTTGCTATGATTTTGAGGATCGGGTCCTCATAAATATTTTGAAGAGCCTTTGTTGAATTTTTTTCTTTTCGTTTTGTTCAATAATGGACGGTTCTTCATAGAATACTTTTTTTTTCGGAGAAAACCTTTACATAGACCTCCCGACACTTCAGGTAAAGCGTTCCGAAGTAATTCAACATTAGAAGAGGAACATTTCCCCAGT,31
ACTTTGCGAACG,0,1,0
TAGTTTGGGCTT,521,3,5
TATTCCTAGGTA,13,3,0
TATTTACCATTT,312,4,4
CCTTCGGATCGG,97,2,2
GGACCTCTTATT,497,4,5
TGGTAATCGTCC,295,1,2
AAGGCGGCGCCT,117,14,0
ACTTCAACCTAT,120,0,1
ATTCGGCAATAG,239,4,0
CAGAAATTATTT,411,0,5
CGTCCCAAAAAG,203,2,2
GACTTCTTTTCA,168,192,2
ATGCTTTTAGTA,8,104,1
TTGTTGGTCTTT,235,2,2
TAGAGGTTAATT,201,2,0
TGAGTGTTTAAA,640,1,7
TCGGATGATAAG,0,2,0
AATTTTCTGACT,441,5,5
GAGGATGTGATT,135,1,4
CCTTGGGGCTTA,15,2,1
CCAGTTATATGT,323,3,3
GATCGCGGGTTA,0,0,0
AAGCTTGATTCA,38,0,1
CAGTGATTAACT,61,0,0
GCCATTGTTCGC,50,3,0
TAGAGTTTTGGC,0,3,0
CCACTAAGTACA,71,0,0
GTAGAGTATACC,2,0,0
CAGTGATTCAAC,156,1,2
GGTAGCATTATA,5,0,0
RPS9A,193,variant,AATACAAAAGAGCGGACGTATACAACATGCCAAGTACGTCGTTAATCTTCTCCTTTTAAGGGGTTGAGAATATTTTTATTAAAAAATCATACTTGCTATGATTTTGAGGATCGGGTCCTCATAAATATTTTGAAGAGCCTTTGTTGAATTTTTTTCTTTTCGTTTTGTTCAATAATGGACGGTTCTTCATAGAATACTTTTTTTTTCGGAGAAAACCTTTACAATTGGCTCCCGACACTTCAGGTAAAGCGTTCCGAAGTAATTCAACATTAGAAGAGGAACATTTCCCCAGT,21
CCTTCTTTCTTG,0,2,0
GAACTCACACGC,806,3,10
TTCGGCAGTCAT,156,1,1
CATTCTAAGGCT,60,0,1
TGTCAGCTCGTG,43,85,2
ACTAGACATTAT,0,0,0
ATATGCATATTT,190,3,4
TCTAATATCTAA,525,2,11
AACCCTCCATTG,389,6,8
ATTTCTACGCCG,6,0,0
CTTTAGAAATTC,374,1,5
CATAAGGTTTTC,1,1,0
TTAATCTACCTG,76,0,0
TCCTATTACTGT,79,0,1
TTGCTTCTTTGA,321,5,4
TTTGGTACTCAT,1,0,0
ACTTAAACATTA,59,7,0
GTTCTATTCGTG,113,1,1
GCATAATTAACA,58,1,0
AGGGGCTATTTT,12,0,0
ATTCTTTTAACT,5,0,0
RPS9A,193,variant,AATACAAAAGAGCGGACGTATACAACATGCCAAGTACGTCGTTAATCTTCTCCTTTTAAGGGGTTGAGAATATTTTTATTAAAAAATCATACTTGCTATGATTTTGAGGATCGGGTCCTCATAAATATTTTGAAGAGCCTTTGTTGAATTTTTTTCTTTTCGTTTTGTTCAATAATGGACGGTTCTTCATAGAATACTTTTTTTTTCGGAGAAAACCTTTACATTTGGCTCCCGACACTTCAGGTAAAGCGTTCCGAAGTAATTCAACATTAGAAGAGGAACATTTCCCCAGT,17
TTTCAACACTCT,193,0,6
CGTATAGGCAAA,0,2,0
CATAAGCTGTGT,237,2,1
TATTCAAATATT,135,191,1
TTCAAACGAGTG,182,0,3
AGTCCTTAATTT,441,4,6
ATTATATTATTG,319,8,5
CCCCCTTCTGGT,281,2,3
AGCCCCAGATCC,163,0,0
TGGGTTGTAAGA,1,0,1
CGCTGATATGTT,36,1,2
GTGGTCTTTGAT,63,0,1
GTGAGTTTATTA,355,2,1
CTAATTTGGTGA,35,1,1
CGTAGCTCAAAT,191,2,0
CGTAGTCGGTTC,7,0,0
TGTGGATTCTTC,44,1,1
RPS9A,193,variant,AATACAAAAGAGCGGACGTATACAACATGCCAAGTACGTCGTTAATCTTCTCCTTTTAAGGGGTTGAGAATATTTTTATTAAAAAATCATACTTGCTATGATTTTGAGGATCGGGTCCTCATAAATATTTTGAAGAGCCTTTGTTGAATTTTTTTCTTTTCGTTTTGTTCAATAATGGACGGTTCTTCATAGAATACTTTTTTTTTCGGAGAAAACCTTTACACATGGCTCCCGACACTTCAGGTAAAGCGTTCCGAAGTAATTCAACATTAGAAGAGGAACATTTCCCCAGT,30
AGTGATCAAAGG,16,2,0
CCCCCTGTTTCG,900,7,14
TTCCCCAAAACC,301,1,4
GATGGACGTTAA,410,2,15
GTGTTTACCTAG,437,7,4
TGAGTGGCTCTC,219,4,2
TGGTGCTGAATA,254,3,4
TGCTCACCCAAG,140,1,1
TCTACGCCCTAA,533,1,12
CGATAAGACTTT,89,0,3
CGCCTGAGCCCA,335,2,2
CGTCAGCCAAAT,472,3,5
ATGTTCCAGGGG,0,32,0
GCACAGTCCTTT,225,2,2
AAAAGTTCTCCG,216,3,2
CATGACGAGCGT,37,1,0
GTCGCGGGCAGA,12,1,0
TTGCTCAACGGT,403,2,6
GGGTTGCTCCAG,54,2,2
GGTCTAGAGTAC,18,0,0
AATATTATCCGC,185,4,1
GAAGGCATATAT,174,3,2
CCAGTTTTCATG,205,1,2
GAATCGTCCTCA,151,0,3
GGATTATGGTAG,6,0,0
TTCTTATAAGCG,159,2,2
GATCTGTGAAGT,9,0,0
GAATGAACCAGA,28,0,0
AGTGATCAATTT,2,0,0
TTGAGAGTACTT,26,0,1
RPS9A,193,compens,AATACAAAAGAGCGGACGTATACAACATGCCAAGTACGTCGTTAATCTTCTCCTTTTAAGGGGTTGAGAATATTTTTATTAAAAAATCATACTTGCTATGATTTTGAGGATCGGGTCCTCATAAATATTTTGAAGAGCCTTTGTTGAATTTTTTTCTTTTCGTTTTGTTCAATAATGGACGGTTCTTCATAGAATACTTTTTTTTTCGGAGAAAACCTTTACATAGACCTCCCGACACGTCTAGTAAAGCGTTCCGAAGTAATTCAACATTAGAAGAGGAACATTTCCCCAGT,11
GAGCTACGCGTT,301,5,2
AATAGCCCTACT,34,0,2
GGGAGTCTCGGC,166,0,4
CTTTCAAGCATG,133,5,3
CGGTCTTTTTTG,160,5,1
GTTAGCCCTGAC,77,4,2
AGATTTGGTGGC,0,3,0
CATTAGTACGAT,10,52,0
CTGATAGTTTTA,282,2,10
TTTGGGCCGTTC,0,1,0
ATAGGGTCACAA,3,3,0
RPS9A,193,compens,AATACAAAAGAGCGGACGTATACAACATGCCAAGTACGTCGTTAATCTTCTCCTTTTAAGGGGTTGAGAATATTTTTATTAAAAAATCATACTTGCTATGATTTTGAGGATCGGGTCCTCATAAATATTTTGAAGAGCCTTTGTTGAATTTTTTTCTTTTCGTTTTGTTCAATAATGGACGGTTCTTCATAGAATACTTTTTTTTTCGGAGAAAACCTTTACAATTGGCTCCCGACACCCAATGTAAAGCGTTCCGAAGTAATTCAACATTAGAAGAGGAACATTTCCCCAGT,8
AACGTAAGCTGG,4,6,0
TCGGGACATTCC,58,3,1
AAATTGTCTTGA,0,2,0
GGAGACTAACAG,0,43,0
ACGTAACTATAT,0,6,0
TGACCCTTACTG,10,0,0
TTAATGTGGATT,1,53,0
TCCTACTTACTT,5,214,0
RPS9A,193,compens,AATACAAAAGAGCGGACGTATACAACATGCCAAGTACGTCGTTAATCTTCTCCTTTTAAGGGGTTGAGAATATTTTTATTAAAAAATCATACTTGCTATGATTTTGAGGATCGGGTCCTCATAAATATTTTGAAGAGCCTTTGTTGAATTTTTTTCTTTTCGTTTTGTTCAATAATGGACGGTTCTTCATAGAATACTTTTTTTTTCGGAGAAAACCTTTACATTTGGCTCCCGACACCCAAAGTAAAGCGTTCCGAAGTAATTCAACATTAGAAGAGGAACATTTCCCCAGT,6
TAATGTATACTT,37,0,2
ATTAGCTTCAGT,0,2,0
GTTCATGTAAAA,0,1,0
GCATTTCCTCTT,0,2,0
ATATAGATATAT,0,2,0
CTTTTTCTTTCC,102,0,3
RPS9A,193,compens,AATACAAAAGAGCGGACGTATACAACATGCCAAGTACGTCGTTAATCTTCTCCTTTTAAGGGGTTGAGAATATTTTTATTAAAAAATCATACTTGCTATGATTTTGAGGATCGGGTCCTCATAAATATTTTGAAGAGCCTTTGTTGAATTTTTTTCTTTTCGTTTTGTTCAATAATGGACGGTTCTTCATAGAATACTTTTTTTTTCGGAGAAAACCTTTACACATGGCTCCCGACACCCATGGTAAAGCGTTCCGAAGTAATTCAACATTAGAAGAGGAACATTTCCCCAGT,5
GCACAACGGTGT,0,1,0
CCAGTTGGGCGG,2,0,0
GTATTGTTGGAT,77,2,0
GTTGAGATTGTT,1,114,1
TTAGTGAGTATA,0,1,0
RPS9A,185_193,variant,AATACAAAAGAGCGGACGTATACAACATGCCAAGTACGTCGTTAATCTTCTCCTTTTAAGGGGTTGAGAATATTTTTATTAAAAAATCATACTTGCTATGATTTTGAGGATCGGGTCCTCATAAATATTTTGAAGAGCCTTTGTTGAATTTTTTTCTTTTCGTTTTGTTCAATAATGGACGGTTCTTCATAGAATACTTTTTTTTTCGGAGAAAACATATGCACAAGTCTCCCGACACTTCAGGTAAAGCGTTCCGAAGTAATTCAACATTAGAAGAGGAACATTTCCCCAGT,10
GTCTTAGCTTTA,290,4,5
CCGGACCGAATA,669,2,14
GTCACCAAGATA,360,5,4
TGTGAGATCGTA,38,1,0
TGCACACCAGAG,149,1,1
CAGTAGAGACCG,47,2,1
GTTTGTCCAACC,379,1,8
GAGCTACTGTTT,25,1,0
TGCATTAAATCA,166,0,1
TAGTATTGTTGT,100,1,3
RPS9A,185_193,variant,AATACAAAAGAGCGGACGTATACAACATGCCAAGTACGTCGTTAATCTTCTCCTTTTAAGGGGTTGAGAATATTTTTATTAAAAAATCATACTTGCTATGATTTTGAGGATCGGGTCCTCATAAATATTTTGAAGAGCCTTTGTTGAATTTTTTTCTTTTCGTTTTGTTCAATAATGGACGGTTCTTCATAGAATACTTTTTTTTTCGGAGAAAACATAGATAGGGTGCTCCCGACACTTCAGGTAAAGCGTTCCGAAGTAATTCAACATTAGAAGAGGAACATTTCCCCAGT,19
TAACGGCCTCCA,43,1,0
CATTGTAGTGCT,113,1,1
TTAGGCTATATA,262,3,3
CGCTATAAATAG,145,1,4
CAATCGTACAAT,0,3,0
ATGGGATAGCTC,17,1,0
ATCGCGGAATTG,188,1,3
CACATGCCCGTG,121,1,4
TAATGCGTATAC,10,0,0
TTCTTGTTGAAA,11,1,0
GTGTCGTTTAAC,166,1,3
GCTACGCTGCGA,4,2,0
CGCGTCTCGTTT,94,1,2
GAAAAGTTCCCT,157,0,4
CCCCGCAATGTA,3,0,0
CTCATACGGTAT,168,1,1
TTGAGGGTCAAG,1,0,0
TAAGATATTACT,306,0,4
ATTCCTAGCGCT,134,1,4
RPS9A,185_193,variant,AATACAAAAGAGCGGACGTATACAACATGCCAAGTACGTCGTTAATCTTCTCCTTTTAAGGGGTTGAGAATATTTTTATTAAAAAATCATACTTGCTATGATTTTGAGGATCGGGTCCTCATAAATATTTTGAAGAGCCTTTGTTGAATTTTTTTCTTTTCGTTTTGTTCAATAATGGACGGTTCTTCATAGAATACTTTTTTTTTCGGAGAAAACTACAATATCGTCCTCCCGACACTTCAGGTAAAGCGTTCCGAAGTAATTCAACATTAGAAGAGGAACATTTCCCCAGT,13
TACATAAACTTT,2,0,0
TAGTGTATTGCC,303,1,9
CCATATATTCCC,97,2,2
TTCACTTCATAT,160,1,1
GTCAATCTCATA,0,1,0
TTTCTCCGTTGA,172,3,2
GCTTTTCTCGTT,89,0,3
AGGGGTTCCTTT,0,1,0
TATGATTTGTTT,20,1,0
CACGCGCTTTCT,2,1,0
GGATTGCATTTC,158,2,0
ATGTTCCAAGTT,0,1,0
GCTAAGTTATTC,283,0,2
RPS9A,185_193,variant,AATACAAAAGAGCGGACGTATACAACATGCCAAGTACGTCGTTAATCTTCTCCTTTTAAGGGGTTGAGAATATTTTTATTAAAAAATCATACTTGCTATGATTTTGAGGATCGGGTCCTCATAAATATTTTGAAGAGCCTTTGTTGAATTTTTTTCTTTTCGTTTTGTTCAATAATGGACGGTTCTTCATAGAATACTTTTTTTTTCGGAGAAAACACATTCAACTGTCTCCCGACACTTCAGGTAAAGCGTTCCGAAGTAATTCAACATTAGAAGAGGAACATTTCCCCAGT,13
TCGCCTTCTAAC,726,2,12
GCCCGCTATTAC,368,4,6
AAAATTTGGGGG,0,1,0
GGTGAAGAATTT,497,10,9
GATCCTGTCAAC,202,2,2
CAAATTCATTTT,334,5,5
CGAACTGCAGTT,42,0,1
ACAGCTGACCGT,63,1,1
TTGGTTTAAGAA,1,0,0
AAAGTACTTAAC,10,0,0
TTCTCTGCGTTG,165,1,3
ATTTGTTTTCGG,180,0,6
GTATTGCACTCG,58,0,1
RPS9A,185_193,compens,AATACAAAAGAGCGGACGTATACAACATGCCAAGTACGTCGTTAATCTTCTCCTTTTAAGGGGTTGAGAATATTTTTATTAAAAAATCATACTTGCTATGATTTTGAGGATCGGGTCCTCATAAATATTTTGAAGAGCCTTTGTTGAATTTTTTTCTTTTCGTTTTGTTCAATAATGGACGGTTCTTCATAGAATACTTTTTTTTTCGGAGAAAACATATGCACAAGTCTCCCGACACACTTGGCATATCGTTCCGAAGTAATTCAACATTAGAAGAGGAACATTTCCCCAGT,19
CCTAGACTGGTG,361,3,4
ACATTCCAACTC,286,2,3
TTGCCTATTATC,243,1,6
GCCACTCCACAG,128,1,3
GGCGGTCGCGGA,44,1,0
GCACGTACTCCT,6,1,0
GACAGGTCAGGG,6,0,0
ATCTTATCTGGC,43,2,0
GTAATGCTGCCT,47,1,0
TGTGGTGTATTG,28,0,0
GTCCTGATATCA,127,1,3
AGCAGATAGGTT,1,0,0
GAGTCACTAAGT,148,2,6
CTATGCAAATAT,175,1,0
GGGAGCCTTTTG,0,48,0
GAGCGGGTGGTA,6,0,0
CTTTTCTGCGTA,29,0,0
TCAGGCTCCTAG,4,0,0
GAGATTTTTTAT,0,0,1
RPS9A,185_193,compens,AATACAAAAGAGCGGACGTATACAACATGCCAAGTACGTCGTTAATCTTCTCCTTTTAAGGGGTTGAGAATATTTTTATTAAAAAATCATACTTGCTATGATTTTGAGGATCGGGTCCTCATAAATATTTTGAAGAGCCTTTGTTGAATTTTTTTCTTTTCGTTTTGTTCAATAATGGACGGTTCTTCATAGAATACTTTTTTTTTCGGAGAAAACATAGATAGGGTGCTCCCGACACCACCCATCTATCGTTCCGAAGTAATTCAACATTAGAAGAGGAACATTTCCCCAGT,4
GCTGTATTTTAC,112,4,1
TCTTTTGACAAC,0,1,0
CACTTTCCTACG,136,0,1
GAAGATTTTACG,13,1,0
RPS9A,185_193,compens,AATACAAAAGAGCGGACGTATACAACATGCCAAGTACGTCGTTAATCTTCTCCTTTTAAGGGGTTGAGAATATTTTTATTAAAAAATCATACTTGCTATGATTTTGAGGATCGGGTCCTCATAAATATTTTGAAGAGCCTTTGTTGAATTTTTTTCTTTTCGTTTTGTTCAATAATGGACGGTTCTTCATAGAATACTTTTTTTTTCGGAGAAAACTACAATATCGTCCTCCCGACACGACGAATTGTACGTTCCGAAGTAATTCAACATTAGAAGAGGAACATTTCCCCAGT,17
CGCGCTGAACAC,677,7,10
CGGGCCGTTCTA,27,2,0
CCAGCAGACTGT,335,2,4
AGTCCCCAATTC,213,1,2
TCACTGTACGTA,3,3,0
CATCTTCCCTGT,286,0,4
ATTTGACTCGTG,528,5,8
CCACCGTTTTTC,30,0,0
GAGATTCGTAGC,261,14,3
CAAGGTTGGATT,128,0,3
TCAAAGTAAATG,8,0,0
TTTAGATAAGTT,102,188,4
TCGTCGGTAATG,57,1,2
CGAGAGCCATCT,139,0,1
CGCAACGGTTGA,27,0,0
CTAGTACCTTGT,119,0,3
GGCGTCCTATGT,126,0,0
RPS9A,185_193,compens,AATACAAAAGAGCGGACGTATACAACATGCCAAGTACGTCGTTAATCTTCTCCTTTTAAGGGGTTGAGAATATTTTTATTAAAAAATCATACTTGCTATGATTTTGAGGATCGGGTCCTCATAAATATTTTGAAGAGCCTTTGTTGAATTTTTTTCTTTTCGTTTTGTTCAATAATGGACGGTTCTTCATAGAATACTTTTTTTTTCGGAGAAAACACATTCAACTGTCTCCCGACACACAGTGAATGTCGTTCCGAAGTAATTCAACATTAGAAGAGGAACATTTCCCCAGT,18
ACAAGACCATCG,254,1,10
ACCTAGCACTTT,317,4,10
TTACAACATCGG,32,0,0
ATTATACCAAAA,28,3,0
ATCTTAGTGATT,146,0,3
GAGTTAAGTCTA,1,0,0
ATCTGTAGTCTT,19,0,0
GACGAAATAATA,17,2,0
TCGTACTACACA,16,0,0
CTTCCCGACTTG,164,1,0
ATAACTTTCACC,219,2,5
GAGCTTTTTTAG,0,3,0
TGCGAGAGAGAA,113,2,1
GCTGCTGAGTTC,190,1,3
CCGTTTAAGCTT,340,2,6
TGTGGCTACTTA,0,175,0
AGCTCCTACTGT,1,4,1
AGTTGTCCTCGC,213,1,9
RPS9A,182_185_193,variant,AATACAAAAGAGCGGACGTATACAACATGCCAAGTACGTCGTTAATCTTCTCCTTTTAAGGGGTTGAGAATATTTTTATTAAAAAATCATACTTGCTATGATTTTGAGGATCGGGTCCTCATAAATATTTTGAAGAGCCTTTGTTGAATTTTTTTCTTTTCGTTTTGTTCAATAATGGACGGTTCTTCATAGAATACTTTTTTTTTCGGAGAAAACATCACTATAGTCCTCCCGACACTTCAGGTAAAGCGTTCCGAAGTAATTCAACATTAGAAGAGGAACATTTCCCCAGT,14
TTGCATGCACTT,72,2,1
CTAATCACACGG,140,0,1
TTCGCTTCAGTA,22,0,0
CTCTCGTATGCT,148,1,0
GTTATTGTTTCG,16,3,0
CGTTGCCGCAGG,238,2,1
TGGTCTAAAACA,211,0,7
TTTTATCAATCA,194,0,4
GTCATTGCAAGG,276,2,5
TCTTACGACGCT,209,1,3
CCCCGTCCTGAA,79,0,2
CTTCAACGTCTA,22,0,0
CTCATAATTGTG,134,0,1
AATTTTTATTTT,733,0,45
RPS9A,182_185_193,variant,AATACAAAAGAGCGGACGTATACAACATGCCAAGTACGTCGTTAATCTTCTCCTTTTAAGGGGTTGAGAATATTTTTATTAAAAAATCATACTTGCTATGATTTTGAGGATCGGGTCCTCATAAATATTTTGAAGAGCCTTTGTTGAATTTTTTTCTTTTCGTTTTGTTCAATAATGGACGGTTCTTCATAGAATACTTTTTTTTTCGGAGAAAACATTATGAGTCTGCTCCCGACACTTCAGGTAAAGCGTTCCGAAGTAATTCAACATTAGAAGAGGAACATTTCCCCAGT,14
ATTAGGCTATAT,269,2,3
GTAGCATATCCA,150,6,3
GAAGCATCTTTA,95,1,0
AAGACAGGAACG,79,4,0
TCAACATCTGAA,4,1,0
AGCTGCTAATGA,42,2,1
AGTTGACATTAA,467,3,8
GTATTGACGCTT,25,1,0
AGACTGAGTCAT,118,1,1
GCTCTTAAATGT,5,0,0
CAACTGGATGAA,4,0,0
TTAATCTTTTTA,69,3,7
TGAAACGCTTCG,175,2,0
CGTTTTTTTGTT,40,1,0
RPS9A,182_185_193,variant,AATACAAAAGAGCGGACGTATACAACATGCCAAGTACGTCGTTAATCTTCTCCTTTTAAGGGGTTGAGAATATTTTTATTAAAAAATCATACTTGCTATGATTTTGAGGATCGGGTCCTCATAAATATTTTGAAGAGCCTTTGTTGAATTTTTTTCTTTTCGTTTTGTTCAATAATGGACGGTTCTTCATAGAATACTTTTTTTTTCGGAGAAAATTAGCAGAGAGTACTCCCGACACTTCAGGTAAAGCGTTCCGAAGTAATTCAACATTAGAAGAGGAACATTTCCCCAGT,11
AGCTCCGGAGGC,1191,6,33
TGCATGCTCATC,82,0,2
GGATTTAAATTT,326,3,8
ACAACATATCCG,110,5,1
TGCTATGGTACC,0,0,0
AGTAGACTGTCC,9,0,0
TGTAAGTTTACA,172,0,3
TTAACATTGACT,5,2,0
TTCCTTTCTTCC,0,1,0
CCATTGTTCTAT,60,0,2
TAATATTATCGA,4,0,0
RPS9A,182_185_193,variant,AATACAAAAGAGCGGACGTATACAACATGCCAAGTACGTCGTTAATCTTCTCCTTTTAAGGGGTTGAGAATATTTTTATTAAAAAATCATACTTGCTATGATTTTGAGGATCGGGTCCTCATAAATATTTTGAAGAGCCTTTGTTGAATTTTTTTCTTTTCGTTTTGTTCAATAATGGACGGTTCTTCATAGAATACTTTTTTTTTCGGAGAAATATAACGGAGGACACTCCCGACACTTCAGGTAAAGCGTTCCGAAGTAATTCAACATTAGAAGAGGAACATTTCCCCAGT,8
TAACTCTATACG,328,1,4
TTGTCATGCCAT,165,0,2
TCACTGTCGTAC,191,0,3
AATAAACCCCTA,279,0,8
CGATGCCAATAA,5,0,0
ATTCGATGACTA,297,3,3
GTGGTTTGACCC,1,1,1
ATTGTGTTTTTC,225,3,2
RPS9A,182_185_193,variant,AATACAAAAGAGCGGACGTATACAACATGCCAAGTACGTCGTTAATCTTCTCCTTTTAAGGGGTTGAGAATATTTTTATTAAAAAATCATACTTGCTATGATTTTGAGGATCGGGTCCTCATAAATATTTTGAAGAGCCTTTGTTGAATTTTTTTCTTTTCGTTTTGTTCAATAATGGACGGTTCTTCATAGAATACTTTTTTTTTCGGAGAAAATCTACACACTGTACTCCCGACACTTCAGGTAAAGCGTTCCGAAGTAATTCAACATTAGAAGAGGAACATTTCCCCAGT,6
GGTCAGGTTCGC,160,1,4
CCGACGCTAGAT,82,1,0
TTCCACGAATCA,121,0,3
ATACAGAGACAC,0,3,0
GTAAATTTTCAC,29,0,0
TATTCTGGGATT,0,10,0
RPS9A,182_185_193,variant,AATACAAAAGAGCGGACGTATACAACATGCCAAGTACGTCGTTAATCTTCTCCTTTTAAGGGGTTGAGAATATTTTTATTAAAAAATCATACTTGCTATGATTTTGAGGATCGGGTCCTCATAAATATTTTGAAGAGCCTTTGTTGAATTTTTTTCTTTTCGTTTTGTTCAATAATGGACGGTTCTTCATAGAATACTTTTTTTTTCGGAGAAAATCTATACACTGCACTCCCGACACTTCAGGTAAAGCGTTCCGAAGTAATTCAACATTAGAAGAGGAACATTTCCCCAGT,5
AAGCGTGAGGCT,2,0,0
CCTCTAATGACA,123,0,2
CTCGTTGCTTGA,183,1,6
CCAATGTGATTT,28,0,0
CGTGGTCTCTCT,5,2,0
RPS9A,182_185_193,variant,AATACAAAAGAGCGGACGTATACAACATGCCAAGTACGTCGTTAATCTTCTCCTTTTAAGGGGTTGAGAATATTTTTATTAAAAAATCATACTTGCTATGATTTTGAGGATCGGGTCCTCATAAATATTTTGAAGAGCCTTTGTTGAATTTTTTTCTTTTCGTTTTGTTCAATAATGGACGGTTCTTCATAGAATACTTTTTTTTTCGGAGAAAAAATTTACACCGTCCTCCCGACACTTCAGGTAAAGCGTTCCGAAGTAATTCAACATTAGAAGAGGAACATTTCCCCAGT,10
CGTTCATATTTA,202,4,2
GTCCTATGTGCA,371,2,13
GATGGACTATTG,226,1,4
ACGTCCTATCTG,35,1,0
GATAGTCATGAC,115,19,4
CAGTATGTTGTT,0,1,0
ACATTGTGTCGT,43,6,0
CTGGTCTCGGGA,128,6,2
CTCCATATGGGT,1,0,0
CACTAGTTCAGT,159,0,0
RPS9A,182_185_193,variant,AATACAAAAGAGCGGACGTATACAACATGCCAAGTACGTCGTTAATCTTCTCCTTTTAAGGGGTTGAGAATATTTTTATTAAAAAATCATACTTGCTATGATTTTGAGGATCGGGTCCTCATAAATATTTTGAAGAGCCTTTGTTGAATTTTTTTCTTTTCGTTTTGTTCAATAATGGACGGTTCTTCATAGAATACTTTTTTTTTCGGAGAAAACCAAAGCACTGCACTCCCGACACTTCAGGTAAAGCGTTCCGAAGTAATTCAACATTAGAAGAGGAACATTTCCCCAGT,9
AGTGTTAGCTTT,236,6,1
TTGTGTGCGTTT,33,0,0
GTGAGACATGGA,91,1,0
TATAAAGTTCGC,78,2,0
ATTAATGGTCTT,0,1,0
TATTTGCGTGCT,2,3,0
CCGGTCTTTGAC,35,0,0
CTTCTGTTAGAC,20,1,1
TGGTGTTTCACC,24,0,0
RPS9A,182_185_193,compens,AATACAAAAGAGCGGACGTATACAACATGCCAAGTACGTCGTTAATCTTCTCCTTTTAAGGGGTTGAGAATATTTTTATTAAAAAATCATACTTGCTATGATTTTGAGGATCGGGTCCTCATAAATATTTTGAAGAGCCTTTGTTGAATTTTTTTCTTTTCGTTTTGTTCAATAATGGACGGTTCTTCATAGAATACTTTTTTTTTCGGAGAAAACATCACTATAGTCCTCCCGACACGACTAAGTGATCGTTCCGAAGTAATTCAACATTAGAAGAGGAACATTTCCCCAGT,14
CGGATTCATACT,731,1,17
TCTTTTTGTTGA,644,1,11
TCCTTATATGTC,129,0,4
TAAACTGTATAA,539,3,11
TAGGTATCAAAC,67,0,0
CACACCATCCGT,24,0,0
CCGTTATCCTAG,72,0,0
CAATTTAAATTG,256,1,3
ATTGTAGGGGTC,174,0,6
TAAGGTCAGTTC,10,0,0
GCAATTTGTTCG,14,0,0
GCGCGCTCTGGA,122,5,0
TATAGTTTCATA,44,0,1
ATATGACCCTGC,113,1,2
RPS9A,182_185_193,compens,AATACAAAAGAGCGGACGTATACAACATGCCAAGTACGTCGTTAATCTTCTCCTTTTAAGGGGTTGAGAATATTTTTATTAAAAAATCATACTTGCTATGATTTTGAGGATCGGGTCCTCATAAATATTTTGAAGAGCCTTTGTTGAATTTTTTTCTTTTCGTTTTGTTCAATAATGGACGGTTCTTCATAGAATACTTTTTTTTTCGGAGAAAACATTATGAGTCTGCTCCCGACACCAGACCATAATCGTTCCGAAGTAATTCAACATTAGAAGAGGAACATTTCCCCAGT,3
CTGTTGGACCGA,58,0,0
ACCTTGTTATTT,1,0,0
CGAGCGTCTTGT,0,2,0
RPS9A,182_185_193,compens,AATACAAAAGAGCGGACGTATACAACATGCCAAGTACGTCGTTAATCTTCTCCTTTTAAGGGGTTGAGAATATTTTTATTAAAAAATCATACTTGCTATGATTTTGAGGATCGGGTCCTCATAAATATTTTGAAGAGCCTTTGTTGAATTTTTTTCTTTTCGTTTTGTTCAATAATGGACGGTTCTTCATAGAATACTTTTTTTTTCGGAGAAAATTAGCAGAGAGTACTCCCGACACTACTCCTGCTACATTCCGAAGTAATTCAACATTAGAAGAGGAACATTTCCCCAGT,4
TAATAGGGGAGA,70,0,0
ACTACACCCTTG,3,0,0
CCCGTTAAGTAA,0,2,0
TTCTTGTTTCTC,0,0,0
RPS9A,182_185_193,compens,AATACAAAAGAGCGGACGTATACAACATGCCAAGTACGTCGTTAATCTTCTCCTTTTAAGGGGTTGAGAATATTTTTATTAAAAAATCATACTTGCTATGATTTTGAGGATCGGGTCCTCATAAATATTTTGAAGAGCCTTTGTTGAATTTTTTTCTTTTCGTTTTGTTCAATAATGGACGGTTCTTCATAGAATACTTTTTTTTTCGGAGAAATATAACGGAGGACACTCCCGACACTGTCCCCGTTACTATCCGAAGTAATTCAACATTAGAAGAGGAACATTTCCCCAGT,1
GCACAGCCTTCT,0,1,0
RPS9A,182_185_193,compens,AATACAAAAGAGCGGACGTATACAACATGCCAAGTACGTCGTTAATCTTCTCCTTTTAAGGGGTTGAGAATATTTTTATTAAAAAATCATACTTGCTATGATTTTGAGGATCGGGTCCTCATAAATATTTTGAAGAGCCTTTGTTGAATTTTTTTCTTTTCGTTTTGTTCAATAATGGACGGTTCTTCATAGAATACTTTTTTTTTCGGAGAAAATCTACACACTGTACTCCCGACACTACAGGTGTAGCATTCCGAAGTAATTCAACATTAGAAGAGGAACATTTCCCCAGT,6
GTAGCATGCTTC,41,1,0
AGTGTCACTTCC,40,1,1
TGACTTACCCCT,2,0,0
GACAAACAAATG,0,4,0
TTAAGTGCATCT,0,0,0
GTATATAAGCAA,0,4,0
RPS9A,182_185_193,compens,AATACAAAAGAGCGGACGTATACAACATGCCAAGTACGTCGTTAATCTTCTCCTTTTAAGGGGTTGAGAATATTTTTATTAAAAAATCATACTTGCTATGATTTTGAGGATCGGGTCCTCATAAATATTTTGAAGAGCCTTTGTTGAATTTTTTTCTTTTCGTTTTGTTCAATAATGGACGGTTCTTCATAGAATACTTTTTTTTTCGGAGAAAATCTATACACTGCACTCCCGACACTGCAGGTATAGCATTCCGAAGTAATTCAACATTAGAAGAGGAACATTTCCCCAGT,2
GTAACCAAGTAA,2,0,0
AAGTCTTGCAAT,60,0,0
RPS9A,182_185_193,compens,AATACAAAAGAGCGGACGTATACAACATGCCAAGTACGTCGTTAATCTTCTCCTTTTAAGGGGTTGAGAATATTTTTATTAAAAAATCATACTTGCTATGATTTTGAGGATCGGGTCCTCATAAATATTTTGAAGAGCCTTTGTTGAATTTTTTTCTTTTCGTTTTGTTCAATAATGGACGGTTCTTCATAGAATACTTTTTTTTTCGGAGAAAAAATTTACACCGTCCTCCCGACACGACGGGTAAATCTTTCCGAAGTAATTCAACATTAGAAGAGGAACATTTCCCCAGT,7
AAGGCGCTTTGA,444,1,3
TATACTGCATTG,355,3,5
AGTATTTGATAT,224,104,1
GTAACTTTTGTA,85,1,2
ACTCAAGAATCA,163,2,2
ATATTAAGAGAA,26,0,0
AAGTATTACGAA,3,0,0
RPS9A,182_185_193,compens,AATACAAAAGAGCGGACGTATACAACATGCCAAGTACGTCGTTAATCTTCTCCTTTTAAGGGGTTGAGAATATTTTTATTAAAAAATCATACTTGCTATGATTTTGAGGATCGGGTCCTCATAAATATTTTGAAGAGCCTTTGTTGAATTTTTTTCTTTTCGTTTTGTTCAATAATGGACGGTTCTTCATAGAATACTTTTTTTTTCGGAGAAAACCAAAGCACTGCACTCCCGACACTGCAGGCTTTGCGTTCCGAAGTAATTCAACATTAGAAGAGGAACATTTCCCCAGT,0
RPS9A,174_182_185_193,variant,AATACAAAAGAGCGGACGTATACAACATGCCAAGTACGTCGTTAATCTTCTCCTTTTAAGGGGTTGAGAATATTTTTATTAAAAAATCATACTTGCTATGATTTTGAGGATCGGGTCCTCATAAATATTTTGAAGAGCCTTTGTTGAATTTTTTTCTTTTCGTTTTGTTCAATAATGGACGGTTCTTCATAGAATACTTTTTTAAGTAACGAAAATCCTCACACCCCGCTCCCGACACTTCAGGTAAAGCGTTCCGAAGTAATTCAACATTAGAAGAGGAACATTTCCCCAGT,15
AGTCGTTGAGCT,52,0,5
ACGTTGTGATAA,89,1,0
TCTAGGATCAAA,35,1,0
TGTACCGTTCAC,210,1,6
ATGACCCTGTTA,0,1,0
TATGTTAATTGA,238,1,4
TACTAGAGGAAA,70,2,0
GTGTGCCGAATT,44,0,0
TACGGTCTTAGT,229,2,2
CCTCGTAAACAT,96,1,1
TCAGTCGCCCGT,117,4,1
AGTTGTGAAATT,76,0,3
CAAGTGGATGCA,55,0,0
TGCTATGATTTT,0,1,0
GCATATTCCTCT,0,1,0
RPS9A,174_182_185_193,variant,AATACAAAAGAGCGGACGTATACAACATGCCAAGTACGTCGTTAATCTTCTCCTTTTAAGGGGTTGAGAATATTTTTATTAAAAAATCATACTTGCTATGATTTTGAGGATCGGGTCCTCATAAATATTTTGAAGAGCCTTTGTTGAATTTTTTTCTTTTCGTTTTGTTCAATAATGGACGGTTCTTCATAGAATACTTTTTTGCACGCCGAAAATATAGCCACCCGCCTCCCGACACTTCAGGTAAAGCGTTCCGAAGTAATTCAACATTAGAAGAGGAACATTTCCCCAGT,14
CCCGCGAAACTT,136,0,5
TTCCCCATACTT,21,2,0
GGAGTAGGGTAG,267,1,7
AAGTTGTTGGAC,41,0,0
GTAATAACCAAA,161,1,3
CTTTGAGAATAT,18,0,1
GTTATCATATAA,11,0,0
CCGGTTAGTTAC,81,0,0
TTTCACAGTAAG,50,2,1
CTTGTCAACTTT,0,2,0
GAAGGTCCACGT,13,0,0
GGTCGGGATTTC,64,1,0
GTATTTCGCTGT,1,0,0
AGCACCTTTCTT,246,1,5
RPS9A,174_182_185_193,variant,AATACAAAAGAGCGGACGTATACAACATGCCAAGTACGTCGTTAATCTTCTCCTTTTAAGGGGTTGAGAATATTTTTATTAAAAAATCATACTTGCTATGATTTTGAGGATCGGGTCCTCATAAATATTTTGAAGAGCCTTTGTTGAATTTTTTTCTTTTCGTTTTGTTCAATAATGGACGGTTCTTCATAGAATACTTTTTTTTCCTGAGAAATAATGTTAAACCCGCTCCCGACACTTCAGGTAAAGCGTTCCGAAGTAATTCAACATTAGAAGAGGAACATTTCCCCAGT,10
GACAAGTTGGGC,165,3,3
CAAGAGTTTTTT,110,1,0
CAGTGCACAGCT,17,1,0
CCTCTTTCTGGG,288,2,2
TTGACACCATTG,36,2,0
AGCAGATGAACT,73,1,2
GTAAGTCGTTCA,60,1,2
CACTGTATTTGC,8,0,1
CTTTTATTACTT,134,0,3
TCTGTTTTAAAA,1,0,0
RPS9A,174_182_185_193,variant,AATACAAAAGAGCGGACGTATACAACATGCCAAGTACGTCGTTAATCTTCTCCTTTTAAGGGGTTGAGAATATTTTTATTAAAAAATCATACTTGCTATGATTTTGAGGATCGGGTCCTCATAAATATTTTGAAGAGCCTTTGTTGAATTTTTTTCTTTTCGTTTTGTTCAATAATGGACGGTTCTTCATAGAATACTTTTTTCCAGCAAGAAAACCCTCTAAAGCCGCTCCCGACACTTCAGGTAAAGCGTTCCGAAGTAATTCAACATTAGAAGAGGAACATTTCCCCAGT,17
CGGCTACGATTC,434,1,10
ATTACTGTTTCG,397,2,6
GTGACGGGTTCA,0,3,0
ACTCTCGAATGG,0,1,0
GAGACCAGTATT,172,1,5
GGGCTGAGATAC,51,0,3
GTTTTGTACAGT,43,0,0
ATGATTAAAATA,5,1,0
TGCGGTAACCTT,7,1,0
GAAGCCAGAGTT,217,0,4
TATACTTAAACG,32,191,0
CCCCTGATAGTG,6,0,0
CTCCGATCACTG,47,0,1
TTTATCTCATAA,77,1,1
AATACATTTATC,97,1,3
TAATTGTTAATT,23,2,0
CTTGGTAGTTTA,0,1,0
RPS9A,174_182_185_193,variant,AATACAAAAGAGCGGACGTATACAACATGCCAAGTACGTCGTTAATCTTCTCCTTTTAAGGGGTTGAGAATATTTTTATTAAAAAATCATACTTGCTATGATTTTGAGGATCGGGTCCTCATAAATATTTTGAAGAGCCTTTGTTGAATTTTTTTCTTTTCGTTTTGTTCAATAATGGACGGTTCTTCATAGAATACTTTTTTTTTCCTAGAAAACCCATACACCCAGCTCCCGACACTTCAGGTAAAGCGTTCCGAAGTAATTCAACATTAGAAGAGGAACATTTCCCCAGT,16
CGTCCCGGTATG,0,1,0
AGCCGACCATTC,4,0,0
TAAGAATCCTAA,212,3,1
TGAATTACTACT,4,3,0
AGGTACCTGTCA,0,5,0
ACTCGTTTGTAG,1,11,0
TGTATGGTCACT,38,341,0
GTTGCCTTATAT,81,0,0
TAGGCGCCAGCC,9,0,1
ACTTGCCCCTTA,142,0,4
AAGGTCTATACT,301,1,6
GTCGCATAAGTC,255,0,7
AGGGTTTATTTG,186,2,4
TCCGATCACCCT,28,0,0
GCTGATACATCT,185,0,1
AGCTTTCAAAAA,1,0,0
RPS9A,174_182_185_193,variant,AATACAAAAGAGCGGACGTATACAACATGCCAAGTACGTCGTTAATCTTCTCCTTTTAAGGGGTTGAGAATATTTTTATTAAAAAATCATACTTGCTATGATTTTGAGGATCGGGTCCTCATAAATATTTTGAAGAGCCTTTGTTGAATTTTTTTCTTTTCGTTTTGTTCAATAATGGACGGTTCTTCATAGAATACTTTTTTTTTATGAGAAAGCCTATATACCGCACTCCCGACACTTCAGGTAAAGCGTTCCGAAGTAATTCAACATTAGAAGAGGAACATTTCCCCAGT,13
CTAGTTATCTAC,413,1,8
GCTCAATTTATT,190,1,1
CGAATAACATTG,0,1,0
GTGTGTCGGATA,402,1,17
TTCGTCAAAGAC,462,3,5
ACGATAGATGTT,0,3,0
TTACAGTATGTA,0,2,0
GGTATTTACGAT,22,0,1
TTAGACTTTCGG,68,1,1
TCTTTCGCAATA,163,2,5
TTTGCTTAGTCT,4,0,0
AGCCGAGGGGGA,3,0,0
TATTATTTTTTC,4,0,0
RPS9A,174_182_185_193,variant,AATACAAAAGAGCGGACGTATACAACATGCCAAGTACGTCGTTAATCTTCTCCTTTTAAGGGGTTGAGAATATTTTTATTAAAAAATCATACTTGCTATGATTTTGAGGATCGGGTCCTCATAAATATTTTGAAGAGCCTTTGTTGAATTTTTTTCTTTTCGTTTTGTTCAATAATGGACGGTTCTTCATAGAATACTTTTTTATTGCTAGAAAAAGTTTACACCGCACTCCCGACACTTCAGGTAAAGCGTTCCGAAGTAATTCAACATTAGAAGAGGAACATTTCCCCAGT,11
ACTGTTATATGG,169,2,1
TACACTCTTCCA,3,0,0
TGACGGAGATGA,1,0,0
GCTGTATGCTAT,56,3,0
ACTCTCGTTCAA,5,0,0
TCAGTCACGTCT,116,1,2
AGGTCTGTCTAA,0,1,0
GACATCGTTGCT,93,7,0
CTTTAGATAATT,158,0,3
TAGCGTTTGAGG,0,2,0
GCCTATAATTTA,2,1,0
RPS9A,174_182_185_193,variant,AATACAAAAGAGCGGACGTATACAACATGCCAAGTACGTCGTTAATCTTCTCCTTTTAAGGGGTTGAGAATATTTTTATTAAAAAATCATACTTGCTATGATTTTGAGGATCGGGTCCTCATAAATATTTTGAAGAGCCTTTGTTGAATTTTTTTCTTTTCGTTTTGTTCAATAATGGACGGTTCTTCATAGAATACTTTTTTGTTTGGCGAAAATATGTACACGCAACTCCCGACACTTCAGGTAAAGCGTTCCGAAGTAATTCAACATTAGAAGAGGAACATTTCCCCAGT,11
GTCTATCGGTTT,206,3,2
CCCCTACCAAAA,198,1,1
TGAGCTTGCCTC,209,1,3
CCCATCTTCGGT,0,1,0
GTTTGAGTTGAA,110,2,2
GCAAGATGTTGC,296,1,5
CACAACTCTGTT,85,0,0
AAGTGGTATTGG,176,3,3
AAAGCCTCGCTT,8,0,0
TACCGCGCTAGG,73,0,1
AATCTAGATTAT,119,2,3
RPS9A,174_182_185_193,compens,AATACAAAAGAGCGGACGTATACAACATGCCAAGTACGTCGTTAATCTTCTCCTTTTAAGGGGTTGAGAATATTTTTATTAAAAAATCATACTTGCTATGATTTTGAGGATCGGGTCCTCATAAATATTTTGAAGAGCCTTTGTTGAATTTTTTTCTTTTCGTTTTGTTCAATAATGGACGGTTCTTCATAGAATACTTTTTTAAGTAACGAAAATCCTCACACCCCGCTCCCGACACCGGGGGTGAGGCATGTTACTTTAATTCAACATTAGAAGAGGAACATTTCCCCAGT,3
TGCTGCGCTGAG,383,3,4
GTTGTGCCCCTA,19,6,0
ATTCGTGTTGTC,13,1,0
RPS9A,174_182_185_193,compens,AATACAAAAGAGCGGACGTATACAACATGCCAAGTACGTCGTTAATCTTCTCCTTTTAAGGGGTTGAGAATATTTTTATTAAAAAATCATACTTGCTATGATTTTGAGGATCGGGTCCTCATAAATATTTTGAAGAGCCTTTGTTGAATTTTTTTCTTTTCGTTTTGTTCAATAATGGACGGTTCTTCATAGAATACTTTTTTGCACGCCGAAAATATAGCCACCCGCCTCCCGACACGCGGGGGCTATCATGGCGTGCTAATTCAACATTAGAAGAGGAACATTTCCCCAGT,8
TGGTTGAATATT,284,2,4
CTTGGCCACCTT,113,1,2
CGCCTATACAGC,96,1,0
GCGTGGCGCGAA,10,0,0
ATTTAGATTTGT,31,0,0
GTTGACCGGTTC,237,2,8
CTATTTCGGAAG,221,0,2
ATTATTACTCCA,128,0,1
RPS9A,174_182_185_193,compens,AATACAAAAGAGCGGACGTATACAACATGCCAAGTACGTCGTTAATCTTCTCCTTTTAAGGGGTTGAGAATATTTTTATTAAAAAATCATACTTGCTATGATTTTGAGGATCGGGTCCTCATAAATATTTTGAAGAGCCTTTGTTGAATTTTTTTCTTTTCGTTTTGTTCAATAATGGACGGTTCTTCATAGAATACTTTTTTTTCCTGAGAAATAATGTTAAACCCGCTCCCGACACCGGGTTAACATCTATCAGGAATAATTCAACATTAGAAGAGGAACATTTCCCCAGT,4
CGGCGGTACCGG,0,2,0
ATTCGATGCTTT,75,1,0
GTTTTAATGTTT,42,0,1
ACCGCTTCATTC,0,1,0
RPS9A,174_182_185_193,compens,AATACAAAAGAGCGGACGTATACAACATGCCAAGTACGTCGTTAATCTTCTCCTTTTAAGGGGTTGAGAATATTTTTATTAAAAAATCATACTTGCTATGATTTTGAGGATCGGGTCCTCATAAATATTTTGAAGAGCCTTTGTTGAATTTTTTTCTTTTCGTTTTGTTCAATAATGGACGGTTCTTCATAGAATACTTTTTTCCAGCAAGAAAACCCTCTAAAGCCGCTCCCGACACCGGCTTAGAGGCGTTTGCTGGTAATTCAACATTAGAAGAGGAACATTTCCCCAGT,3
CTCCCCGTGCAT,0,1,0
CCACGCCGATAA,0,2,0
TCTTTCTAATTT,222,0,1
RPS9A,174_182_185_193,compens,AATACAAAAGAGCGGACGTATACAACATGCCAAGTACGTCGTTAATCTTCTCCTTTTAAGGGGTTGAGAATATTTTTATTAAAAAATCATACTTGCTATGATTTTGAGGATCGGGTCCTCATAAATATTTTGAAGAGCCTTTGTTGAATTTTTTTCTTTTCGTTTTGTTCAATAATGGACGGTTCTTCATAGAATACTTTTTTTTTCCTAGAAAACCCATACACCCAGCTCCCGACACCTGGGGTATGGCGTTAGGAAATAATTCAACATTAGAAGAGGAACATTTCCCCAGT,4
GCATACAGCATA,0,1,0
GTGCTTTAGATG,0,1,0
TACGCCTTTTTT,0,1,0
ACGTCCTGAATG,0,2,0
RPS9A,174_182_185_193,compens,AATACAAAAGAGCGGACGTATACAACATGCCAAGTACGTCGTTAATCTTCTCCTTTTAAGGGGTTGAGAATATTTTTATTAAAAAATCATACTTGCTATGATTTTGAGGATCGGGTCCTCATAAATATTTTGAAGAGCCTTTGTTGAATTTTTTTCTTTTCGTTTTGTTCAATAATGGACGGTTCTTCATAGAATACTTTTTTTTTATGAGAAAGCCTATATACCGCACTCCCGACACTGCGGATATAGCGCTCATAAGTAATTCAACATTAGAAGAGGAACATTTCCCCAGT,8
GGTTGTCTACAC,1,0,0
GTTAAGGAAAGT,49,0,1
ATTTTGGCGGCT,0,2,0
GCCTCTTTATCC,28,0,0
TAGATATTTCGG,197,0,4
GGTGTCCTCCCT,6,0,0
TTGTTGTGCAAT,180,1,4
ATAAGGCCCACT,4,1,0
RPS9A,174_182_185_193,compens,AATACAAAAGAGCGGACGTATACAACATGCCAAGTACGTCGTTAATCTTCTCCTTTTAAGGGGTTGAGAATATTTTTATTAAAAAATCATACTTGCTATGATTTTGAGGATCGGGTCCTCATAAATATTTTGAAGAGCCTTTGTTGAATTTTTTTCTTTTCGTTTTGTTCAATAATGGACGGTTCTTCATAGAATACTTTTTTATTGCTAGAAAAAGTTTACACCGCACTCCCGACACTGCGGGTAAACCTTTAGCAATTAATTCAACATTAGAAGAGGAACATTTCCCCAGT,2
GTTTAGTCTGCT,0,1,0
AGCCTAGAAGGG,3,0,0
RPS9A,174_182_185_193,compens,AATACAAAAGAGCGGACGTATACAACATGCCAAGTACGTCGTTAATCTTCTCCTTTTAAGGGGTTGAGAATATTTTTATTAAAAAATCATACTTGCTATGATTTTGAGGATCGGGTCCTCATAAATATTTTGAAGAGCCTTTGTTGAATTTTTTTCTTTTCGTTTTGTTCAATAATGGACGGTTCTTCATAGAATACTTTTTTGTTTGGCGAAAATATGTACACGCAACTCCCGACACTTGCGGTACATCATGCCAAACTAATTCAACATTAGAAGAGGAACATTTCCCCAGT,10
GTGTGTAGCCGC,1,5,0
CATTAAGTGGCT,252,2,3
GCGTTACGCGTC,0,1,0
ATCTAACAGTAT,100,0,5
AGCCTGTGTGTT,45,2,0
GATTAGGTGGGC,35,1,0
TTATCGTTATTT,27,0,1
ATTGCTTGTCCT,7,0,12
CTATTCATGAGG,5,0,0
ATCTGCCAAAGT,13,0,0
RPS9A,235,variant,AATACAAAAGAGCGGACGTATACAACATGCCAAGTACGTCGTTAATCTTCTCCTTTTAAGGGGTTGAGAATATTTTTATTAAAAAATCATACTTGCTATGATTTTGAGGATCGGGTCCTCATAAATATTTTGAAGAGCCTTTGTTGAATTTTTTTCTTTTCGTTTTGTTCAATAATGGACGGTTCTTCATAGAATACTTTTTTTTTCGGAGAAAACCTTTACACTGAACTCCCGACACTTCAGGTAAAGCGTTCCGAAGTAACCATGTCTTAGAAGAGGAACATTTCCCCAGT,1
GGGGCTAACATT,0,1,0
RPS9A,235,variant,AATACAAAAGAGCGGACGTATACAACATGCCAAGTACGTCGTTAATCTTCTCCTTTTAAGGGGTTGAGAATATTTTTATTAAAAAATCATACTTGCTATGATTTTGAGGATCGGGTCCTCATAAATATTTTGAAGAGCCTTTGTTGAATTTTTTTCTTTTCGTTTTGTTCAATAATGGACGGTTCTTCATAGAATACTTTTTTTTTCGGAGAAAACCTTTACACTGAACTCCCGACACTTCAGGTAAAGCGTTCCGAAGTAACAAATTCTTAGAAGAGGAACATTTCCCCAGT,5
CATGGGGTGGGC,37,2,0
CTGCGGCTCTAG,0,2,0
CAGGAGGCTGCT,0,1,0
AGCGCATTTTTT,0,1,0
CCTTATTGCAGC,0,1,0
RPS9A,235,variant,AATACAAAAGAGCGGACGTATACAACATGCCAAGTACGTCGTTAATCTTCTCCTTTTAAGGGGTTGAGAATATTTTTATTAAAAAATCATACTTGCTATGATTTTGAGGATCGGGTCCTCATAAATATTTTGAAGAGCCTTTGTTGAATTTTTTTCTTTTCGTTTTGTTCAATAATGGACGGTTCTTCATAGAATACTTTTTTTTTCGGAGAAAACCTTTACACTGAACTCCCGACACTTCAGGTAAAGCGTTCCGAAGTAATTCCAGTTTAGAAGAGGAACATTTCCCCAGT,5
ATCAGTCAGCTA,23,3,0
TCAGACTATTTG,2,0,0
CGATTACGCACT,22,0,0
TATATCTTTTGT,19,0,0
TGCCATAAATTA,0,2,0
RPS9A,235,variant,AATACAAAAGAGCGGACGTATACAACATGCCAAGTACGTCGTTAATCTTCTCCTTTTAAGGGGTTGAGAATATTTTTATTAAAAAATCATACTTGCTATGATTTTGAGGATCGGGTCCTCATAAATATTTTGAAGAGCCTTTGTTGAATTTTTTTCTTTTCGTTTTGTTCAATAATGGACGGTTCTTCATAGAATACTTTTTTTTTCGGAGAAAACCTTTACACTGAACTCCCGACACTTCAGGTAAAGCGTTCCGAAGTAAGGGATTTTTAGAAGAGGAACATTTCCCCAGT,7
AGTTGCAGCGAA,0,1,0
AAGTACTGCTAC,0,2,0
AGCTACCGGAGT,48,0,0
TTTACCCAACGA,2,0,0
TTCGACACTCTA,2,15,0
AAAAGTGACTTT,0,0,0
TCATATATAAGC,0,3,0
RPS9A,235,variant,AATACAAAAGAGCGGACGTATACAACATGCCAAGTACGTCGTTAATCTTCTCCTTTTAAGGGGTTGAGAATATTTTTATTAAAAAATCATACTTGCTATGATTTTGAGGATCGGGTCCTCATAAATATTTTGAAGAGCCTTTGTTGAATTTTTTTCTTTTCGTTTTGTTCAATAATGGACGGTTCTTCATAGAATACTTTTTTTTTCGGAGAAAACCTTTACACTGAACTCCCGACACTTCAGGTAAAGCGTTCCGAAGTAACGCCGGTTTAGAAGAGGAACATTTCCCCAGT,3
TTGCTTTTTATC,0,1,0
TTGTTATTTCGA,1,2,0
CCTCTGCTAGCT,0,2,0
RPS9A,235,variant,AATACAAAAGAGCGGACGTATACAACATGCCAAGTACGTCGTTAATCTTCTCCTTTTAAGGGGTTGAGAATATTTTTATTAAAAAATCATACTTGCTATGATTTTGAGGATCGGGTCCTCATAAATATTTTGAAGAGCCTTTGTTGAATTTTTTTCTTTTCGTTTTGTTCAATAATGGACGGTTCTTCATAGAATACTTTTTTTTTCGGAGAAAACCTTTACACTGAACTCCCGACACTTCAGGTAAAGCGTTCCGAAGTAACTTTATTTTAGAAGAGGAACATTTCCCCAGT,1
GCTTTTCTTTAC,0,2,0
RPS9A,235,variant,AATACAAAAGAGCGGACGTATACAACATGCCAAGTACGTCGTTAATCTTCTCCTTTTAAGGGGTTGAGAATATTTTTATTAAAAAATCATACTTGCTATGATTTTGAGGATCGGGTCCTCATAAATATTTTGAAGAGCCTTTGTTGAATTTTTTTCTTTTCGTTTTGTTCAATAATGGACGGTTCTTCATAGAATACTTTTTTTTTCGGAGAAAACCTTTACACTGAACTCCCGACACTTCAGGTAAAGCGTTCCGAAGTAACGGTGGCTTAGAAGAGGAACATTTCCCCAGT,3
CGGGGTTCATGT,0,51,0
AGTTATATTGCT,212,1,1
CGGAGGACTGCT,26,1,0
RPS9A,235,variant,AATACAAAAGAGCGGACGTATACAACATGCCAAGTACGTCGTTAATCTTCTCCTTTTAAGGGGTTGAGAATATTTTTATTAAAAAATCATACTTGCTATGATTTTGAGGATCGGGTCCTCATAAATATTTTGAAGAGCCTTTGTTGAATTTTTTTCTTTTCGTTTTGTTCAATAATGGACGGTTCTTCATAGAATACTTTTTTTTTCGGAGAAAACCTTTACACTGAACTCCCGACACTTCAGGTAAAGCGTTCCGAAGTAACTAGGTCTTAGAAGAGGAACATTTCCCCAGT,2
TTTATGCGCCTG,0,0,0
GGATTTTCATAC,8,0,0
RPS9A,60,variant,AATACAAAAGAGCGGACGTATACAACATGCCAAGTACGTCGTTAATCTTCTCCTTTTAAGGGGTTGAGAATATTTTTATTAAAAAATCATACGGTCTATGATTTTGAGGATCGGGTCCTCATAAATATTTTGAAGAGCCTTTGTTGAATTTTTTTCTTTTCGTTTTGTTCAATAATGGACGGTTCTTCATAGAATACTTTTTTTTTCGGAGAAAACCTTTACACTGAACTCCCGACACTTCAGGTAAAGCGTTCCGAAGTAATTCAACATTAGAAGAGGAACATTTCCCCAGT,4
CCGGGGTACCAT,7,0,0
GGATTTCCACGT,31,2,0
AAAAGTTGTACT,1,1,0
TTCCATGAAGTC,21,2,0
RPS9A,60,variant,AATACAAAAGAGCGGACGTATACAACATGCCAAGTACGTCGTTAATCTTCTCCTTTTAAGGGGTTGAGAATATTTTTATTAAAAAATCATATTCCGTATGATTTTGAGGATCGGGTCCTCATAAATATTTTGAAGAGCCTTTGTTGAATTTTTTTCTTTTCGTTTTGTTCAATAATGGACGGTTCTTCATAGAATACTTTTTTTTTCGGAGAAAACCTTTACACTGAACTCCCGACACTTCAGGTAAAGCGTTCCGAAGTAATTCAACATTAGAAGAGGAACATTTCCCCAGT,2
GAGCAACTTTTT,40,0,0
TAGGATCCCTTA,31,0,1
RPS9A,60,variant,AATACAAAAGAGCGGACGTATACAACATGCCAAGTACGTCGTTAATCTTCTCCTTTTAAGGGGTTGAGAATATTTTTATTAAAAAATCATATCCTGTATGATTTTGAGGATCGGGTCCTCATAAATATTTTGAAGAGCCTTTGTTGAATTTTTTTCTTTTCGTTTTGTTCAATAATGGACGGTTCTTCATAGAATACTTTTTTTTTCGGAGAAAACCTTTACACTGAACTCCCGACACTTCAGGTAAAGCGTTCCGAAGTAATTCAACATTAGAAGAGGAACATTTCCCCAGT,0
RPS9A,60,variant,AATACAAAAGAGCGGACGTATACAACATGCCAAGTACGTCGTTAATCTTCTCCTTTTAAGGGGTTGAGAATATTTTTATTAAAAAATCATATGCCTTATGATTTTGAGGATCGGGTCCTCATAAATATTTTGAAGAGCCTTTGTTGAATTTTTTTCTTTTCGTTTTGTTCAATAATGGACGGTTCTTCATAGAATACTTTTTTTTTCGGAGAAAACCTTTACACTGAACTCCCGACACTTCAGGTAAAGCGTTCCGAAGTAATTCAACATTAGAAGAGGAACATTTCCCCAGT,1
ACAGTTTCCCGG,1,0,0
RPS9A,60,variant,AATACAAAAGAGCGGACGTATACAACATGCCAAGTACGTCGTTAATCTTCTCCTTTTAAGGGGTTGAGAATATTTTTATTAAAAAATCATACTGTCTATGATTTTGAGGATCGGGTCCTCATAAATATTTTGAAGAGCCTTTGTTGAATTTTTTTCTTTTCGTTTTGTTCAATAATGGACGGTTCTTCATAGAATACTTTTTTTTTCGGAGAAAACCTTTACACTGAACTCCCGACACTTCAGGTAAAGCGTTCCGAAGTAATTCAACATTAGAAGAGGAACATTTCCCCAGT,0
RPS9A,60,variant,AATACAAAAGAGCGGACGTATACAACATGCCAAGTACGTCGTTAATCTTCTCCTTTTAAGGGGTTGAGAATATTTTTATTAAAAAATCATACGTCTTATGATTTTGAGGATCGGGTCCTCATAAATATTTTGAAGAGCCTTTGTTGAATTTTTTTCTTTTCGTTTTGTTCAATAATGGACGGTTCTTCATAGAATACTTTTTTTTTCGGAGAAAACCTTTACACTGAACTCCCGACACTTCAGGTAAAGCGTTCCGAAGTAATTCAACATTAGAAGAGGAACATTTCCCCAGT,0
RPS9A,60,variant,AATACAAAAGAGCGGACGTATACAACATGCCAAGTACGTCGTTAATCTTCTCCTTTTAAGGGGTTGAGAATATTTTTATTAAAAAATCATATGTCCTATGATTTTGAGGATCGGGTCCTCATAAATATTTTGAAGAGCCTTTGTTGAATTTTTTTCTTTTCGTTTTGTTCAATAATGGACGGTTCTTCATAGAATACTTTTTTTTTCGGAGAAAACCTTTACACTGAACTCCCGACACTTCAGGTAAAGCGTTCCGAAGTAATTCAACATTAGAAGAGGAACATTTCCCCAGT,2
CATGTGTTACCG,74,0,1
CCCATTCAGTGG,2,0,0
RPS9A,60,variant,AATACAAAAGAGCGGACGTATACAACATGCCAAGTACGTCGTTAATCTTCTCCTTTTAAGGGGTTGAGAATATTTTTATTAAAAAATCATATCGTCTATGATTTTGAGGATCGGGTCCTCATAAATATTTTGAAGAGCCTTTGTTGAATTTTTTTCTTTTCGTTTTGTTCAATAATGGACGGTTCTTCATAGAATACTTTTTTTTTCGGAGAAAACCTTTACACTGAACTCCCGACACTTCAGGTAAAGCGTTCCGAAGTAATTCAACATTAGAAGAGGAACATTTCCCCAGT,0
RPS9A,100,variant,AATACAAAAGAGCGGACGTATACAACATGCCAAGTACGTCGTTAATCTTCTCCTTTTAAGGGGTTGAGAATATTTTTATTAAAAAATCATACTTGCTATGATTTTGAGGATCGGGTCCTCATAAATATTCCCGTGAGCCTTTGTTGAATTTTTTTCTTTTCGTTTTGTTCAATAATGGACGGTTCTTCATAGAATACTTTTTTTTTCGGAGAAAACCTTTACACTGAACTCCCGACACTTCAGGTAAAGCGTTCCGAAGTAATTCAACATTAGAAGAGGAACATTTCCCCAGT,4
GGGACAGGAGCA,139,1,2
GGGGCATATTTT,23,0,0
ACAGATATTAAT,146,1,3
AACACCAGCACT,95,1,2
RPS9A,100,variant,AATACAAAAGAGCGGACGTATACAACATGCCAAGTACGTCGTTAATCTTCTCCTTTTAAGGGGTTGAGAATATTTTTATTAAAAAATCATACTTGCTATGATTTTGAGGATCGGGTCCTCATAAATATTCCGGCGAGCCTTTGTTGAATTTTTTTCTTTTCGTTTTGTTCAATAATGGACGGTTCTTCATAGAATACTTTTTTTTTCGGAGAAAACCTTTACACTGAACTCCCGACACTTCAGGTAAAGCGTTCCGAAGTAATTCAACATTAGAAGAGGAACATTTCCCCAGT,1
TCTTCCCTTTGT,1,0,0
RPS9A,100,variant,AATACAAAAGAGCGGACGTATACAACATGCCAAGTACGTCGTTAATCTTCTCCTTTTAAGGGGTTGAGAATATTTTTATTAAAAAATCATACTTGCTATGATTTTGAGGATCGGGTCCTCATAAATATTCAAACGAGCCTTTGTTGAATTTTTTTCTTTTCGTTTTGTTCAATAATGGACGGTTCTTCATAGAATACTTTTTTTTTCGGAGAAAACCTTTACACTGAACTCCCGACACTTCAGGTAAAGCGTTCCGAAGTAATTCAACATTAGAAGAGGAACATTTCCCCAGT,3
TGTCTCTCTTCT,88,0,1
CACACCCACCTG,0,1,0
TTTTATGGTCAG,165,1,1
RPS9A,100,variant,AATACAAAAGAGCGGACGTATACAACATGCCAAGTACGTCGTTAATCTTCTCCTTTTAAGGGGTTGAGAATATTTTTATTAAAAAATCATACTTGCTATGATTTTGAGGATCGGGTCCTCATAAATATTTGCACGAGCCTTTGTTGAATTTTTTTCTTTTCGTTTTGTTCAATAATGGACGGTTCTTCATAGAATACTTTTTTTTTCGGAGAAAACCTTTACACTGAACTCCCGACACTTCAGGTAAAGCGTTCCGAAGTAATTCAACATTAGAAGAGGAACATTTCCCCAGT,5
TCTAGTGGTCTG,1,27,0
TTAGCGGTCTCG,12,1,1
TTGGGTACACCA,7,1,0
TGTTTTAAGGTG,0,2,0
TTGCACTAGCTC,13,1,0
RPS9A,100,variant,AATACAAAAGAGCGGACGTATACAACATGCCAAGTACGTCGTTAATCTTCTCCTTTTAAGGGGTTGAGAATATTTTTATTAAAAAATCATACTTGCTATGATTTTGAGGATCGGGTCCTCATAAATATTTGGCTGAGCCTTTGTTGAATTTTTTTCTTTTCGTTTTGTTCAATAATGGACGGTTCTTCATAGAATACTTTTTTTTTCGGAGAAAACCTTTACACTGAACTCCCGACACTTCAGGTAAAGCGTTCCGAAGTAATTCAACATTAGAAGAGGAACATTTCCCCAGT,0
RPS9A,100,variant,AATACAAAAGAGCGGACGTATACAACATGCCAAGTACGTCGTTAATCTTCTCCTTTTAAGGGGTTGAGAATATTTTTATTAAAAAATCATACTTGCTATGATTTTGAGGATCGGGTCCTCATAAATATTCGATCGAGCCTTTGTTGAATTTTTTTCTTTTCGTTTTGTTCAATAATGGACGGTTCTTCATAGAATACTTTTTTTTTCGGAGAAAACCTTTACACTGAACTCCCGACACTTCAGGTAAAGCGTTCCGAAGTAATTCAACATTAGAAGAGGAACATTTCCCCAGT,1
AAGCTTTTATGT,90,0,3
RPS9A,100,variant,AATACAAAAGAGCGGACGTATACAACATGCCAAGTACGTCGTTAATCTTCTCCTTTTAAGGGGTTGAGAATATTTTTATTAAAAAATCATACTTGCTATGATTTTGAGGATCGGGTCCTCATAAATATTTCGATGAGCCTTTGTTGAATTTTTTTCTTTTCGTTTTGTTCAATAATGGACGGTTCTTCATAGAATACTTTTTTTTTCGGAGAAAACCTTTACACTGAACTCCCGACACTTCAGGTAAAGCGTTCCGAAGTAATTCAACATTAGAAGAGGAACATTTCCCCAGT,5
TCCTCCTATTAT,189,0,6
CTTGTGTGGCCT,44,0,0
ACGTTCCGTCCA,185,1,0
TCTTTTCTTTGT,6,0,1
CATTTTATCCTT,2,7,0
RPS9A,100,variant,AATACAAAAGAGCGGACGTATACAACATGCCAAGTACGTCGTTAATCTTCTCCTTTTAAGGGGTTGAGAATATTTTTATTAAAAAATCATACTTGCTATGATTTTGAGGATCGGGTCCTCATAAATATTTCCATGAGCCTTTGTTGAATTTTTTTCTTTTCGTTTTGTTCAATAATGGACGGTTCTTCATAGAATACTTTTTTTTTCGGAGAAAACCTTTACACTGAACTCCCGACACTTCAGGTAAAGCGTTCCGAAGTAATTCAACATTAGAAGAGGAACATTTCCCCAGT,1
GACCTAGTAGAT,0,1,0
RPS9A,200,variant,AATACAAAAGAGCGGACGTATACAACATGCCAAGTACGTCGTTAATCTTCTCCTTTTAAGGGGTTGAGAATATTTTTATTAAAAAATCATACTTGCTATGATTTTGAGGATCGGGTCCTCATAAATATTTTGAAGAGCCTTTGTTGAATTTTTTTCTTTTCGTTTTGTTCAATAATGGACGGTTCTTCATAGAATACTTTTTTTTTCGGAGAAAACCTTTACACTGAAACATCGCCCCTTCAGGTAAAGCGTTCCGAAGTAATTCAACATTAGAAGAGGAACATTTCCCCAGT,7
TGGTTCGTAATG,39,3,0
TTTGGGTGGAGG,71,1,0
TACGAACTCCTT,106,0,1
TCCCCCAGTGTA,124,0,1
CCTTTTTACATA,41,190,1
TAGACTCGTTCG,239,1,1
TATTTTATGCTA,260,1,2
RPS9A,200,variant,AATACAAAAGAGCGGACGTATACAACATGCCAAGTACGTCGTTAATCTTCTCCTTTTAAGGGGTTGAGAATATTTTTATTAAAAAATCATACTTGCTATGATTTTGAGGATCGGGTCCTCATAAATATTTTGAAGAGCCTTTGTTGAATTTTTTTCTTTTCGTTTTGTTCAATAATGGACGGTTCTTCATAGAATACTTTTTTTTTCGGAGAAAACCTTTACACTGAACGCCCCCAATTTCAGGTAAAGCGTTCCGAAGTAATTCAACATTAGAAGAGGAACATTTCCCCAGT,6
AGTGCAAAACGT,20,1,0
TCGCGATGATTA,48,0,2
CCAATACTACTA,60,1,0
ACCGGTGCGACC,76,0,1
CAAAGACATAAT,27,0,0
TTAAGGTCCGTT,180,0,1
RPS9A,200,variant,AATACAAAAGAGCGGACGTATACAACATGCCAAGTACGTCGTTAATCTTCTCCTTTTAAGGGGTTGAGAATATTTTTATTAAAAAATCATACTTGCTATGATTTTGAGGATCGGGTCCTCATAAATATTTTGAAGAGCCTTTGTTGAATTTTTTTCTTTTCGTTTTGTTCAATAATGGACGGTTCTTCATAGAATACTTTTTTTTTCGGAGAAAACCTTTACACTGAATCCCTTTAACTTCAGGTAAAGCGTTCCGAAGTAATTCAACATTAGAAGAGGAACATTTCCCCAGT,14
TGTCCTCGCGCG,109,7,0
TTCAATAGCTTG,319,1,6
GTCTTCCATAAG,896,9,18
TTTGTGCCACAT,192,2,3
AGTATTAGGTGA,74,1,2
GGTTTCCCAGCC,419,1,12
GATCATAGTTGG,2,0,0
TCTCATCATTAG,311,5,4
AGTTAATGTTAA,5,0,0
TGTTGAAGCACA,250,4,1
AACCTGTTACAA,195,2,4
TGTAATCTAAAG,271,2,8
TGGTTGTATCAA,10,2,0
TTGTTTTTTCTT,55,0,4
RPS9A,200,variant,AATACAAAAGAGCGGACGTATACAACATGCCAAGTACGTCGTTAATCTTCTCCTTTTAAGGGGTTGAGAATATTTTTATTAAAAAATCATACTTGCTATGATTTTGAGGATCGGGTCCTCATAAATATTTTGAAGAGCCTTTGTTGAATTTTTTTCTTTTCGTTTTGTTCAATAATGGACGGTTCTTCATAGAATACTTTTTTTTTCGGAGAAAACCTTTACACTGAAAAGGTGGAGATTCAGGTAAAGCGTTCCGAAGTAATTCAACATTAGAAGAGGAACATTTCCCCAGT,6
TCCAGCCCTAGT,302,1,5
TTAACATTCTGG,133,2,0
GAAATTATCTAA,10,1,33
TCGTTTCCCTCG,173,2,4
AGCGCGTTACTG,55,1,0
TACTTCCCTGAT,97,1,3
RPS9A,200,variant,AATACAAAAGAGCGGACGTATACAACATGCCAAGTACGTCGTTAATCTTCTCCTTTTAAGGGGTTGAGAATATTTTTATTAAAAAATCATACTTGCTATGATTTTGAGGATCGGGTCCTCATAAATATTTTGAAGAGCCTTTGTTGAATTTTTTTCTTTTCGTTTTGTTCAATAATGGACGGTTCTTCATAGAATACTTTTTTTTTCGGAGAAAACCTTTACACTGAATATATTCTTCTTCAGGTAAAGCGTTCCGAAGTAATTCAACATTAGAAGAGGAACATTTCCCCAGT,4
ACAGGATATGTT,126,0,2
CTAAAACTTATA,1,0,1
CCCTTTTACTAC,152,0,2
GATCCGTTGATG,165,3,3
RPS9A,200,variant,AATACAAAAGAGCGGACGTATACAACATGCCAAGTACGTCGTTAATCTTCTCCTTTTAAGGGGTTGAGAATATTTTTATTAAAAAATCATACTTGCTATGATTTTGAGGATCGGGTCCTCATAAATATTTTGAAGAGCCTTTGTTGAATTTTTTTCTTTTCGTTTTGTTCAATAATGGACGGTTCTTCATAGAATACTTTTTTTTTCGGAGAAAACCTTTACACTGAAAATTCAGCAGTTCAGGTAAAGCGTTCCGAAGTAATTCAACATTAGAAGAGGAACATTTCCCCAGT,8
CGCACATGACTA,69,5,0
CCTTGCGCTACC,356,0,5
GGTTGTTCAACT,399,0,13
TAGTCCATTGTG,92,0,1
ATATATCTGTTT,611,6,13
CTGCTTGATTCT,101,1,1
GATTATTATGGT,255,1,1
CATAGCTTTGTC,59,0,1
RPS9A,200,variant,AATACAAAAGAGCGGACGTATACAACATGCCAAGTACGTCGTTAATCTTCTCCTTTTAAGGGGTTGAGAATATTTTTATTAAAAAATCATACTTGCTATGATTTTGAGGATCGGGTCCTCATAAATATTTTGAAGAGCCTTTGTTGAATTTTTTTCTTTTCGTTTTGTTCAATAATGGACGGTTCTTCATAGAATACTTTTTTTTTCGGAGAAAACCTTTACACTGAACAGGGTCGTTTTCAGGTAAAGCGTTCCGAAGTAATTCAACATTAGAAGAGGAACATTTCCCCAGT,4
GTCCCGACGTTG,291,3,5
GCGGTGATTTTG,56,1,0
TGTAGATTTCTT,69,0,0
GTTAGGTGCCTT,211,0,7
RPS9A,200,variant,AATACAAAAGAGCGGACGTATACAACATGCCAAGTACGTCGTTAATCTTCTCCTTTTAAGGGGTTGAGAATATTTTTATTAAAAAATCATACTTGCTATGATTTTGAGGATCGGGTCCTCATAAATATTTTGAAGAGCCTTTGTTGAATTTTTTTCTTTTCGTTTTGTTCAATAATGGACGGTTCTTCATAGAATACTTTTTTTTTCGGAGAAAACCTTTACACTGAACAAGAGACACTTCAGGTAAAGCGTTCCGAAGTAATTCAACATTAGAAGAGGAACATTTCCCCAGT,5
TCTCACTTAAGG,45,1,1
AAAGCTATTTAT,234,2,0
CATGAGCTCACG,165,2,0
GTAAAGTTGAGT,724,2,14
TTGACCCGTTAA,254,5,2
